id_mhs,angkatan,jenis_kelamin,ip,ipk,total_sks,jumlah_mk,sks_seharusnya,selisih_sks,prediksi,prob_tepat_waktu,prob_terlambat
MHS003664,2023,,2.71,2.33,96,39,135,-39,Tepat Waktu,1.0,0.0
MHS010549,2023,,2.9,2.42,100,42,135,-35,Tepat Waktu,1.0,0.0
MHS000021,2021,,1.25,1.14,97,39,144,-47,Terlambat,0.0005,0.9995
MHS000346,2021,,3.12,3.12,150,56,144,6,Terlambat,0.16,0.84
MHS002316,2024,,2.29,2.09,59,24,95,-36,Tepat Waktu,1.0,0.0
MHS002611,2021,,1.87,1.88,155,59,144,11,Terlambat,0.0,1.0
MHS002655,2024,,2.36,2.36,57,24,95,-38,Tepat Waktu,1.0,0.0
MHS002872,2023,,3.14,3.14,110,42,135,-25,Tepat Waktu,1.0,0.0
MHS003604,2022,,2.56,2.56,140,57,144,-4,Terlambat,0.0,1.0
MHS003717,2023,,2.42,2.0,93,35,135,-42,Tepat Waktu,1.0,0.0
MHS003803,2024,,2.64,2.65,56,21,95,-39,Tepat Waktu,1.0,0.0
MHS004947,2024,,2.53,2.43,59,26,95,-36,Tepat Waktu,1.0,0.0
MHS004997,2024,,2.56,2.35,56,21,95,-39,Tepat Waktu,1.0,0.0
MHS005418,2024,,2.59,2.3,57,25,95,-38,Tepat Waktu,1.0,0.0
MHS005695,2024,,2.5,2.26,60,25,95,-35,Tepat Waktu,1.0,0.0
MHS000040,2020,,1.92,2.01,139,49,144,-5,Terlambat,0.0,1.0
MHS000054,2021,,2.97,2.97,146,56,144,2,Terlambat,0.0355,0.9645
MHS000168,2023,,2.58,2.59,104,39,135,-31,Tepat Waktu,1.0,0.0
MHS000893,2021,,3.15,3.15,150,62,144,6,Terlambat,0.3125,0.6875
MHS003188,2024,,2.46,2.46,58,25,95,-37,Tepat Waktu,1.0,0.0
MHS004716,2024,,3.52,3.42,38,14,95,-57,Tepat Waktu,1.0,0.0
MHS005030,2024,,2.57,1.83,57,23,95,-38,Tepat Waktu,1.0,0.0
MHS000361,2023,,3.71,3.72,36,13,135,-99,Tepat Waktu,1.0,0.0
MHS000378,2019,,2.51,2.51,144,54,144,0,Terlambat,0.0,1.0
MHS000578,2024,,1.88,1.91,58,23,95,-37,Tepat Waktu,1.0,0.0
MHS000928,2020,,2.31,2.15,163,60,144,19,Terlambat,0.0,1.0
MHS000986,2021,,2.77,2.77,150,61,144,6,Terlambat,0.0025,0.9975
MHS001831,2020,,2.66,2.62,154,59,144,10,Terlambat,0.0002,0.9998
MHS001899,2023,,2.79,2.79,107,43,135,-28,Tepat Waktu,1.0,0.0
MHS002166,2024,,2.45,2.45,58,23,95,-37,Tepat Waktu,1.0,0.0
MHS003610,2024,,1.42,1.95,54,21,95,-41,Tepat Waktu,1.0,0.0
MHS003972,2024,,2.49,2.49,56,21,95,-39,Tepat Waktu,1.0,0.0
MHS004168,2022,,2.33,2.31,135,53,144,-9,Terlambat,0.0,1.0
MHS004583,2023,,2.9,2.9,108,51,135,-27,Tepat Waktu,1.0,0.0
MHS004991,2024,,2.72,2.7,54,19,95,-41,Tepat Waktu,1.0,0.0
MHS005156,2024,,2.47,1.83,60,22,95,-35,Tepat Waktu,1.0,0.0
MHS005486,2024,,2.57,1.8,56,24,95,-39,Tepat Waktu,1.0,0.0
MHS000036,2021,,3.28,3.28,145,59,144,1,Tepat Waktu,0.5787,0.4213
MHS000841,2024,,0.67,0.7,58,25,95,-37,Tepat Waktu,1.0,0.0
MHS001158,2021,,2.76,2.76,153,61,144,9,Terlambat,0.0036,0.9964
MHS001794,2023,,2.69,2.69,102,40,135,-33,Tepat Waktu,1.0,0.0
MHS001901,2023,,2.69,2.69,104,40,135,-31,Tepat Waktu,1.0,0.0
MHS003850,2024,,2.66,2.66,57,25,95,-38,Tepat Waktu,1.0,0.0
MHS004966,2024,,2.55,2.2,56,21,95,-39,Tepat Waktu,1.0,0.0
MHS005378,2024,,2.64,2.08,58,23,95,-37,Tepat Waktu,1.0,0.0
MHS005436,2023,,3.05,3.04,101,39,135,-34,Tepat Waktu,1.0,0.0
MHS000049,2019,,2.14,2.14,147,53,144,3,Terlambat,0.0,1.0
MHS000276,2024,,2.27,2.27,60,24,95,-35,Tepat Waktu,1.0,0.0
MHS001770,2024,,2.45,2.45,59,24,95,-36,Tepat Waktu,1.0,0.0
MHS001852,2020,,1.72,1.68,155,63,144,11,Terlambat,0.0,1.0
MHS002081,2023,,2.39,2.39,102,38,135,-33,Tepat Waktu,1.0,0.0
MHS004077,2023,,2.63,2.62,104,49,135,-31,Tepat Waktu,1.0,0.0
MHS004485,2023,,2.71,2.71,102,39,135,-33,Tepat Waktu,1.0,0.0
MHS005467,2023,,2.79,2.79,107,37,135,-28,Tepat Waktu,1.0,0.0
MHS000285,2021,,2.12,2.21,110,44,144,-34,Tepat Waktu,0.9991,0.0009
MHS000927,2024,,1.8,1.9,56,25,95,-39,Tepat Waktu,1.0,0.0
MHS001082,2024,,2.32,2.19,55,23,95,-40,Tepat Waktu,1.0,0.0
MHS001987,2023,,3.33,3.33,106,40,135,-29,Tepat Waktu,1.0,0.0
MHS002195,2024,,2.37,1.97,55,23,95,-40,Tepat Waktu,1.0,0.0
MHS002200,2019,,1.62,1.36,157,61,144,13,Terlambat,0.0,1.0
MHS003344,2022,,3.67,3.67,141,54,144,-3,Tepat Waktu,0.8499,0.1501
MHS003522,2023,,2.8,2.8,104,41,135,-31,Tepat Waktu,1.0,0.0
MHS004084,2024,,2.47,2.46,59,26,95,-36,Tepat Waktu,1.0,0.0
MHS005157,2022,,2.57,2.26,137,54,144,-7,Terlambat,0.0,1.0
MHS005776,2023,,3.2,1.04,63,24,135,-72,Tepat Waktu,1.0,0.0
MHS000023,2019,,1.98,1.98,146,61,144,2,Terlambat,0.0,1.0
MHS000458,2023,,2.53,2.54,102,38,135,-33,Tepat Waktu,1.0,0.0
MHS001218,2024,,2.22,2.22,60,24,95,-35,Tepat Waktu,1.0,0.0
MHS001460,2024,,2.37,2.37,59,25,95,-36,Tepat Waktu,1.0,0.0
MHS001606,2020,,1.95,1.96,150,59,144,6,Terlambat,0.0,1.0
MHS001908,2022,,3.47,3.47,142,56,144,-2,Tepat Waktu,0.7993,0.2007
MHS001985,2020,,2.46,2.47,155,64,144,11,Terlambat,0.0,1.0
MHS001989,2023,,2.5,2.51,101,40,135,-34,Tepat Waktu,1.0,0.0
MHS002172,2023,,2.55,2.55,106,42,135,-29,Tepat Waktu,1.0,0.0
MHS002938,2023,,2.38,2.37,98,38,135,-37,Tepat Waktu,1.0,0.0
MHS004066,2022,,2.78,2.74,139,53,144,-5,Terlambat,0.002,0.998
MHS006023,2024,,2.72,2.26,58,24,95,-37,Tepat Waktu,1.0,0.0
MHS000636,2023,,1.98,2.12,94,35,135,-41,Tepat Waktu,1.0,0.0
MHS001376,2022,,2.61,2.44,119,49,144,-25,Tepat Waktu,0.9707,0.0293
MHS002115,2023,,2.44,2.46,104,43,135,-31,Tepat Waktu,1.0,0.0
MHS002639,2024,,2.47,2.47,58,25,95,-37,Tepat Waktu,1.0,0.0
MHS002649,2024,,2.56,2.57,58,25,95,-37,Tepat Waktu,1.0,0.0
MHS004686,2024,,2.53,2.43,58,23,95,-37,Tepat Waktu,1.0,0.0
MHS006088,2023,,2.67,2.35,97,36,135,-38,Tepat Waktu,1.0,0.0
MHS000233,2019,,3.01,3.01,148,59,144,4,Terlambat,0.0383,0.9617
MHS000293,2021,,3.34,3.34,145,55,144,1,Tepat Waktu,0.66,0.34
MHS000794,2021,,2.68,2.68,153,60,144,9,Terlambat,0.0007,0.9993
MHS000878,2024,,2.11,2.15,59,25,95,-36,Tepat Waktu,1.0,0.0
MHS001366,2020,,2.68,2.68,151,54,144,7,Terlambat,0.0004,0.9996
MHS002015,2024,,2.77,2.77,60,24,95,-35,Tepat Waktu,1.0,0.0
MHS003304,2023,,2.53,1.97,74,29,135,-61,Tepat Waktu,1.0,0.0
MHS003329,2024,,2.58,2.58,57,22,95,-38,Tepat Waktu,1.0,0.0
MHS003834,2023,,2.51,2.5,106,39,135,-29,Tepat Waktu,1.0,0.0
MHS004051,2023,,2.43,2.43,103,35,135,-32,Tepat Waktu,1.0,0.0
MHS004878,2023,,2.51,1.89,94,37,135,-41,Tepat Waktu,1.0,0.0
MHS006016,2024,,2.58,2.58,60,25,95,-35,Tepat Waktu,1.0,0.0
MHS000034,2021,,2.75,2.75,146,61,144,2,Terlambat,0.0015,0.9985
MHS000132,2022,,1.47,1.49,56,18,144,-88,Tepat Waktu,1.0,0.0
MHS000245,2020,,2.3,2.3,147,64,144,3,Terlambat,0.0,1.0
MHS000302,2023,,2.07,1.74,55,20,135,-80,Tepat Waktu,1.0,0.0
MHS000466,2023,,2.28,1.32,95,42,135,-40,Tepat Waktu,0.9997,0.0002
MHS001031,2019,,1.97,1.99,152,60,144,8,Terlambat,0.0,1.0
MHS001116,2023,,2.48,2.47,102,38,135,-33,Tepat Waktu,1.0,0.0
MHS002477,2024,,2.47,2.47,58,25,95,-37,Tepat Waktu,1.0,0.0
MHS002692,2023,,2.43,1.94,94,35,135,-41,Tepat Waktu,1.0,0.0
MHS002864,2024,,2.26,2.2,60,22,95,-35,Tepat Waktu,1.0,0.0
MHS003433,2023,,2.56,2.11,90,34,135,-45,Tepat Waktu,1.0,0.0
MHS003485,2024,,2.43,2.23,56,21,95,-39,Tepat Waktu,1.0,0.0
MHS003648,2024,,2.56,2.19,61,28,95,-34,Tepat Waktu,1.0,0.0
MHS004090,2024,,2.46,2.26,56,21,95,-39,Tepat Waktu,1.0,0.0
MHS005092,2023,,2.8,2.79,105,39,135,-30,Tepat Waktu,1.0,0.0
MHS005571,2024,,2.75,2.5,54,19,95,-41,Tepat Waktu,1.0,0.0
MHS000010,2021,,2.51,2.51,145,54,144,1,Terlambat,0.0,1.0
MHS001289,2023,,2.65,2.66,103,39,135,-32,Tepat Waktu,1.0,0.0
MHS001302,2022,,3.06,2.84,80,31,144,-64,Tepat Waktu,1.0,0.0
MHS001878,2023,,1.52,1.52,94,34,135,-41,Tepat Waktu,0.9992,0.0008
MHS002637,2023,,2.66,2.66,105,36,135,-30,Tepat Waktu,1.0,0.0
MHS003155,2024,,2.49,2.49,59,24,95,-36,Tepat Waktu,1.0,0.0
MHS003353,2023,,2.4,2.42,98,38,135,-37,Tepat Waktu,1.0,0.0
MHS004482,2024,,2.67,2.67,57,22,95,-38,Tepat Waktu,1.0,0.0
MHS004705,2023,,2.67,2.67,105,46,135,-30,Tepat Waktu,1.0,0.0
MHS004781,2023,,2.72,2.7,103,40,135,-32,Tepat Waktu,1.0,0.0
MHS005282,2024,,2.64,2.1,58,23,95,-37,Tepat Waktu,1.0,0.0
MHS005422,2024,,2.6,1.78,55,21,95,-40,Tepat Waktu,1.0,0.0
MHS006028,2024,,2.72,2.26,58,24,95,-37,Tepat Waktu,1.0,0.0
MHS000235,2024,,2.26,2.26,59,25,95,-36,Tepat Waktu,1.0,0.0
MHS001057,2021,,3.07,3.07,150,62,144,6,Terlambat,0.1545,0.8455
MHS001208,2020,,2.27,2.26,156,59,144,12,Terlambat,0.0,1.0
MHS002287,2024,,2.52,2.52,58,23,95,-37,Tepat Waktu,1.0,0.0
MHS002546,2023,,2.34,2.34,99,40,135,-36,Tepat Waktu,1.0,0.0
MHS002664,2024,,2.39,2.01,56,25,95,-39,Tepat Waktu,1.0,0.0
MHS003268,2022,,2.74,2.72,139,55,144,-5,Terlambat,0.0016,0.9984
MHS003412,2023,,2.43,2.43,99,40,135,-36,Tepat Waktu,1.0,0.0
MHS003888,2023,,2.73,2.2,96,39,135,-39,Tepat Waktu,1.0,0.0
MHS004015,2022,,2.44,2.4,138,55,144,-6,Terlambat,0.0,1.0
MHS004149,2024,,2.43,2.09,60,25,95,-35,Tepat Waktu,1.0,0.0
MHS004402,2023,,2.55,2.49,99,40,135,-36,Tepat Waktu,1.0,0.0
MHS000064,2021,,1.59,1.54,99,37,144,-45,Tepat Waktu,0.9988,0.0012
MHS000139,2020,,2.54,2.54,147,55,144,3,Terlambat,0.0,1.0
MHS000161,2020,,2.64,2.64,144,56,144,0,Terlambat,0.0001,0.9999
MHS000264,2020,,2.57,2.57,145,57,144,1,Terlambat,0.0,1.0
MHS000555,2020,,2.43,2.43,149,59,144,5,Terlambat,0.0,1.0
MHS000693,2020,,1.98,1.97,141,58,144,-3,Terlambat,0.0,1.0
MHS000764,2023,,2.49,2.49,102,38,135,-33,Tepat Waktu,1.0,0.0
MHS001248,2023,,2.47,1.91,96,36,135,-39,Tepat Waktu,1.0,0.0
MHS001905,2022,,2.61,2.61,137,56,144,-7,Terlambat,0.0002,0.9998
MHS002014,2024,,2.39,2.39,59,24,95,-36,Tepat Waktu,1.0,0.0
MHS003298,2022,,2.86,2.86,119,49,144,-25,Tepat Waktu,0.9999,0.0001
MHS003694,2024,,2.44,2.31,56,21,95,-39,Tepat Waktu,1.0,0.0
MHS004094,2024,,2.48,2.11,58,24,95,-37,Tepat Waktu,1.0,0.0
MHS004399,2023,,2.56,2.57,104,40,135,-31,Tepat Waktu,1.0,0.0
MHS004658,2020,,2.06,1.85,87,34,144,-57,Tepat Waktu,1.0,0.0
MHS005992,2024,,2.6,1.96,56,21,95,-39,Tepat Waktu,1.0,0.0
MHS006031,2024,,2.53,2.16,60,25,95,-35,Tepat Waktu,1.0,0.0
MHS000136,2022,,3.21,3.21,100,39,144,-44,Tepat Waktu,1.0,0.0
MHS000275,2019,,2.26,2.26,145,57,144,1,Terlambat,0.0,1.0
MHS000409,2020,,2.81,2.82,140,55,144,-4,Terlambat,0.0057,0.9943
MHS000955,2019,,2.6,2.6,149,58,144,5,Terlambat,0.0,1.0
MHS001008,2023,,2.31,2.31,99,39,135,-36,Tepat Waktu,1.0,0.0
MHS001140,2024,,2.14,2.19,57,24,95,-38,Tepat Waktu,1.0,0.0
MHS001316,2022,,2.92,2.92,143,54,144,-1,Terlambat,0.0112,0.9888
MHS001793,2023,,2.87,2.87,103,49,135,-32,Tepat Waktu,1.0,0.0
MHS002374,2024,,2.46,2.46,59,24,95,-36,Tepat Waktu,1.0,0.0
MHS003033,2023,,2.79,2.79,102,39,135,-33,Tepat Waktu,1.0,0.0
MHS003415,2023,,2.61,2.6,103,46,135,-32,Tepat Waktu,1.0,0.0
MHS003475,2024,,2.4,2.29,58,24,95,-37,Tepat Waktu,1.0,0.0
MHS003691,2023,,2.85,2.86,105,41,135,-30,Tepat Waktu,1.0,0.0
MHS003912,2024,,2.42,2.2,60,22,95,-35,Tepat Waktu,1.0,0.0
MHS004293,2022,,2.79,1.74,116,44,144,-28,Terlambat,0.1332,0.8668
MHS004635,2022,,3.35,3.36,143,54,144,-1,Tepat Waktu,0.6591,0.3409
MHS005889,2023,,2.22,2.21,104,39,135,-31,Tepat Waktu,1.0,0.0
MHS005931,2023,,2.61,1.96,94,35,135,-41,Tepat Waktu,1.0,0.0
MHS005993,2024,,2.5,2.29,60,25,95,-35,Tepat Waktu,1.0,0.0
MHS000096,2023,,2.11,2.14,56,22,135,-79,Tepat Waktu,1.0,0.0
MHS000123,2021,,2.48,2.48,144,54,144,0,Terlambat,0.0,1.0
MHS000303,2021,,3.13,3.13,144,55,144,0,Terlambat,0.2448,0.7552
MHS001130,2024,,2.56,2.57,60,24,95,-35,Tepat Waktu,1.0,0.0
MHS001260,2024,,2.34,2.34,59,25,95,-36,Tepat Waktu,1.0,0.0
MHS001611,2020,,2.73,2.73,150,58,144,6,Terlambat,0.0009,0.9991
MHS001759,2024,,2.29,2.27,56,25,95,-39,Tepat Waktu,1.0,0.0
MHS002164,2023,,2.5,2.5,102,38,135,-33,Tepat Waktu,1.0,0.0
MHS002375,2022,,2.41,2.42,138,55,144,-6,Terlambat,0.0,1.0
MHS002405,2024,,2.57,2.57,58,25,95,-37,Tepat Waktu,1.0,0.0
MHS002439,2024,,2.61,2.61,60,26,95,-35,Tepat Waktu,1.0,0.0
MHS002594,2023,,2.72,2.7,103,41,135,-32,Tepat Waktu,1.0,0.0
MHS002883,2023,,2.49,2.48,101,41,135,-34,Tepat Waktu,1.0,0.0
MHS003712,2024,,2.53,2.52,59,26,95,-36,Tepat Waktu,1.0,0.0
MHS004971,2024,,1.17,1.82,60,22,95,-35,Tepat Waktu,1.0,0.0
MHS005151,2023,,2.67,2.67,99,43,135,-36,Tepat Waktu,1.0,0.0
MHS005972,2023,,2.79,2.8,108,51,135,-27,Tepat Waktu,1.0,0.0
MHS000091,2023,,2.62,2.62,101,41,135,-34,Tepat Waktu,1.0,0.0
MHS000190,2020,,2.75,2.75,146,55,144,2,Terlambat,0.0007,0.9993
MHS000953,2023,,2.25,2.27,99,39,135,-36,Tepat Waktu,1.0,0.0
MHS000975,2024,,2.4,2.4,57,24,95,-38,Tepat Waktu,1.0,0.0
MHS001023,2024,,2.17,2.13,58,23,95,-37,Tepat Waktu,1.0,0.0
MHS001055,2023,,2.34,2.3,98,36,135,-37,Tepat Waktu,1.0,0.0
MHS001322,2024,,2.25,2.24,58,23,95,-37,Tepat Waktu,1.0,0.0
MHS001462,2023,,2.5,2.49,104,41,135,-31,Tepat Waktu,1.0,0.0
MHS001632,2022,,2.62,2.65,136,56,144,-8,Terlambat,0.0005,0.9995
MHS001873,2020,,2.58,2.59,153,58,144,9,Terlambat,0.0001,0.9999
MHS002034,2019,,2.28,2.28,153,59,144,9,Terlambat,0.0,1.0
MHS003071,2023,,2.4,2.06,97,39,135,-38,Tepat Waktu,1.0,0.0
MHS003118,2022,,2.33,2.12,129,52,144,-15,Terlambat,0.0,1.0
MHS004566,2024,,2.46,2.26,60,25,95,-35,Tepat Waktu,1.0,0.0
MHS005119,2022,,2.25,2.24,139,51,144,-5,Terlambat,0.0,1.0
MHS005417,2024,,2.6,2.26,59,22,95,-36,Tepat Waktu,1.0,0.0
MHS000014,2022,,2.06,2.05,56,22,144,-88,Tepat Waktu,1.0,0.0
MHS001281,2022,,2.41,2.39,140,55,144,-4,Terlambat,0.0,1.0
MHS002211,2024,,1.75,1.9,62,23,95,-33,Tepat Waktu,1.0,0.0
MHS002669,2023,,1.35,1.7,86,34,135,-49,Tepat Waktu,1.0,0.0
MHS003105,2023,,2.87,2.87,106,44,135,-29,Tepat Waktu,1.0,0.0
MHS003227,2024,,2.37,2.36,57,22,95,-38,Tepat Waktu,1.0,0.0
MHS003531,2022,,2.13,2.3,115,45,144,-29,Tepat Waktu,0.8344,0.1656
MHS004736,2024,,1.68,1.95,59,27,95,-36,Tepat Waktu,1.0,0.0
MHS004941,2023,,2.36,2.35,102,38,135,-33,Tepat Waktu,1.0,0.0
MHS005431,2019,,3.38,1.96,181,75,144,37,Tepat Waktu,1.0,0.0
MHS000872,2023,,2.43,2.43,102,38,135,-33,Tepat Waktu,1.0,0.0
MHS000901,2024,,1.97,1.94,56,25,95,-39,Tepat Waktu,1.0,0.0
MHS001693,2021,,3.2,3.13,40,15,144,-104,Tepat Waktu,1.0,0.0
MHS002515,2022,,2.67,2.67,141,55,144,-3,Terlambat,0.0003,0.9997
MHS004194,2024,,2.51,2.36,62,23,95,-33,Tepat Waktu,1.0,0.0
MHS004937,2024,,2.67,2.65,56,21,95,-39,Tepat Waktu,1.0,0.0
MHS005095,2022,,3.22,3.23,135,58,144,-9,Tepat Waktu,0.8314,0.1686
MHS005766,2022,,3.46,3.47,143,58,144,-1,Tepat Waktu,0.6952,0.3048
MHS000188,2022,,2.85,2.85,57,22,144,-87,Tepat Waktu,1.0,0.0
MHS000757,2020,,2.38,2.37,153,61,144,9,Terlambat,0.0,1.0
MHS001280,2022,,2.43,2.12,128,51,144,-16,Terlambat,0.0,1.0
MHS001660,2020,,2.53,2.55,156,61,144,12,Terlambat,0.0001,0.9999
MHS001919,2024,,2.3,2.29,57,24,95,-38,Tepat Waktu,1.0,0.0
MHS001937,2024,,2.28,2.28,59,24,95,-36,Tepat Waktu,1.0,0.0
MHS002411,2023,,2.63,2.63,103,46,135,-32,Tepat Waktu,1.0,0.0
MHS002501,2024,,1.8,1.83,57,24,95,-38,Tepat Waktu,1.0,0.0
MHS002752,2023,,2.36,2.36,104,38,135,-31,Tepat Waktu,1.0,0.0
MHS002844,2021,,2.88,2.88,155,59,144,11,Terlambat,0.0357,0.9643
MHS003713,2022,,3.06,3.07,141,57,144,-3,Terlambat,0.1006,0.8994
MHS004729,2024,,2.51,2.32,56,21,95,-39,Tepat Waktu,1.0,0.0
MHS000111,2021,,3.3,3.3,148,61,144,4,Tepat Waktu,0.5633,0.4367
MHS000179,2020,,2.52,2.52,148,57,144,4,Terlambat,0.0,1.0
MHS000568,2020,,2.53,2.52,152,55,144,8,Terlambat,0.0,1.0
MHS000932,2021,,2.25,2.25,151,59,144,7,Terlambat,0.0,1.0
MHS001211,2021,,2.26,2.24,161,65,144,17,Terlambat,0.0,1.0
MHS002823,2024,,2.47,2.46,59,24,95,-36,Tepat Waktu,1.0,0.0
MHS003056,2024,,2.42,2.42,58,25,95,-37,Tepat Waktu,1.0,0.0
MHS005188,2024,,2.62,2.62,58,23,95,-37,Tepat Waktu,1.0,0.0
MHS005317,2024,,2.64,2.31,58,23,95,-37,Tepat Waktu,1.0,0.0
MHS000236,2020,,2.22,2.22,145,59,144,1,Terlambat,0.0,1.0
MHS000438,2019,,3.12,3.12,144,59,144,0,Terlambat,0.2112,0.7888
MHS000478,2024,,2.32,2.31,58,23,95,-37,Tepat Waktu,1.0,0.0
MHS000480,2019,,2.32,2.32,150,56,144,6,Terlambat,0.0,1.0
MHS000993,2024,,2.3,2.29,57,24,95,-38,Tepat Waktu,1.0,0.0
MHS001310,2023,,3.08,3.08,104,39,135,-31,Tepat Waktu,1.0,0.0
MHS002598,2021,,2.67,2.67,155,59,144,11,Terlambat,0.0009,0.9991
MHS002677,2022,,3.69,3.7,128,48,144,-16,Tepat Waktu,0.9999,0.0001
MHS003096,2023,,2.44,2.41,101,34,135,-34,Tepat Waktu,1.0,0.0
MHS003422,2022,,2.61,2.51,136,55,144,-8,Terlambat,0.0001,0.9999
MHS003670,2020,,2.19,1.55,123,47,144,-21,Terlambat,0.0,1.0
MHS004085,2023,,2.78,2.78,107,41,135,-28,Tepat Waktu,1.0,0.0
MHS004602,2023,,3.05,3.05,101,39,135,-34,Tepat Waktu,1.0,0.0
MHS000183,2020,,2.72,2.72,142,60,144,-2,Terlambat,0.0012,0.9988
MHS000295,2022,,1.8,1.8,56,24,144,-88,Tepat Waktu,1.0,0.0
MHS000297,2020,,2.48,2.48,150,61,144,6,Terlambat,0.0,1.0
MHS000358,2020,,2.66,2.66,149,56,144,5,Terlambat,0.0001,0.9999
MHS000624,2022,,2.33,2.28,132,49,144,-12,Terlambat,0.0,1.0
MHS000848,2023,,2.74,2.74,104,39,135,-31,Tepat Waktu,1.0,0.0
MHS001073,2022,,2.61,2.61,142,58,144,-2,Terlambat,0.0001,0.9999
MHS001638,2022,,2.47,2.46,136,52,144,-8,Terlambat,0.0,1.0
MHS002176,2024,,2.7,2.7,60,26,95,-35,Tepat Waktu,1.0,0.0
MHS002491,2024,,2.57,2.57,58,24,95,-37,Tepat Waktu,1.0,0.0
MHS003311,2022,,2.83,2.83,141,57,144,-3,Terlambat,0.0036,0.9964
MHS003845,2023,,2.87,2.87,101,39,135,-34,Tepat Waktu,1.0,0.0
MHS004329,2024,,2.5,2.48,59,26,95,-36,Tepat Waktu,1.0,0.0
MHS001204,2022,,2.56,2.57,136,55,144,-8,Terlambat,0.0002,0.9998
MHS002717,2023,,2.82,2.82,107,41,135,-28,Tepat Waktu,1.0,0.0
MHS004364,2024,,2.5,2.24,58,24,95,-37,Tepat Waktu,1.0,0.0
MHS004726,2022,,2.79,2.58,136,54,144,-8,Terlambat,0.0016,0.9984
MHS004816,2023,,2.61,2.61,105,46,135,-30,Tepat Waktu,1.0,0.0
MHS004821,2022,,3.32,3.32,142,50,144,-2,Tepat Waktu,0.7545,0.2455
MHS005984,2022,,3.53,3.54,141,54,144,-3,Tepat Waktu,0.8708,0.1292
MHS000125,2021,,2.81,2.81,145,55,144,1,Terlambat,0.0032,0.9968
MHS000254,2024,,2.25,2.24,58,23,95,-37,Tepat Waktu,1.0,0.0
MHS000300,2021,,2.64,2.68,132,51,144,-12,Terlambat,0.0191,0.9809
MHS000769,2024,,2.19,2.2,59,25,95,-36,Tepat Waktu,1.0,0.0
MHS001501,2019,,2.31,1.43,160,61,144,16,Terlambat,0.0,1.0
MHS001508,2023,,2.9,2.9,107,40,135,-28,Tepat Waktu,1.0,0.0
MHS001650,2024,,2.28,2.2,59,23,95,-36,Tepat Waktu,1.0,0.0
MHS001928,2023,,2.63,2.06,96,38,135,-39,Tepat Waktu,1.0,0.0
MHS001947,2022,,2.39,2.13,126,45,144,-18,Terlambat,0.0002,0.9998
MHS002347,2023,,2.54,2.53,104,43,135,-31,Tepat Waktu,1.0,0.0
MHS002443,2024,,1.78,1.79,58,25,95,-37,Tepat Waktu,1.0,0.0
MHS002845,2024,,1.81,1.96,60,22,95,-35,Tepat Waktu,1.0,0.0
MHS002995,2019,,1.97,1.14,133,52,144,-11,Terlambat,0.0,1.0
MHS003066,2023,,2.52,2.52,98,38,135,-37,Tepat Waktu,1.0,0.0
MHS003857,2024,,2.47,2.18,57,22,95,-38,Tepat Waktu,1.0,0.0
MHS004634,2024,,2.51,2.5,59,26,95,-36,Tepat Waktu,1.0,0.0
MHS004920,2024,,2.54,2.15,57,22,95,-38,Tepat Waktu,1.0,0.0
MHS005589,2023,,2.22,2.23,103,39,135,-32,Tepat Waktu,1.0,0.0
MHS005628,2023,,3.2,3.21,110,51,135,-25,Tepat Waktu,1.0,0.0
MHS006008,2023,,2.61,2.61,107,37,135,-28,Tepat Waktu,1.0,0.0
MHS000099,2019,,2.29,2.29,154,58,144,10,Terlambat,0.0,1.0
MHS000175,2021,,3.37,3.37,148,61,144,4,Tepat Waktu,0.6782,0.3218
MHS000493,2020,,2.5,2.49,151,59,144,7,Terlambat,0.0,1.0
MHS000549,2020,,2.59,2.59,150,55,144,6,Terlambat,0.0001,0.9999
MHS004190,2022,,2.53,2.36,128,48,144,-16,Terlambat,0.0021,0.9979
MHS004444,2024,,2.6,2.6,59,26,95,-36,Tepat Waktu,1.0,0.0
MHS004851,2023,,2.98,2.98,108,51,135,-27,Tepat Waktu,1.0,0.0
MHS005445,2024,,2.49,2.03,60,22,95,-35,Tepat Waktu,1.0,0.0
MHS000238,2020,,3.06,3.06,146,58,144,2,Terlambat,0.0822,0.9178
MHS000251,2019,,2.67,2.67,146,58,144,2,Terlambat,0.0001,0.9999
MHS000657,2020,,2.13,2.11,151,60,144,7,Terlambat,0.0,1.0
MHS001736,2024,,2.06,2.08,59,24,95,-36,Tepat Waktu,1.0,0.0
MHS002933,2024,,2.41,2.13,56,21,95,-39,Tepat Waktu,1.0,0.0
MHS003469,2024,,1.63,1.67,58,22,95,-37,Tepat Waktu,1.0,0.0
MHS004725,2024,,2.53,2.3,58,23,95,-37,Tepat Waktu,1.0,0.0
MHS004804,2023,,2.97,2.97,104,40,135,-31,Tepat Waktu,1.0,0.0
MHS004875,2024,,2.54,2.15,57,22,95,-38,Tepat Waktu,1.0,0.0
MHS004877,2022,,3.17,3.17,142,58,144,-2,Terlambat,0.2356,0.7644
MHS005070,2022,,3.0,3.0,143,54,144,-1,Terlambat,0.0512,0.9488
MHS005192,2024,,2.56,2.04,56,21,95,-39,Tepat Waktu,1.0,0.0
MHS005453,2023,,2.87,2.86,100,39,135,-35,Tepat Waktu,1.0,0.0
MHS005600,2024,,2.64,2.64,62,23,95,-33,Tepat Waktu,1.0,0.0
MHS000396,2020,,2.75,2.75,149,53,144,5,Terlambat,0.0014,0.9986
MHS000405,2024,,2.86,2.86,58,23,95,-37,Tepat Waktu,1.0,0.0
MHS001091,2023,,2.31,2.08,94,35,135,-41,Tepat Waktu,1.0,0.0
MHS003418,2022,,3.61,3.61,143,56,144,-1,Tepat Waktu,0.7718,0.2282
MHS003518,2023,,3.54,3.54,107,41,135,-28,Tepat Waktu,1.0,0.0
MHS003672,2023,,3.17,3.17,105,41,135,-30,Tepat Waktu,1.0,0.0
MHS003819,2022,,3.11,3.11,141,57,144,-3,Terlambat,0.1595,0.8405
MHS004035,2023,,2.3,2.3,100,47,135,-35,Tepat Waktu,1.0,0.0
MHS004082,2023,,3.02,3.02,108,51,135,-27,Tepat Waktu,1.0,0.0
MHS005125,2023,,2.94,2.94,104,40,135,-31,Tepat Waktu,1.0,0.0
MHS005131,2024,,2.47,2.39,60,25,95,-35,Tepat Waktu,1.0,0.0
MHS005425,2023,,3.09,3.08,109,42,135,-26,Tepat Waktu,1.0,0.0
MHS000133,2021,,3.14,3.14,148,57,144,4,Terlambat,0.2372,0.7628
MHS001958,2024,,2.41,2.29,54,21,95,-41,Tepat Waktu,1.0,0.0
MHS002157,2023,,2.67,2.67,105,41,135,-30,Tepat Waktu,1.0,0.0
MHS002306,2019,,2.55,2.55,151,59,144,7,Terlambat,0.0,1.0
MHS002993,2023,,2.4,2.3,97,36,135,-38,Tepat Waktu,1.0,0.0
MHS003095,2023,,2.44,2.44,106,42,135,-29,Tepat Waktu,1.0,0.0
MHS003699,2023,,2.76,2.76,104,41,135,-31,Tepat Waktu,1.0,0.0
MHS003889,2023,,2.74,2.75,104,41,135,-31,Tepat Waktu,1.0,0.0
MHS004017,2024,,2.46,2.41,56,21,95,-39,Tepat Waktu,1.0,0.0
MHS004079,2023,,2.83,2.83,103,43,135,-32,Tepat Waktu,1.0,0.0
MHS004582,2020,,2.37,2.19,161,61,144,17,Terlambat,0.0,1.0
MHS005155,2023,,3.01,3.01,101,39,135,-34,Tepat Waktu,1.0,0.0
MHS005495,2023,,2.56,1.5,95,40,135,-40,Tepat Waktu,1.0,0.0
MHS000108,2021,,3.04,3.04,144,55,144,0,Terlambat,0.0682,0.9318
MHS000187,2023,,2.43,2.44,57,21,135,-78,Tepat Waktu,1.0,0.0
MHS000194,2019,,2.96,2.95,151,61,144,7,Terlambat,0.046,0.954
MHS000652,2023,,2.48,2.48,103,49,135,-32,Tepat Waktu,1.0,0.0
MHS000914,2024,,2.02,2.06,56,25,95,-39,Tepat Waktu,1.0,0.0
MHS001164,2021,,2.73,2.73,151,60,144,7,Terlambat,0.0012,0.9988
MHS001314,2024,,2.03,2.03,57,24,95,-38,Tepat Waktu,1.0,0.0
MHS002309,2023,,2.31,1.88,97,36,135,-38,Tepat Waktu,1.0,0.0
MHS003903,2023,,2.44,2.16,93,34,135,-42,Tepat Waktu,1.0,0.0
MHS003993,2023,,3.13,3.13,108,40,135,-27,Tepat Waktu,1.0,0.0
MHS004814,2023,,2.44,2.09,91,36,135,-44,Tepat Waktu,1.0,0.0
MHS004958,2023,,3.13,3.13,105,46,135,-30,Tepat Waktu,1.0,0.0
MHS004989,2024,,2.54,2.4,59,26,95,-36,Tepat Waktu,1.0,0.0
MHS005164,2024,,2.49,1.98,60,22,95,-35,Tepat Waktu,1.0,0.0
MHS000134,2021,,2.92,2.92,145,56,144,1,Terlambat,0.0121,0.9879
MHS000165,2019,,3.14,3.14,151,61,144,7,Terlambat,0.333,0.667
MHS000270,2020,,2.59,2.59,145,51,144,1,Terlambat,0.0,1.0
MHS000282,2024,,2.66,2.66,59,25,95,-36,Tepat Waktu,1.0,0.0
MHS000457,2023,,2.31,2.31,99,37,135,-36,Tepat Waktu,1.0,0.0
MHS000532,2024,,2.33,2.32,58,23,95,-37,Tepat Waktu,1.0,0.0
MHS000750,2023,,3.02,3.02,104,39,135,-31,Tepat Waktu,1.0,0.0
MHS001169,2022,,1.88,1.98,125,52,144,-19,Terlambat,0.0,1.0
MHS002541,2024,,2.34,2.21,56,25,95,-39,Tepat Waktu,1.0,0.0
MHS002887,2024,,2.36,2.21,59,24,95,-36,Tepat Waktu,1.0,0.0
MHS002924,2023,,2.26,2.09,100,42,135,-35,Tepat Waktu,1.0,0.0
MHS004110,2022,,2.26,2.18,135,52,144,-9,Terlambat,0.0,1.0
MHS004695,2024,,2.51,2.3,59,26,95,-36,Tepat Waktu,1.0,0.0
MHS004925,2024,,1.28,1.93,58,24,95,-37,Tepat Waktu,1.0,0.0
MHS004968,2022,,2.9,2.9,141,57,144,-3,Terlambat,0.0169,0.9831
MHS005075,2022,,3.46,3.48,141,54,144,-3,Tepat Waktu,0.8408,0.1592
MHS001152,2023,,2.19,2.21,99,37,135,-36,Tepat Waktu,1.0,0.0
MHS002286,2019,,2.06,2.06,151,61,144,7,Terlambat,0.0,1.0
MHS002604,2022,,3.21,3.21,141,57,144,-3,Terlambat,0.45,0.55
MHS003254,2023,,2.44,2.43,108,40,135,-27,Tepat Waktu,1.0,0.0
MHS003978,2023,,2.38,2.41,102,39,135,-33,Tepat Waktu,1.0,0.0
MHS004513,2023,,2.78,2.0,96,39,135,-39,Tepat Waktu,1.0,0.0
MHS004535,2022,,2.78,2.32,132,50,144,-12,Terlambat,0.0004,0.9996
MHS004587,2023,,2.64,2.64,103,35,135,-32,Tepat Waktu,1.0,0.0
MHS004601,2022,,2.94,2.94,141,60,144,-3,Terlambat,0.0252,0.9748
MHS004758,2023,,2.58,2.59,106,50,135,-29,Tepat Waktu,1.0,0.0
MHS000100,2019,,2.12,2.12,144,60,144,0,Terlambat,0.0,1.0
MHS000648,2023,,2.34,2.3,98,36,135,-37,Tepat Waktu,1.0,0.0
MHS000660,2024,,1.92,1.93,57,23,95,-38,Tepat Waktu,1.0,0.0
MHS001592,2019,,2.34,2.34,150,70,144,6,Terlambat,0.0,1.0
MHS003019,2023,,2.39,2.38,101,41,135,-34,Tepat Waktu,1.0,0.0
MHS003534,2023,,2.5,2.51,108,40,135,-27,Tepat Waktu,1.0,0.0
MHS003907,2023,,2.73,2.73,104,41,135,-31,Tepat Waktu,1.0,0.0
MHS004355,2023,,2.8,2.8,105,39,135,-30,Tepat Waktu,1.0,0.0
MHS004381,2021,,2.64,2.22,124,50,144,-20,Terlambat,0.0113,0.9887
MHS004435,2024,,2.51,2.12,58,24,95,-37,Tepat Waktu,1.0,0.0
MHS004557,2024,,2.46,2.07,60,22,95,-35,Tepat Waktu,1.0,0.0
MHS000291,2020,,2.7,2.7,144,54,144,0,Terlambat,0.0004,0.9996
MHS000342,2021,,2.96,2.96,144,54,144,0,Terlambat,0.0383,0.9617
MHS000529,2021,,1.48,1.12,97,39,144,-47,Terlambat,0.0322,0.9678
MHS001371,2023,,2.77,2.77,104,39,135,-31,Tepat Waktu,1.0,0.0
MHS001515,2023,,2.42,2.41,94,37,135,-41,Tepat Waktu,1.0,0.0
MHS001551,2024,,2.62,2.62,58,23,95,-37,Tepat Waktu,1.0,0.0
MHS001740,2019,,2.17,2.16,150,56,144,6,Terlambat,0.0,1.0
MHS001757,2024,,2.7,2.7,59,23,95,-36,Tepat Waktu,1.0,0.0
MHS003116,2023,,2.89,2.89,99,43,135,-36,Tepat Waktu,1.0,0.0
MHS003814,2024,,2.51,2.51,59,26,95,-36,Tepat Waktu,1.0,0.0
MHS004205,2023,,2.83,2.83,102,40,135,-33,Tepat Waktu,1.0,0.0
MHS004853,2023,,2.56,2.46,99,43,135,-36,Tepat Waktu,1.0,0.0
MHS005185,2024,,2.56,2.35,56,21,95,-39,Tepat Waktu,1.0,0.0
MHS005779,2024,,1.41,1.92,59,27,95,-36,Tepat Waktu,1.0,0.0
MHS005837,2023,,3.03,3.03,103,40,135,-32,Tepat Waktu,1.0,0.0
MHS006131,2023,,2.54,2.3,100,37,135,-35,Tepat Waktu,1.0,0.0
MHS000312,2019,,2.53,2.53,145,54,144,1,Terlambat,0.0,1.0
MHS000587,2020,,2.35,2.34,153,61,144,9,Terlambat,0.0,1.0
MHS000621,2021,,2.66,2.66,150,57,144,6,Terlambat,0.0002,0.9998
MHS000979,2019,,2.22,2.08,142,56,144,-2,Terlambat,0.0,1.0
MHS000998,2023,,2.92,2.91,104,39,135,-31,Tepat Waktu,1.0,0.0
MHS001110,2023,,2.69,2.68,107,43,135,-28,Tepat Waktu,1.0,0.0
MHS002021,2024,,2.1,2.1,57,24,95,-38,Tepat Waktu,1.0,0.0
MHS002574,2023,,2.3,2.31,102,38,135,-33,Tepat Waktu,1.0,0.0
MHS003006,2024,,2.39,2.39,58,25,95,-37,Tepat Waktu,1.0,0.0
MHS004103,2024,,1.27,1.81,57,22,95,-38,Tepat Waktu,1.0,0.0
MHS004118,2024,,1.57,1.88,60,22,95,-35,Tepat Waktu,1.0,0.0
MHS004518,2024,,2.48,2.36,56,21,95,-39,Tepat Waktu,1.0,0.0
MHS004565,2023,,2.66,2.66,108,51,135,-27,Tepat Waktu,1.0,0.0
MHS005813,2024,,3.16,3.16,38,17,95,-57,Tepat Waktu,1.0,0.0
MHS005934,2023,,2.59,2.6,105,43,135,-30,Tepat Waktu,1.0,0.0
MHS000052,2021,,3.08,3.08,146,55,144,2,Terlambat,0.1364,0.8636
MHS000063,2023,,3.18,3.29,38,14,135,-97,Tepat Waktu,1.0,0.0
MHS000196,2021,,2.81,2.81,147,58,144,3,Terlambat,0.002,0.998
MHS000203,2020,,2.02,2.02,146,59,144,2,Terlambat,0.0,1.0
MHS000677,2022,,2.28,1.65,55,22,144,-89,Tepat Waktu,1.0,0.0
MHS000900,2024,,1.68,1.11,18,7,95,-77,Tepat Waktu,1.0,0.0
MHS000917,2023,,2.7,2.71,107,40,135,-28,Tepat Waktu,1.0,0.0
MHS001680,2021,,1.62,1.95,163,67,144,19,Terlambat,0.0,1.0
MHS002057,2022,,3.35,3.36,143,58,144,-1,Tepat Waktu,0.6535,0.3465
MHS002182,2023,,2.91,2.91,108,51,135,-27,Tepat Waktu,1.0,0.0
MHS003454,2022,,3.37,3.37,141,54,144,-3,Tepat Waktu,0.7556,0.2444
MHS005613,2023,,2.57,2.56,102,39,135,-33,Tepat Waktu,1.0,0.0
MHS005856,2024,,2.7,2.13,58,24,95,-37,Tepat Waktu,1.0,0.0
MHS005867,2022,,2.8,2.17,127,51,144,-17,Terlambat,0.001,0.999
MHS000070,2019,,2.31,2.28,157,62,144,13,Terlambat,0.0,1.0
MHS000097,2023,,1.74,1.75,56,21,135,-79,Tepat Waktu,1.0,0.0
MHS000272,2023,,2.21,1.41,95,35,135,-40,Tepat Waktu,1.0,0.0
MHS000418,2021,,2.67,2.67,152,60,144,8,Terlambat,0.0005,0.9995
MHS000560,2020,,2.34,2.34,150,56,144,6,Terlambat,0.0,1.0
MHS000798,2023,,3.29,3.29,105,40,135,-30,Tepat Waktu,1.0,0.0
MHS001111,2021,,2.32,1.83,116,43,144,-28,Terlambat,0.0173,0.9827
MHS001408,2024,,2.22,2.17,61,28,95,-34,Tepat Waktu,1.0,0.0
MHS002830,2024,,2.47,2.27,62,23,95,-33,Tepat Waktu,1.0,0.0
MHS002998,2024,,1.33,1.38,58,25,95,-37,Tepat Waktu,1.0,0.0
MHS003584,2024,,2.4,2.08,57,22,95,-38,Tepat Waktu,1.0,0.0
MHS003884,2024,,2.47,2.25,57,25,95,-38,Tepat Waktu,1.0,0.0
MHS004067,2024,,2.58,2.58,56,21,95,-39,Tepat Waktu,1.0,0.0
MHS004929,2024,,2.54,2.41,56,21,95,-39,Tepat Waktu,1.0,0.0
MHS005616,2024,,2.65,2.14,58,24,95,-37,Tepat Waktu,1.0,0.0
MHS005780,2023,,2.79,2.79,99,43,135,-36,Tepat Waktu,1.0,0.0
MHS006112,2023,,2.57,2.54,101,41,135,-34,Tepat Waktu,1.0,0.0
MHS000012,2023,,2.69,2.69,101,41,135,-34,Tepat Waktu,1.0,0.0
MHS000127,2021,,1.69,1.69,145,57,144,1,Terlambat,0.0,1.0
MHS000337,2021,,1.75,2.0,126,53,144,-18,Terlambat,0.0,1.0
MHS000644,2024,,2.19,2.18,58,23,95,-37,Tepat Waktu,1.0,0.0
MHS000885,2023,,2.17,2.17,96,45,135,-39,Tepat Waktu,1.0,0.0
MHS001187,2021,,2.66,2.66,150,60,144,6,Terlambat,0.0003,0.9997
MHS001455,2024,,2.69,2.68,58,23,95,-37,Tepat Waktu,1.0,0.0
MHS001841,2024,,2.39,2.13,54,21,95,-41,Tepat Waktu,1.0,0.0
MHS001861,2023,,2.55,2.54,101,40,135,-34,Tepat Waktu,1.0,0.0
MHS002060,2022,,2.28,2.27,143,54,144,-1,Terlambat,0.0,1.0
MHS002825,2022,,3.24,3.24,139,54,144,-5,Tepat Waktu,0.5613,0.4387
MHS003548,2023,,2.47,2.49,100,39,135,-35,Tepat Waktu,1.0,0.0
MHS003817,2024,,2.75,2.75,56,21,95,-39,Tepat Waktu,1.0,0.0
MHS004253,2023,,2.55,2.54,104,40,135,-31,Tepat Waktu,1.0,0.0
MHS004866,2024,,2.56,2.42,62,23,95,-33,Tepat Waktu,1.0,0.0
MHS005835,2024,,2.69,2.19,58,24,95,-37,Tepat Waktu,1.0,0.0
MHS000028,2021,,2.78,2.78,147,58,144,3,Terlambat,0.0012,0.9988
MHS000046,2020,,3.08,3.08,148,61,144,4,Terlambat,0.1942,0.8058
MHS000057,2023,,2.11,2.1,58,23,135,-77,Tepat Waktu,1.0,0.0
MHS000107,2023,,3.13,3.13,105,49,135,-30,Tepat Waktu,1.0,0.0
MHS000343,2023,,2.25,2.26,98,37,135,-37,Tepat Waktu,1.0,0.0
MHS000388,2024,,2.13,2.13,57,24,95,-38,Tepat Waktu,1.0,0.0
MHS000685,2021,,3.12,3.14,159,59,144,15,Tepat Waktu,0.7654,0.2346
MHS000981,2024,,2.36,2.35,58,23,95,-37,Tepat Waktu,1.0,0.0
MHS001149,2022,,2.58,2.23,116,44,144,-28,Tepat Waktu,0.994,0.006
MHS002050,2022,,2.64,2.63,139,53,144,-5,Terlambat,0.0003,0.9997
MHS002507,2024,,2.13,2.25,62,23,95,-33,Tepat Waktu,1.0,0.0
MHS002874,2024,,2.34,2.28,59,24,95,-36,Tepat Waktu,1.0,0.0
MHS002891,2022,,2.67,2.68,140,56,144,-4,Terlambat,0.0003,0.9997
MHS002971,2020,,2.28,2.25,155,64,144,11,Terlambat,0.0,1.0
MHS003743,2022,,3.11,3.11,136,52,144,-8,Tepat Waktu,0.6523,0.3477
MHS004154,2024,,2.61,2.48,61,28,95,-34,Tepat Waktu,1.0,0.0
MHS004767,2022,,2.24,2.19,139,56,144,-5,Terlambat,0.0,1.0
MHS004834,2023,,2.4,2.4,100,38,135,-35,Tepat Waktu,1.0,0.0
MHS005094,2024,,2.73,2.61,54,19,95,-41,Tepat Waktu,1.0,0.0
MHS005330,2023,,2.87,2.87,103,39,135,-32,Tepat Waktu,1.0,0.0
MHS005461,2023,,2.65,2.07,97,36,135,-38,Tepat Waktu,1.0,0.0
MHS005484,2021,,2.81,1.65,128,52,144,-16,Terlambat,0.0,1.0
MHS005494,2022,,3.29,1.61,73,29,144,-71,Tepat Waktu,1.0,0.0
MHS000942,2021,,3.46,3.46,150,56,144,6,Tepat Waktu,0.7356,0.2644
MHS001495,2023,,3.2,3.2,105,40,135,-30,Tepat Waktu,1.0,0.0
MHS001679,2023,,2.43,2.43,99,42,135,-36,Tepat Waktu,1.0,0.0
MHS002400,2024,,0.0,0.0,18,7,95,-77,Tepat Waktu,1.0,0.0
MHS002579,2023,,3.19,3.18,106,41,135,-29,Tepat Waktu,1.0,0.0
MHS002950,2024,,2.42,2.42,59,24,95,-36,Tepat Waktu,1.0,0.0
MHS003446,2024,,2.45,1.91,55,21,95,-40,Tepat Waktu,1.0,0.0
MHS003909,2023,,2.51,2.14,97,33,135,-38,Tepat Waktu,1.0,0.0
MHS003995,2022,,2.32,2.4,140,54,144,-4,Terlambat,0.0,1.0
MHS004054,2022,,2.49,2.48,135,56,144,-9,Terlambat,0.0,1.0
MHS004296,2024,,2.53,2.32,62,23,95,-33,Tepat Waktu,1.0,0.0
MHS004684,2024,,2.53,2.18,58,23,95,-37,Tepat Waktu,1.0,0.0
MHS005811,2022,,2.6,2.61,140,53,144,-4,Terlambat,0.0001,0.9999
MHS001696,2020,,2.31,2.33,153,57,144,9,Terlambat,0.0,1.0
MHS002356,2019,,2.27,2.28,154,61,144,10,Terlambat,0.0,1.0
MHS003064,2024,,2.28,2.2,58,25,95,-37,Tepat Waktu,1.0,0.0
MHS003122,2024,,2.61,2.61,57,22,95,-38,Tepat Waktu,1.0,0.0
MHS003601,2022,,3.01,3.01,143,58,144,-1,Terlambat,0.0381,0.9619
MHS003831,2024,,0.78,1.47,56,22,95,-39,Tepat Waktu,1.0,0.0
MHS004494,2023,,2.61,2.61,106,50,135,-29,Tepat Waktu,1.0,0.0
MHS004638,2023,,2.51,2.16,92,37,135,-43,Tepat Waktu,1.0,0.0
MHS005033,2024,,2.47,2.24,60,25,95,-35,Tepat Waktu,1.0,0.0
MHS000035,2021,,2.62,2.62,147,56,144,3,Terlambat,0.0001,0.9999
MHS000060,2019,,2.96,2.96,144,59,144,0,Terlambat,0.0336,0.9664
MHS000087,2021,,2.21,2.21,147,54,144,3,Terlambat,0.0,1.0
MHS000170,2023,,2.85,2.85,105,39,135,-30,Tepat Waktu,1.0,0.0
MHS000354,2023,,2.83,2.83,105,42,135,-30,Tepat Waktu,1.0,0.0
MHS000797,2023,,1.85,1.64,93,35,135,-42,Tepat Waktu,1.0,0.0
MHS001433,2020,,2.68,2.68,151,59,144,7,Terlambat,0.0003,0.9997
MHS001773,2024,,2.35,2.35,57,24,95,-38,Tepat Waktu,1.0,0.0
MHS002293,2023,,2.19,2.27,90,33,135,-45,Tepat Waktu,1.0,0.0
MHS002447,2023,,2.56,2.56,100,38,135,-35,Tepat Waktu,1.0,0.0
MHS002453,2023,,2.15,2.22,98,37,135,-37,Tepat Waktu,1.0,0.0
MHS002644,2022,,2.85,2.85,137,53,144,-7,Terlambat,0.0292,0.9708
MHS003257,2024,,2.58,2.58,59,24,95,-36,Tepat Waktu,1.0,0.0
MHS003824,2024,,1.84,2.01,59,26,95,-36,Tepat Waktu,1.0,0.0
MHS003873,2024,,2.47,2.05,57,23,95,-38,Tepat Waktu,1.0,0.0
MHS004392,2024,,1.25,1.67,57,22,95,-38,Tepat Waktu,1.0,0.0
MHS004406,2023,,2.55,2.32,97,36,135,-38,Tepat Waktu,1.0,0.0
MHS004577,2024,,1.72,2.09,59,26,95,-36,Tepat Waktu,1.0,0.0
MHS005077,2024,,2.57,2.01,57,23,95,-38,Tepat Waktu,1.0,0.0
MHS005082,2023,,3.37,3.36,109,42,135,-26,Tepat Waktu,1.0,0.0
MHS005238,2023,,2.53,2.17,92,35,135,-43,Tepat Waktu,1.0,0.0
MHS005738,2021,,2.83,0.76,83,31,144,-61,Tepat Waktu,1.0,0.0
MHS005922,2023,,2.53,2.48,101,41,135,-34,Tepat Waktu,1.0,0.0
MHS000078,2019,,2.02,2.03,152,61,144,8,Terlambat,0.0,1.0
MHS000488,2020,,2.53,2.53,160,64,144,16,Terlambat,0.0008,0.9992
MHS001386,2023,,2.29,1.79,95,42,135,-40,Tepat Waktu,1.0,0.0
MHS001503,2021,,2.47,2.47,154,64,144,10,Terlambat,0.0,1.0
MHS001664,2024,,2.28,2.1,56,25,95,-39,Tepat Waktu,1.0,0.0
MHS001723,2024,,2.63,2.63,57,24,95,-38,Tepat Waktu,1.0,0.0
MHS001844,2024,,2.11,2.11,57,24,95,-38,Tepat Waktu,1.0,0.0
MHS002263,2023,,3.02,3.02,107,41,135,-28,Tepat Waktu,1.0,0.0
MHS002695,2024,,2.78,2.78,60,22,95,-35,Tepat Waktu,1.0,0.0
MHS003031,2023,,2.34,2.38,104,38,135,-31,Tepat Waktu,1.0,0.0
MHS005239,2022,,2.54,2.53,134,51,144,-10,Terlambat,0.0003,0.9997
MHS005864,2024,,2.6,1.88,56,20,95,-39,Tepat Waktu,1.0,0.0
MHS005996,2022,,2.78,2.78,138,53,144,-6,Terlambat,0.0063,0.9937
MHS006063,2023,,2.81,2.7,105,43,135,-30,Tepat Waktu,1.0,0.0
MHS000047,2021,,2.45,2.45,146,61,144,2,Terlambat,0.0,1.0
MHS000068,2019,,2.53,2.53,144,56,144,0,Terlambat,0.0,1.0
MHS000120,2020,,2.5,2.5,149,56,144,5,Terlambat,0.0,1.0
MHS000676,2021,,1.63,1.63,100,40,144,-44,Tepat Waktu,0.9974,0.0026
MHS001027,2024,,2.27,2.25,59,25,95,-36,Tepat Waktu,1.0,0.0
MHS001521,2024,,2.26,2.03,56,25,95,-39,Tepat Waktu,1.0,0.0
MHS001902,2023,,3.04,3.04,105,41,135,-30,Tepat Waktu,1.0,0.0
MHS002512,2024,,2.33,2.27,56,25,95,-39,Tepat Waktu,1.0,0.0
MHS002794,2023,,2.64,2.67,103,46,135,-32,Tepat Waktu,1.0,0.0
MHS003279,2023,,2.61,2.61,108,40,135,-27,Tepat Waktu,1.0,0.0
MHS003456,2024,,2.38,2.01,57,22,95,-38,Tepat Waktu,1.0,0.0
MHS004690,2022,,3.31,3.32,143,65,144,-1,Tepat Waktu,0.7563,0.2437
MHS005010,2023,,3.1,3.1,99,43,135,-36,Tepat Waktu,1.0,0.0
MHS005620,2024,,2.61,2.01,55,21,95,-40,Tepat Waktu,1.0,0.0
MHS000093,2019,,2.67,2.67,150,57,144,6,Terlambat,0.0002,0.9998
MHS000212,2019,,2.65,2.65,145,54,144,1,Terlambat,0.0001,0.9999
MHS001262,2021,,1.84,1.98,110,41,144,-34,Tepat Waktu,0.5402,0.4598
MHS001276,2022,,2.89,2.92,134,51,144,-10,Terlambat,0.1881,0.8119
MHS001584,2024,,2.35,2.28,62,23,95,-33,Tepat Waktu,1.0,0.0
MHS002233,2022,,3.48,3.48,143,55,144,-1,Tepat Waktu,0.7027,0.2973
MHS002699,2023,,3.03,3.03,109,42,135,-26,Tepat Waktu,1.0,0.0
MHS003989,2024,,2.44,2.06,58,23,95,-37,Tepat Waktu,1.0,0.0
MHS004461,2023,,2.78,2.78,102,40,135,-33,Tepat Waktu,1.0,0.0
MHS004897,2024,,2.56,2.22,62,23,95,-33,Tepat Waktu,1.0,0.0
MHS004902,2022,,2.53,2.16,129,49,144,-15,Terlambat,0.0,1.0
MHS004985,2022,,2.39,2.38,139,51,144,-5,Terlambat,0.0,1.0
MHS005035,2023,,2.4,2.4,103,39,135,-32,Tepat Waktu,1.0,0.0
MHS000006,2022,,3.06,3.06,104,43,144,-40,Tepat Waktu,1.0,0.0
MHS000058,2021,,2.58,2.58,147,57,144,3,Terlambat,0.0,1.0
MHS000094,2021,,2.95,2.95,148,61,144,4,Terlambat,0.0258,0.9742
MHS000144,2020,,3.01,3.01,147,55,144,3,Terlambat,0.0641,0.9359
MHS000782,2024,,2.42,2.42,62,29,95,-33,Tepat Waktu,1.0,0.0
MHS000980,2021,,3.23,3.23,153,59,144,9,Tepat Waktu,0.5263,0.4737
MHS001084,2024,,2.2,2.19,58,23,95,-37,Tepat Waktu,1.0,0.0
MHS001331,2020,,2.26,2.26,150,63,144,6,Terlambat,0.0,1.0
MHS001652,2024,,2.28,2.25,59,24,95,-36,Tepat Waktu,1.0,0.0
MHS002748,2024,,2.45,2.45,58,25,95,-37,Tepat Waktu,1.0,0.0
MHS003182,2023,,2.48,2.36,95,36,135,-40,Tepat Waktu,1.0,0.0
MHS003249,2023,,2.62,2.64,101,38,135,-34,Tepat Waktu,1.0,0.0
MHS003435,2024,,2.41,2.4,59,24,95,-36,Tepat Waktu,1.0,0.0
MHS003516,2024,,2.29,2.23,60,22,95,-35,Tepat Waktu,1.0,0.0
MHS003689,2024,,2.43,2.39,59,24,95,-36,Tepat Waktu,1.0,0.0
MHS003793,2022,,2.41,2.42,139,55,144,-5,Terlambat,0.0,1.0
MHS004886,2024,,2.6,2.6,59,26,95,-36,Tepat Waktu,1.0,0.0
MHS005464,2024,,2.61,2.06,57,25,95,-38,Tepat Waktu,1.0,0.0
MHS000039,2023,,2.41,2.41,58,23,135,-77,Tepat Waktu,1.0,0.0
MHS000053,2021,,2.62,2.62,146,58,144,2,Terlambat,0.0001,0.9999
MHS000298,2019,,2.06,2.08,148,60,144,4,Terlambat,0.0,1.0
MHS001746,2024,,1.81,1.9,58,23,95,-37,Tepat Waktu,1.0,0.0
MHS002389,2024,,2.53,2.52,59,24,95,-36,Tepat Waktu,1.0,0.0
MHS002641,2023,,2.07,2.14,99,40,135,-36,Tepat Waktu,1.0,0.0
MHS003434,2024,,2.5,2.48,62,23,95,-33,Tepat Waktu,1.0,0.0
MHS003620,2024,,2.42,2.28,59,24,95,-36,Tepat Waktu,1.0,0.0
MHS004314,2023,,2.53,2.25,97,45,135,-38,Tepat Waktu,1.0,0.0
MHS005348,2023,,2.49,2.5,107,40,135,-28,Tepat Waktu,1.0,0.0
MHS005414,2024,,1.61,2.08,59,27,95,-36,Tepat Waktu,1.0,0.0
MHS005434,2023,,2.98,2.98,99,43,135,-36,Tepat Waktu,1.0,0.0
MHS005671,2022,,2.34,2.18,131,49,144,-13,Terlambat,0.0,1.0
MHS005933,2023,,2.53,2.4,100,37,135,-35,Tepat Waktu,1.0,0.0
MHS005949,2022,,2.79,2.79,138,56,144,-6,Terlambat,0.0042,0.9958
MHS000263,2020,,2.67,2.66,156,62,144,12,Terlambat,0.0017,0.9983
MHS000485,2023,,1.9,1.95,54,21,135,-81,Tepat Waktu,1.0,0.0
MHS000517,2021,,2.39,2.39,151,62,144,7,Terlambat,0.0,1.0
MHS002446,2024,,2.02,2.09,57,24,95,-38,Tepat Waktu,1.0,0.0
MHS002638,2024,,2.35,2.2,56,25,95,-39,Tepat Waktu,1.0,0.0
MHS002740,2024,,2.28,2.28,60,22,95,-35,Tepat Waktu,1.0,0.0
MHS003537,2023,,2.39,2.25,98,37,135,-37,Tepat Waktu,1.0,0.0
MHS005734,2023,,2.76,2.76,99,43,135,-36,Tepat Waktu,1.0,0.0
MHS006093,2024,,2.55,2.31,60,25,95,-35,Tepat Waktu,1.0,0.0
MHS000202,2020,,2.05,2.04,145,57,144,1,Terlambat,0.0,1.0
MHS000398,2024,,2.33,2.33,58,23,95,-37,Tepat Waktu,1.0,0.0
MHS000674,2020,,2.39,2.39,149,54,144,5,Terlambat,0.0,1.0
MHS001694,2023,,2.87,2.88,103,38,135,-32,Tepat Waktu,1.0,0.0
MHS001763,2019,,1.88,2.0,156,61,144,12,Terlambat,0.0,1.0
MHS002313,2022,,3.6,3.6,142,55,144,-2,Tepat Waktu,0.8594,0.1406
MHS002464,2024,,1.69,1.7,58,25,95,-37,Tepat Waktu,1.0,0.0
MHS002739,2022,,2.72,2.72,143,58,144,-1,Terlambat,0.0006,0.9994
MHS002742,2023,,2.33,2.34,99,40,135,-36,Tepat Waktu,1.0,0.0
MHS002805,2022,,2.55,2.54,143,53,144,-1,Terlambat,0.0,1.0
MHS004050,2022,,2.79,2.79,136,48,144,-8,Terlambat,0.0387,0.9613
MHS005138,2023,,2.31,2.31,103,39,135,-32,Tepat Waktu,1.0,0.0
MHS005490,2024,,2.65,2.47,58,23,95,-37,Tepat Waktu,1.0,0.0
MHS000026,2021,,1.95,1.89,56,24,144,-88,Tepat Waktu,1.0,0.0
MHS000082,2022,,3.22,3.22,57,21,144,-87,Tepat Waktu,1.0,0.0
MHS000214,2019,,2.58,2.58,153,63,144,9,Terlambat,0.0001,0.9999
MHS001493,2023,,3.7,3.7,105,40,135,-30,Tepat Waktu,1.0,0.0
MHS002143,2024,,2.39,2.3,62,23,95,-33,Tepat Waktu,1.0,0.0
MHS002535,2022,,2.54,2.5,132,52,144,-12,Terlambat,0.0005,0.9995
MHS002576,2022,,2.72,2.7,140,56,144,-4,Terlambat,0.0008,0.9992
MHS002759,2024,,2.27,2.2,58,25,95,-37,Tepat Waktu,1.0,0.0
MHS002875,2020,,2.6,2.59,155,61,144,11,Terlambat,0.0002,0.9998
MHS003034,2024,,2.54,2.54,58,25,95,-37,Tepat Waktu,1.0,0.0
MHS003482,2024,,2.5,2.28,62,23,95,-33,Tepat Waktu,1.0,0.0
MHS003983,2023,,2.76,2.35,96,39,135,-39,Tepat Waktu,1.0,0.0
MHS004099,2024,,2.48,2.1,57,22,95,-38,Tepat Waktu,1.0,0.0
MHS004235,2024,,2.48,2.16,59,26,95,-36,Tepat Waktu,1.0,0.0
MHS004689,2023,,2.71,2.71,105,46,135,-30,Tepat Waktu,1.0,0.0
MHS005560,2023,,2.56,2.55,105,42,135,-30,Tepat Waktu,1.0,0.0
MHS005987,2023,,3.22,3.22,106,40,135,-29,Tepat Waktu,1.0,0.0
MHS000072,2023,,1.94,1.94,59,23,135,-76,Tepat Waktu,1.0,0.0
MHS000814,2024,,2.25,2.25,59,25,95,-36,Tepat Waktu,1.0,0.0
MHS001685,2023,,2.83,2.87,109,44,135,-26,Tepat Waktu,1.0,0.0
MHS003142,2022,,2.39,2.37,133,55,144,-11,Terlambat,0.0,1.0
MHS004425,2020,,2.1,2.42,114,45,144,-30,Tepat Waktu,0.9897,0.0103
MHS005068,2024,,1.74,2.17,61,28,95,-34,Tepat Waktu,1.0,0.0
MHS005263,2021,,2.69,1.33,128,48,144,-16,Terlambat,0.0,1.0
MHS000839,2021,,2.58,2.58,151,58,144,7,Terlambat,0.0,1.0
MHS001858,2022,,2.84,2.86,140,57,144,-4,Terlambat,0.0099,0.9901
MHS001882,2022,,1.99,2.05,130,49,144,-14,Terlambat,0.0,1.0
MHS002881,2024,,2.36,2.3,59,24,95,-36,Tepat Waktu,1.0,0.0
MHS003969,2022,,2.6,2.59,142,57,144,-2,Terlambat,0.0,1.0
MHS004281,2023,,2.96,2.96,101,39,135,-34,Tepat Waktu,1.0,0.0
MHS004389,2023,,2.61,2.6,107,41,135,-28,Tepat Waktu,1.0,0.0
MHS004618,2022,,2.72,2.71,141,53,144,-3,Terlambat,0.0005,0.9995
MHS004647,2022,,2.29,2.09,130,52,144,-14,Terlambat,0.0,1.0
MHS004948,2023,,2.89,2.89,106,40,135,-29,Tepat Waktu,1.0,0.0
MHS005596,2023,,2.42,2.42,105,50,135,-30,Tepat Waktu,1.0,0.0
MHS000379,2023,,2.83,2.83,107,51,135,-28,Tepat Waktu,1.0,0.0
MHS000408,2023,,2.38,2.38,101,41,135,-34,Tepat Waktu,1.0,0.0
MHS000492,2020,,2.15,2.14,152,64,144,8,Terlambat,0.0,1.0
MHS000551,2024,,2.78,2.78,58,23,95,-37,Tepat Waktu,1.0,0.0
MHS000745,2023,,2.44,2.45,96,37,135,-39,Tepat Waktu,1.0,0.0
MHS000923,2024,,2.55,2.55,58,23,95,-37,Tepat Waktu,1.0,0.0
MHS001308,2023,,2.46,2.46,99,38,135,-36,Tepat Waktu,1.0,0.0
MHS001810,2023,,2.36,2.37,101,45,135,-34,Tepat Waktu,1.0,0.0
MHS001879,2020,,2.53,2.53,151,60,144,7,Terlambat,0.0,1.0
MHS002045,2024,,2.44,2.44,59,24,95,-36,Tepat Waktu,1.0,0.0
MHS002139,2023,,2.25,2.2,99,34,135,-36,Tepat Waktu,1.0,0.0
MHS002873,2023,,2.81,2.76,76,30,135,-59,Tepat Waktu,1.0,0.0
MHS004129,2022,,2.28,2.22,138,50,144,-6,Terlambat,0.0,1.0
MHS004538,2024,,2.74,2.74,56,21,95,-39,Tepat Waktu,1.0,0.0
MHS004636,2024,,2.5,2.13,56,21,95,-39,Tepat Waktu,1.0,0.0
MHS004668,2023,,2.36,2.46,102,48,135,-33,Tepat Waktu,1.0,0.0
MHS005054,2024,,2.55,2.24,59,26,95,-36,Tepat Waktu,1.0,0.0
MHS005682,2022,,2.69,2.68,143,58,144,-1,Terlambat,0.0003,0.9997
MHS005886,2024,,2.7,2.37,58,24,95,-37,Tepat Waktu,1.0,0.0
MHS005975,2023,,2.61,2.59,104,39,135,-31,Tepat Waktu,1.0,0.0
MHS000102,2021,,3.05,3.05,144,57,144,0,Terlambat,0.111,0.889
MHS001151,2021,,2.98,2.98,151,62,144,7,Terlambat,0.0608,0.9392
MHS003789,2022,,2.76,2.72,139,58,144,-5,Terlambat,0.0013,0.9987
MHS004184,2023,,2.67,2.66,104,49,135,-31,Tepat Waktu,1.0,0.0
MHS004720,2023,,2.43,2.42,104,39,135,-31,Tepat Waktu,1.0,0.0
MHS004831,2023,,2.71,2.71,108,51,135,-27,Tepat Waktu,1.0,0.0
MHS004835,2023,,2.56,2.48,99,40,135,-36,Tepat Waktu,1.0,0.0
MHS004910,2022,,2.74,2.74,142,59,144,-2,Terlambat,0.0007,0.9993
MHS005087,2024,,2.61,2.24,58,24,95,-37,Tepat Waktu,1.0,0.0
MHS005114,2022,,2.83,2.22,136,56,144,-8,Terlambat,0.0,1.0
MHS005808,2023,,2.57,2.08,90,34,135,-45,Tepat Waktu,1.0,0.0
MHS000383,2024,,2.48,2.48,58,23,95,-37,Tepat Waktu,1.0,0.0
MHS000476,2024,,2.6,2.53,17,6,95,-78,Tepat Waktu,1.0,0.0
MHS000569,2023,,2.6,2.6,105,39,135,-30,Tepat Waktu,1.0,0.0
MHS000879,2020,,1.61,1.73,142,59,144,-2,Terlambat,0.0,1.0
MHS001603,2023,,2.84,2.84,109,44,135,-26,Tepat Waktu,1.0,0.0
MHS001716,2024,,2.28,1.99,56,25,95,-39,Tepat Waktu,1.0,0.0
MHS001837,2021,,2.41,2.41,156,64,144,12,Terlambat,0.0,1.0
MHS002682,2023,,2.38,1.78,95,32,135,-40,Tepat Waktu,1.0,0.0
MHS003046,2023,,2.77,2.77,102,39,135,-33,Tepat Waktu,1.0,0.0
MHS003327,2023,,2.27,1.57,53,20,135,-82,Tepat Waktu,1.0,0.0
MHS003455,2022,,2.72,2.72,143,55,144,-1,Terlambat,0.0005,0.9995
MHS003464,2023,,2.33,2.33,104,38,135,-31,Tepat Waktu,1.0,0.0
MHS005218,2024,,2.58,2.12,57,23,95,-38,Tepat Waktu,1.0,0.0
MHS005840,2021,,2.9,1.82,83,33,144,-61,Tepat Waktu,1.0,0.0
MHS005960,2023,,2.72,2.73,101,41,135,-34,Tepat Waktu,1.0,0.0
MHS000273,2024,,2.46,2.46,59,25,95,-36,Tepat Waktu,1.0,0.0
MHS001010,2023,,2.28,2.22,94,34,135,-41,Tepat Waktu,1.0,0.0
MHS001051,2024,,2.31,2.25,55,23,95,-40,Tepat Waktu,1.0,0.0
MHS001146,2020,,2.26,2.08,159,59,144,15,Terlambat,0.0,1.0
MHS001735,2024,,2.61,2.61,18,7,95,-77,Tepat Waktu,1.0,0.0
MHS002989,2024,,2.34,2.36,58,25,95,-37,Tepat Waktu,1.0,0.0
MHS003026,2024,,2.4,2.21,59,24,95,-36,Tepat Waktu,1.0,0.0
MHS003137,2023,,2.49,2.49,106,46,135,-29,Tepat Waktu,1.0,0.0
MHS003642,2023,,2.5,2.51,103,39,135,-32,Tepat Waktu,1.0,0.0
MHS004439,2019,,2.45,1.9,176,65,144,32,Terlambat,0.0045,0.9955
MHS004578,2024,,2.7,0.47,17,7,95,-78,Tepat Waktu,1.0,0.0
MHS005028,2024,,2.54,2.41,59,26,95,-36,Tepat Waktu,1.0,0.0
MHS005511,2023,,2.44,2.42,103,39,135,-32,Tepat Waktu,1.0,0.0
MHS000141,2022,,2.28,2.15,94,37,144,-50,Tepat Waktu,1.0,0.0
MHS000159,2020,,3.29,3.29,147,58,144,3,Terlambat,0.475,0.525
MHS000366,2023,,2.88,2.88,106,40,135,-29,Tepat Waktu,1.0,0.0
MHS000446,2021,,3.21,3.21,158,63,144,14,Tepat Waktu,0.8978,0.1022
MHS000696,2020,,2.33,2.33,149,57,144,5,Terlambat,0.0,1.0
MHS000732,2024,,2.31,2.32,57,24,95,-38,Tepat Waktu,1.0,0.0
MHS002240,2024,,2.61,2.61,59,24,95,-36,Tepat Waktu,1.0,0.0
MHS002424,2023,,2.76,2.76,107,43,135,-28,Tepat Waktu,1.0,0.0
MHS002630,2024,,2.6,2.6,60,26,95,-35,Tepat Waktu,1.0,0.0
MHS002842,2024,,2.71,2.71,56,21,95,-39,Tepat Waktu,1.0,0.0
MHS002889,2024,,2.39,2.23,56,21,95,-39,Tepat Waktu,1.0,0.0
MHS003974,2024,,2.44,2.4,59,26,95,-36,Tepat Waktu,1.0,0.0
MHS004223,2023,,2.77,2.17,96,40,135,-39,Tepat Waktu,1.0,0.0
MHS005585,2024,,2.65,2.24,58,24,95,-37,Tepat Waktu,1.0,0.0
MHS000567,2020,,2.39,2.39,150,63,144,6,Terlambat,0.0,1.0
MHS000613,2024,,2.53,2.52,57,24,95,-38,Tepat Waktu,1.0,0.0
MHS000629,2021,,2.39,2.4,156,58,144,12,Terlambat,0.0,1.0
MHS000665,2023,,2.0,2.01,96,37,135,-39,Tepat Waktu,1.0,0.0
MHS001101,2021,,3.03,3.03,150,58,144,6,Terlambat,0.0934,0.9066
MHS001427,2024,,2.83,2.83,58,23,95,-37,Tepat Waktu,1.0,0.0
MHS001705,2024,,2.43,2.43,58,23,95,-37,Tepat Waktu,1.0,0.0
MHS001728,2024,,2.64,2.64,58,23,95,-37,Tepat Waktu,1.0,0.0
MHS001992,2024,,2.23,2.24,60,24,95,-35,Tepat Waktu,1.0,0.0
MHS002681,2024,,2.39,2.24,56,21,95,-39,Tepat Waktu,1.0,0.0
MHS003675,2023,,3.3,3.32,107,41,135,-28,Tepat Waktu,1.0,0.0
MHS004928,2024,,2.57,1.91,55,21,95,-40,Tepat Waktu,1.0,0.0
MHS005626,2024,,2.65,2.4,58,24,95,-37,Tepat Waktu,1.0,0.0
MHS000359,2024,,2.36,2.36,59,25,95,-36,Tepat Waktu,1.0,0.0
MHS000371,2023,,3.11,3.11,18,7,135,-117,Tepat Waktu,1.0,0.0
MHS000870,2023,,3.23,3.23,105,39,135,-30,Tepat Waktu,1.0,0.0
MHS001156,2024,,2.36,2.37,56,25,95,-39,Tepat Waktu,1.0,0.0
MHS001273,2024,,2.36,2.36,62,23,95,-33,Tepat Waktu,1.0,0.0
MHS001720,2023,,3.12,3.12,107,40,135,-28,Tepat Waktu,1.0,0.0
MHS002191,2023,,3.27,3.29,110,42,135,-25,Tepat Waktu,1.0,0.0
MHS002513,2022,,1.62,1.91,140,51,144,-4,Terlambat,0.0,1.0
MHS002582,2023,,2.74,2.74,106,42,135,-29,Tepat Waktu,1.0,0.0
MHS002660,2023,,2.66,2.66,104,39,135,-31,Tepat Waktu,1.0,0.0
MHS002927,2024,,2.38,2.15,59,24,95,-36,Tepat Waktu,1.0,0.0
MHS003480,2023,,2.71,2.35,96,39,135,-39,Tepat Waktu,1.0,0.0
MHS003946,2023,,2.91,2.91,105,41,135,-30,Tepat Waktu,1.0,0.0
MHS005493,2023,,2.49,2.5,106,41,135,-29,Tepat Waktu,1.0,0.0
MHS005816,2024,,2.67,2.3,58,24,95,-37,Tepat Waktu,1.0,0.0
MHS006083,2023,,2.96,2.96,103,40,135,-32,Tepat Waktu,1.0,0.0
MHS000174,2020,,2.48,2.48,146,56,144,2,Terlambat,0.0,1.0
MHS000392,2021,,3.25,3.25,152,61,144,8,Tepat Waktu,0.6759,0.3241
MHS000611,2020,,2.93,2.93,149,59,144,5,Terlambat,0.0173,0.9827
MHS000952,2022,,3.25,3.26,143,58,144,-1,Terlambat,0.469,0.531
MHS001764,2024,,2.14,2.14,57,24,95,-38,Tepat Waktu,1.0,0.0
MHS001916,2023,,2.86,2.85,106,40,135,-29,Tepat Waktu,1.0,0.0
MHS002027,2023,,2.6,2.6,100,40,135,-35,Tepat Waktu,1.0,0.0
MHS002458,2024,,2.56,2.57,60,26,95,-35,Tepat Waktu,1.0,0.0
MHS002942,2023,,3.0,3.0,105,41,135,-30,Tepat Waktu,1.0,0.0
MHS003541,2023,,3.04,3.04,101,39,135,-34,Tepat Waktu,1.0,0.0
MHS003804,2023,,2.85,2.85,107,41,135,-28,Tepat Waktu,1.0,0.0
MHS003976,2023,,2.35,2.27,99,37,135,-36,Tepat Waktu,1.0,0.0
MHS005322,2024,,2.59,2.59,57,25,95,-38,Tepat Waktu,1.0,0.0
MHS005923,2023,,2.76,2.76,108,51,135,-27,Tepat Waktu,1.0,0.0
MHS000080,2020,,2.39,2.39,144,53,144,0,Terlambat,0.0,1.0
MHS000726,2022,,2.32,1.96,128,51,144,-16,Terlambat,0.0,1.0
MHS000751,2023,,2.23,2.23,101,38,135,-34,Tepat Waktu,1.0,0.0
MHS001034,2023,,2.7,2.71,103,49,135,-32,Tepat Waktu,1.0,0.0
MHS001264,2019,,2.21,2.22,141,55,144,-3,Terlambat,0.0,1.0
MHS001328,2020,,2.76,2.76,150,61,144,6,Terlambat,0.0015,0.9985
MHS001836,2023,,1.64,1.41,74,27,135,-61,Tepat Waktu,1.0,0.0
MHS001870,2023,,2.53,2.53,104,42,135,-31,Tepat Waktu,1.0,0.0
MHS002089,2020,,1.39,1.62,155,67,144,11,Terlambat,0.0,1.0
MHS002951,2024,,2.44,1.75,55,23,95,-40,Tepat Waktu,1.0,0.0
MHS003770,2024,,2.35,2.07,60,22,95,-35,Tepat Waktu,1.0,0.0
MHS003914,2022,,2.53,2.06,124,47,144,-20,Terlambat,0.0006,0.9994
MHS004345,2023,,2.61,2.6,100,37,135,-35,Tepat Waktu,1.0,0.0
MHS004919,2023,,2.72,2.72,105,46,135,-30,Tepat Waktu,1.0,0.0
MHS005818,2022,,2.83,2.31,137,55,144,-7,Terlambat,0.0,1.0
MHS005952,2024,,2.72,1.8,58,21,95,-37,Tepat Waktu,1.0,0.0
MHS006034,2023,,2.89,2.89,107,42,135,-28,Tepat Waktu,1.0,0.0
MHS000022,2022,,2.73,2.73,57,22,144,-87,Tepat Waktu,1.0,0.0
MHS000089,2021,,2.94,2.94,147,56,144,3,Terlambat,0.0152,0.9848
MHS000110,2021,,3.2,3.2,145,55,144,1,Terlambat,0.2859,0.7141
MHS000224,2023,,2.3,2.31,98,39,135,-37,Tepat Waktu,1.0,0.0
MHS000671,2023,,2.93,2.93,106,40,135,-29,Tepat Waktu,1.0,0.0
MHS000682,2020,,2.59,2.59,149,59,144,5,Terlambat,0.0,1.0
MHS001915,2023,,2.08,2.15,99,37,135,-36,Tepat Waktu,1.0,0.0
MHS002152,2024,,2.29,2.16,59,24,95,-36,Tepat Waktu,1.0,0.0
MHS003236,2022,,3.5,3.49,141,54,144,-3,Tepat Waktu,0.8542,0.1458
MHS003381,2023,,2.34,2.34,100,47,135,-35,Tepat Waktu,1.0,0.0
MHS004309,2024,,2.5,2.14,57,22,95,-38,Tepat Waktu,1.0,0.0
MHS004312,2024,,1.42,1.84,60,22,95,-35,Tepat Waktu,1.0,0.0
MHS004870,2023,,2.89,2.89,104,40,135,-31,Tepat Waktu,1.0,0.0
MHS005250,2023,,3.16,3.16,103,39,135,-32,Tepat Waktu,1.0,0.0
MHS005509,2023,,2.89,2.89,107,37,135,-28,Tepat Waktu,1.0,0.0
MHS000051,2021,,2.6,2.6,146,58,144,2,Terlambat,0.0001,0.9999
MHS000590,2023,,2.27,2.28,99,44,135,-36,Tepat Waktu,1.0,0.0
MHS000662,2020,,1.61,1.67,141,57,144,-3,Terlambat,0.0,1.0
MHS000806,2022,,2.29,1.32,55,22,144,-89,Tepat Waktu,1.0,0.0
MHS000824,2019,,2.17,2.24,157,64,144,13,Terlambat,0.0,1.0
MHS004260,2024,,2.49,2.17,58,24,95,-37,Tepat Waktu,1.0,0.0
MHS004530,2023,,2.65,2.65,106,50,135,-29,Tepat Waktu,1.0,0.0
MHS004819,2022,,2.62,1.63,119,43,144,-25,Terlambat,0.0001,0.9999
MHS005868,2024,,2.64,2.24,59,22,95,-36,Tepat Waktu,1.0,0.0
MHS005942,2024,,2.91,2.94,36,14,95,-59,Tepat Waktu,1.0,0.0
MHS000694,2024,,2.25,2.25,59,25,95,-36,Tepat Waktu,1.0,0.0
MHS000846,2023,,2.82,2.82,101,48,135,-34,Tepat Waktu,1.0,0.0
MHS001134,2023,,2.6,2.6,103,49,135,-32,Tepat Waktu,1.0,0.0
MHS001543,2023,,3.04,3.04,103,38,135,-32,Tepat Waktu,1.0,0.0
MHS001604,2023,,2.82,2.8,109,44,135,-26,Tepat Waktu,1.0,0.0
MHS002177,2023,,3.5,3.5,36,14,135,-99,Tepat Waktu,1.0,0.0
MHS002600,2023,,2.45,2.45,101,39,135,-34,Tepat Waktu,1.0,0.0
MHS003389,2021,,2.25,1.67,82,33,144,-62,Tepat Waktu,1.0,0.0
MHS004052,2023,,2.59,2.59,106,39,135,-29,Tepat Waktu,1.0,0.0
MHS005267,2023,,2.94,2.94,109,42,135,-26,Tepat Waktu,1.0,0.0
MHS005357,2022,,3.47,3.48,142,55,144,-2,Tepat Waktu,0.8063,0.1937
MHS005721,2024,,2.66,2.51,58,24,95,-37,Tepat Waktu,1.0,0.0
MHS005729,2023,,3.05,3.05,103,40,135,-32,Tepat Waktu,1.0,0.0
MHS005888,2024,,2.71,2.24,58,24,95,-37,Tepat Waktu,1.0,0.0
MHS000084,2023,,2.63,2.63,101,48,135,-34,Tepat Waktu,1.0,0.0
MHS000216,2020,,2.18,2.2,147,52,144,3,Terlambat,0.0,1.0
MHS000322,2021,,3.08,3.08,152,51,144,8,Terlambat,0.2015,0.7985
MHS000530,2024,,2.22,2.15,56,22,95,-39,Tepat Waktu,1.0,0.0
MHS000771,2023,,2.76,2.76,106,40,135,-29,Tepat Waktu,1.0,0.0
MHS000943,2020,,2.08,2.05,141,53,144,-3,Terlambat,0.0,1.0
MHS002055,2023,,2.75,2.76,106,42,135,-29,Tepat Waktu,1.0,0.0
MHS002690,2023,,2.4,2.12,94,35,135,-41,Tepat Waktu,1.0,0.0
MHS002816,2024,,2.27,2.18,58,25,95,-37,Tepat Waktu,1.0,0.0
MHS004645,2023,,2.5,2.49,104,40,135,-31,Tepat Waktu,1.0,0.0
MHS000892,2019,,1.76,1.67,143,58,144,-1,Terlambat,0.0,1.0
MHS000936,2021,,2.58,2.58,157,64,144,13,Terlambat,0.0004,0.9996
MHS001553,2020,,2.34,2.06,161,62,144,17,Terlambat,0.0,1.0
MHS001984,2024,,2.53,2.52,57,24,95,-38,Tepat Waktu,1.0,0.0
MHS003285,2022,,2.53,2.14,129,50,144,-15,Terlambat,0.0,1.0
MHS004131,2023,,2.54,2.54,105,49,135,-30,Tepat Waktu,1.0,0.0
MHS004880,2023,,2.53,1.85,94,37,135,-41,Tepat Waktu,1.0,0.0
MHS005385,2024,,2.57,2.16,59,22,95,-36,Tepat Waktu,1.0,0.0
MHS005755,2024,,2.67,2.26,58,24,95,-37,Tepat Waktu,1.0,0.0
MHS000085,2023,,2.66,2.66,56,22,135,-79,Tepat Waktu,1.0,0.0
MHS000310,2023,,2.7,2.7,104,39,135,-31,Tepat Waktu,1.0,0.0
MHS000683,2023,,2.78,2.78,107,40,135,-28,Tepat Waktu,1.0,0.0
MHS001688,2024,,2.54,2.54,58,23,95,-37,Tepat Waktu,1.0,0.0
MHS001745,2022,,3.07,3.06,140,55,144,-4,Terlambat,0.1254,0.8746
MHS003289,2022,,2.37,1.87,125,47,144,-19,Terlambat,0.0,1.0
MHS004033,2024,,2.6,2.6,56,21,95,-39,Tepat Waktu,1.0,0.0
MHS004984,2024,,2.62,2.61,61,28,95,-34,Tepat Waktu,1.0,0.0
MHS006086,2023,,2.66,2.25,97,36,135,-38,Tepat Waktu,1.0,0.0
MHS000545,2020,,2.03,1.93,142,51,144,-2,Terlambat,0.0,1.0
MHS001388,2023,,2.31,2.08,95,38,135,-40,Tepat Waktu,1.0,0.0
MHS002146,2024,,2.08,2.13,57,24,95,-38,Tepat Waktu,1.0,0.0
MHS002203,2023,,2.45,2.46,98,38,135,-37,Tepat Waktu,1.0,0.0
MHS002561,2024,,2.47,2.17,54,21,95,-41,Tepat Waktu,1.0,0.0
MHS003698,2024,,2.41,2.12,57,22,95,-38,Tepat Waktu,1.0,0.0
MHS004440,2023,,2.51,2.48,102,48,135,-33,Tepat Waktu,1.0,0.0
MHS004768,2023,,2.62,2.61,101,39,135,-34,Tepat Waktu,1.0,0.0
MHS005719,2023,,2.62,2.68,105,39,135,-30,Tepat Waktu,1.0,0.0
MHS000007,2021,,0.94,0.78,106,45,144,-38,Terlambat,0.0,1.0
MHS000844,2019,,2.31,2.31,149,58,144,5,Terlambat,0.0,1.0
MHS001093,2024,,2.33,1.85,55,23,95,-40,Tepat Waktu,1.0,0.0
MHS001173,2024,,2.37,2.37,58,23,95,-37,Tepat Waktu,1.0,0.0
MHS001429,2021,,2.32,2.3,157,60,144,13,Terlambat,0.0,1.0
MHS001935,2024,,2.3,2.14,56,25,95,-39,Tepat Waktu,1.0,0.0
MHS002221,2022,,2.29,2.21,136,51,144,-8,Terlambat,0.0,1.0
MHS002355,2024,,1.87,2.09,61,28,95,-34,Tepat Waktu,1.0,0.0
MHS002395,2023,,2.39,2.39,103,41,135,-32,Tepat Waktu,1.0,0.0
MHS002398,2023,,2.11,1.77,98,35,135,-37,Tepat Waktu,1.0,0.0
MHS002425,2023,,2.47,2.47,101,45,135,-34,Tepat Waktu,1.0,0.0
MHS002509,2022,,2.27,2.28,130,49,144,-14,Terlambat,0.0,1.0
MHS002860,2024,,2.43,2.32,55,23,95,-40,Tepat Waktu,1.0,0.0
MHS003596,2023,,2.83,2.83,104,41,135,-31,Tepat Waktu,1.0,0.0
MHS003654,2022,,2.87,2.88,142,57,144,-2,Terlambat,0.0094,0.9906
MHS004505,2024,,2.51,2.49,57,22,95,-38,Tepat Waktu,1.0,0.0
MHS004617,2023,,3.04,3.04,107,41,135,-28,Tepat Waktu,1.0,0.0
MHS005154,2024,,2.56,2.38,59,26,95,-36,Tepat Waktu,1.0,0.0
MHS005172,2023,,2.64,2.38,97,42,135,-38,Tepat Waktu,1.0,0.0
MHS005786,2022,,2.62,2.62,141,55,144,-3,Terlambat,0.0001,0.9999
MHS006114,2024,,1.36,2.0,59,22,95,-36,Tepat Waktu,1.0,0.0
MHS000109,2021,,2.68,2.68,145,57,144,1,Terlambat,0.0003,0.9997
MHS000178,2020,,2.14,2.14,146,60,144,2,Terlambat,0.0,1.0
MHS000287,2023,,2.39,2.39,104,39,135,-31,Tepat Waktu,1.0,0.0
MHS000407,2023,,2.59,2.59,102,38,135,-33,Tepat Waktu,1.0,0.0
MHS000727,2020,,2.79,2.79,149,58,144,5,Terlambat,0.0017,0.9983
MHS003007,2024,,2.55,2.39,61,28,95,-34,Tepat Waktu,1.0,0.0
MHS003927,2024,,2.44,1.9,58,25,95,-37,Tepat Waktu,1.0,0.0
MHS004134,2024,,2.64,2.64,56,21,95,-39,Tepat Waktu,1.0,0.0
MHS004717,2024,,2.56,2.57,58,23,95,-37,Tepat Waktu,1.0,0.0
MHS005201,2024,,2.61,2.21,58,24,95,-37,Tepat Waktu,1.0,0.0
MHS005928,2024,,2.63,2.21,57,25,95,-38,Tepat Waktu,1.0,0.0
MHS000079,2019,,2.44,2.44,144,57,144,0,Terlambat,0.0,1.0
MHS000148,2021,,2.65,2.65,144,60,144,0,Terlambat,0.0001,0.9999
MHS000206,2023,,2.79,2.79,105,50,135,-30,Tepat Waktu,1.0,0.0
MHS000857,2024,,2.09,2.0,60,24,95,-35,Tepat Waktu,1.0,0.0
MHS000987,2021,,2.91,2.91,154,59,144,10,Terlambat,0.0424,0.9576
MHS000994,2024,,2.18,2.19,57,24,95,-38,Tepat Waktu,1.0,0.0
MHS001586,2023,,2.95,2.95,105,40,135,-30,Tepat Waktu,1.0,0.0
MHS001748,2020,,2.05,2.05,154,60,144,10,Terlambat,0.0,1.0
MHS001760,2024,,2.06,2.07,59,24,95,-36,Tepat Waktu,1.0,0.0
MHS001769,2024,,2.28,2.14,59,23,95,-36,Tepat Waktu,1.0,0.0
MHS002040,2024,,1.64,1.66,57,24,95,-38,Tepat Waktu,1.0,0.0
MHS002521,2019,,2.39,2.38,151,60,144,7,Terlambat,0.0,1.0
MHS003328,2022,,2.6,2.6,142,58,144,-2,Terlambat,0.0001,0.9999
MHS004232,2023,,3.07,3.07,103,35,135,-32,Tepat Waktu,1.0,0.0
MHS004429,2023,,2.86,2.86,107,41,135,-28,Tepat Waktu,1.0,0.0
MHS004555,2024,,2.56,2.56,59,26,95,-36,Tepat Waktu,1.0,0.0
MHS004628,2023,,2.61,2.65,103,40,135,-32,Tepat Waktu,1.0,0.0
MHS005042,2022,,2.64,2.61,117,43,144,-27,Tepat Waktu,0.9999,0.0001
MHS005079,2024,,2.57,2.16,57,25,95,-38,Tepat Waktu,1.0,0.0
MHS005350,2024,,2.58,2.13,57,23,95,-38,Tepat Waktu,1.0,0.0
MHS005501,2024,,2.63,2.53,59,22,95,-36,Tepat Waktu,1.0,0.0
MHS005774,2023,,2.43,2.44,105,39,135,-30,Tepat Waktu,1.0,0.0
MHS006099,2023,,2.74,2.72,108,51,135,-27,Tepat Waktu,1.0,0.0
MHS000112,2021,,2.11,1.69,92,36,144,-52,Tepat Waktu,1.0,0.0
MHS001194,2023,,2.54,2.55,103,49,135,-32,Tepat Waktu,1.0,0.0
MHS001489,2024,,2.23,2.23,58,23,95,-37,Tepat Waktu,1.0,0.0
MHS003891,2024,,2.53,2.52,62,23,95,-33,Tepat Waktu,1.0,0.0
MHS004191,2024,,2.47,2.01,56,21,95,-39,Tepat Waktu,1.0,0.0
MHS004883,2024,,2.54,2.41,56,21,95,-39,Tepat Waktu,1.0,0.0
MHS005009,2024,,2.59,2.59,56,21,95,-39,Tepat Waktu,1.0,0.0
MHS000204,2020,,2.86,2.86,146,59,144,2,Terlambat,0.0055,0.9945
MHS001876,2024,,2.3,2.0,56,25,95,-39,Tepat Waktu,1.0,0.0
MHS002628,2024,,2.52,2.52,60,26,95,-35,Tepat Waktu,1.0,0.0
MHS003152,2023,,2.42,2.42,103,39,135,-32,Tepat Waktu,1.0,0.0
MHS003458,2022,,2.39,2.11,125,46,144,-19,Terlambat,0.0001,0.9999
MHS003757,2024,,2.56,2.27,54,21,95,-41,Tepat Waktu,1.0,0.0
MHS004042,2024,,2.47,2.32,57,22,95,-38,Tepat Waktu,1.0,0.0
MHS004304,2023,,2.39,2.38,103,35,135,-32,Tepat Waktu,1.0,0.0
MHS004401,2023,,2.35,2.13,92,34,135,-43,Tepat Waktu,1.0,0.0
MHS004988,2024,,2.6,2.52,58,24,95,-37,Tepat Waktu,1.0,0.0
MHS005538,2023,,2.93,2.93,101,39,135,-34,Tepat Waktu,1.0,0.0
MHS006021,2024,,2.72,2.34,58,24,95,-37,Tepat Waktu,1.0,0.0
MHS000154,2021,,2.7,2.7,148,58,144,4,Terlambat,0.0004,0.9996
MHS000423,2021,,1.82,1.86,103,39,144,-41,Tepat Waktu,0.9999,0.0001
MHS000961,2020,,2.9,2.9,152,63,144,8,Terlambat,0.0453,0.9547
MHS001212,2021,,2.78,2.78,151,57,144,7,Terlambat,0.0024,0.9976
MHS001419,2020,,2.87,2.87,150,62,144,6,Terlambat,0.0115,0.9885
MHS001437,2020,,2.72,2.72,150,57,144,6,Terlambat,0.0005,0.9995
MHS002119,2023,,2.81,2.81,102,38,135,-33,Tepat Waktu,1.0,0.0
MHS003624,2024,,2.43,2.25,59,24,95,-36,Tepat Waktu,1.0,0.0
MHS003829,2023,,2.5,2.5,103,41,135,-32,Tepat Waktu,1.0,0.0
MHS005323,2023,,2.51,2.53,104,42,135,-31,Tepat Waktu,1.0,0.0
MHS005924,2023,,3.13,3.12,110,41,135,-25,Tepat Waktu,1.0,0.0
MHS006142,2023,,3.17,3.17,103,40,135,-32,Tepat Waktu,1.0,0.0
MHS000055,2023,,1.23,1.21,56,22,135,-79,Tepat Waktu,1.0,0.0
MHS000329,2020,,2.53,2.53,144,57,144,0,Terlambat,0.0,1.0
MHS001303,2023,,2.44,2.43,102,38,135,-33,Tepat Waktu,1.0,0.0
MHS001347,2024,,2.61,2.61,59,24,95,-36,Tepat Waktu,1.0,0.0
MHS002329,2023,,2.64,1.75,96,41,135,-39,Tepat Waktu,1.0,0.0
MHS002381,2024,,2.31,2.2,59,24,95,-36,Tepat Waktu,1.0,0.0
MHS002935,2024,,1.56,1.69,57,24,95,-38,Tepat Waktu,1.0,0.0
MHS005366,2023,,2.88,2.88,106,41,135,-29,Tepat Waktu,1.0,0.0
MHS006096,2023,,2.83,2.43,96,40,135,-39,Tepat Waktu,1.0,0.0
MHS000269,2021,,2.25,2.25,149,60,144,5,Terlambat,0.0,1.0
MHS000437,2021,,2.44,2.44,154,61,144,10,Terlambat,0.0,1.0
MHS000523,2021,,3.09,3.09,76,30,144,-68,Tepat Waktu,1.0,0.0
MHS001618,2020,,2.12,2.13,150,61,144,6,Terlambat,0.0,1.0
MHS002004,2024,,2.12,2.18,57,24,95,-38,Tepat Waktu,1.0,0.0
MHS002392,2024,,2.05,2.15,57,24,95,-38,Tepat Waktu,1.0,0.0
MHS002678,2022,,2.69,2.7,141,56,144,-3,Terlambat,0.0003,0.9997
MHS005097,2023,,2.82,2.22,96,34,135,-39,Tepat Waktu,1.0,0.0
MHS005289,2023,,2.48,2.42,104,42,135,-31,Tepat Waktu,1.0,0.0
MHS000113,2023,,2.76,2.76,105,39,135,-30,Tepat Waktu,1.0,0.0
MHS000195,2021,,2.83,2.83,98,38,144,-46,Tepat Waktu,1.0,0.0
MHS000240,2020,,2.69,2.68,154,53,144,10,Terlambat,0.0006,0.9994
MHS000257,2021,,2.9,2.9,149,59,144,5,Terlambat,0.0156,0.9844
MHS000319,2020,,2.77,2.77,144,56,144,0,Terlambat,0.0012,0.9988
MHS000370,2024,,1.92,1.95,57,24,95,-38,Tepat Waktu,1.0,0.0
MHS000510,2023,,2.76,2.76,101,41,135,-34,Tepat Waktu,1.0,0.0
MHS002106,2023,,2.76,2.76,108,44,135,-27,Tepat Waktu,1.0,0.0
MHS002111,2024,,2.31,2.04,56,25,95,-39,Tepat Waktu,1.0,0.0
MHS003079,2022,,2.6,2.64,137,57,144,-7,Terlambat,0.0004,0.9996
MHS003493,2024,,2.53,2.52,59,24,95,-36,Tepat Waktu,1.0,0.0
MHS003600,2024,,2.41,2.14,57,22,95,-38,Tepat Waktu,1.0,0.0
MHS003728,2023,,2.53,2.24,95,35,135,-40,Tepat Waktu,1.0,0.0
MHS005163,2023,,2.58,2.13,98,37,135,-37,Tepat Waktu,1.0,0.0
MHS005279,2024,,2.56,2.37,59,23,95,-36,Tepat Waktu,1.0,0.0
MHS005468,2024,,2.61,1.88,55,21,95,-40,Tepat Waktu,1.0,0.0
MHS005588,2023,,2.66,2.66,107,37,135,-28,Tepat Waktu,1.0,0.0
MHS000356,2024,,2.02,2.06,56,21,95,-39,Tepat Waktu,1.0,0.0
MHS000389,2020,,2.35,2.35,144,57,144,0,Terlambat,0.0,1.0
MHS001188,2020,,2.36,2.37,158,63,144,14,Terlambat,0.0,1.0
MHS001573,2024,,2.69,2.69,60,24,95,-35,Tepat Waktu,1.0,0.0
MHS002086,2023,,2.68,2.68,102,38,135,-33,Tepat Waktu,1.0,0.0
MHS002274,2023,,2.31,2.27,94,36,135,-41,Tepat Waktu,1.0,0.0
MHS002869,2023,,2.32,2.21,99,40,135,-36,Tepat Waktu,1.0,0.0
MHS003383,2023,,2.48,2.48,98,38,135,-37,Tepat Waktu,1.0,0.0
MHS004072,2024,,2.46,2.36,58,23,95,-37,Tepat Waktu,1.0,0.0
MHS004097,2024,,2.47,2.06,56,21,95,-39,Tepat Waktu,1.0,0.0
MHS004287,2022,,2.59,2.57,141,53,144,-3,Terlambat,0.0,1.0
MHS004320,2022,,3.13,3.13,143,54,144,-1,Terlambat,0.1488,0.8512
MHS004466,2024,,2.52,1.98,58,23,95,-37,Tepat Waktu,1.0,0.0
MHS004506,2024,,2.56,2.39,62,23,95,-33,Tepat Waktu,1.0,0.0
MHS004631,2023,,2.55,2.46,99,43,135,-36,Tepat Waktu,1.0,0.0
MHS004975,2022,,2.69,2.69,143,56,144,-1,Terlambat,0.0003,0.9997
MHS005234,2024,,2.58,2.09,55,21,95,-40,Tepat Waktu,1.0,0.0
MHS000368,2021,,2.6,2.6,143,55,144,-1,Terlambat,0.0001,0.9999
MHS000940,2020,,1.4,1.4,152,63,144,8,Terlambat,0.0,1.0
MHS000957,2024,,2.33,2.32,58,23,95,-37,Tepat Waktu,1.0,0.0
MHS001047,2023,,2.4,2.4,101,38,135,-34,Tepat Waktu,1.0,0.0
MHS001070,2019,,1.6,1.56,129,49,144,-15,Terlambat,0.0,1.0
MHS001155,2023,,3.05,3.04,108,41,135,-27,Tepat Waktu,1.0,0.0
MHS001283,2024,,2.44,2.44,56,25,95,-39,Tepat Waktu,1.0,0.0
MHS001290,2023,,2.56,2.56,102,38,135,-33,Tepat Waktu,1.0,0.0
MHS002543,2022,,2.76,2.77,142,57,144,-2,Terlambat,0.0015,0.9985
MHS003552,2023,,2.5,2.5,102,39,135,-33,Tepat Waktu,1.0,0.0
MHS004212,2023,,2.69,2.68,102,39,135,-33,Tepat Waktu,1.0,0.0
MHS005577,2023,,2.33,2.37,101,41,135,-34,Tepat Waktu,1.0,0.0
MHS005757,2024,,2.63,2.37,59,22,95,-36,Tepat Waktu,1.0,0.0
MHS000996,2021,,3.22,3.22,151,63,144,7,Tepat Waktu,0.6607,0.3393
MHS001081,2021,,2.86,2.86,150,69,144,6,Terlambat,0.1032,0.8968
MHS001086,2020,,2.08,2.02,156,65,144,12,Terlambat,0.0,1.0
MHS001373,2021,,2.99,2.99,151,57,144,7,Terlambat,0.0418,0.9582
MHS002350,2021,,2.58,2.57,159,64,144,15,Terlambat,0.0008,0.9992
MHS002445,2022,,2.33,2.1,127,50,144,-17,Terlambat,0.0,1.0
MHS002606,2024,,2.41,2.13,55,23,95,-40,Tepat Waktu,1.0,0.0
MHS003674,2024,,2.61,2.26,61,28,95,-34,Tepat Waktu,1.0,0.0
MHS004087,2020,,2.34,2.33,155,58,144,11,Terlambat,0.0,1.0
MHS004237,2022,,3.12,3.12,143,54,144,-1,Terlambat,0.1353,0.8647
MHS004357,2022,,2.67,2.0,135,54,144,-9,Terlambat,0.0,1.0
MHS004685,2023,,3.1,3.1,105,41,135,-30,Tepat Waktu,1.0,0.0
MHS004791,2022,,2.57,1.61,117,46,144,-27,Terlambat,0.0001,0.9999
MHS005758,2023,,2.56,2.56,105,39,135,-30,Tepat Waktu,1.0,0.0
MHS006022,2022,,3.17,3.18,139,53,144,-5,Tepat Waktu,0.5347,0.4653
MHS001733,2024,,2.37,2.21,54,21,95,-41,Tepat Waktu,1.0,0.0
MHS002018,2024,,2.86,2.86,58,23,95,-37,Tepat Waktu,1.0,0.0
MHS003781,2023,,2.38,2.44,99,47,135,-36,Tepat Waktu,1.0,0.0
MHS004769,2023,,2.6,2.2,97,39,135,-38,Tepat Waktu,1.0,0.0
MHS004857,2024,,2.53,2.17,56,21,95,-39,Tepat Waktu,1.0,0.0
MHS004933,2023,,2.87,2.87,105,46,135,-30,Tepat Waktu,1.0,0.0
MHS005441,2022,,2.45,2.45,138,52,144,-6,Terlambat,0.0,1.0
MHS005679,2023,,3.12,3.12,107,37,135,-28,Tepat Waktu,1.0,0.0
MHS000207,2020,,2.72,2.72,144,57,144,0,Terlambat,0.0007,0.9993
MHS000255,2019,,2.69,2.69,147,60,144,3,Terlambat,0.0002,0.9998
MHS000334,2024,,2.38,2.38,58,23,95,-37,Tepat Waktu,1.0,0.0
MHS000852,2024,,1.96,1.89,56,22,95,-39,Tepat Waktu,1.0,0.0
MHS001233,2021,,3.01,3.01,153,61,144,9,Terlambat,0.1079,0.8921
MHS001411,2023,,2.59,2.59,108,40,135,-27,Tepat Waktu,1.0,0.0
MHS001914,2020,,2.14,2.18,153,62,144,9,Terlambat,0.0,1.0
MHS001959,2023,,1.65,1.25,94,39,135,-41,Terlambat,0.4421,0.5579
MHS004120,2023,,2.35,1.7,88,38,135,-47,Tepat Waktu,1.0,0.0
MHS004625,2024,,2.53,2.46,58,24,95,-37,Tepat Waktu,1.0,0.0
MHS004724,2024,,2.68,2.05,54,21,95,-41,Tepat Waktu,1.0,0.0
MHS004749,2023,,2.58,2.55,104,40,135,-31,Tepat Waktu,1.0,0.0
MHS000186,2023,,1.93,1.95,57,22,135,-78,Tepat Waktu,1.0,0.0
MHS000395,2019,,3.05,3.05,144,59,144,0,Terlambat,0.0712,0.9288
MHS000487,2023,,2.72,2.73,108,41,135,-27,Tepat Waktu,1.0,0.0
MHS000542,2023,,2.26,1.56,88,35,135,-47,Tepat Waktu,1.0,0.0
MHS001144,2024,,2.06,2.06,58,23,95,-37,Tepat Waktu,1.0,0.0
MHS001298,2023,,2.46,2.46,98,39,135,-37,Tepat Waktu,1.0,0.0
MHS002362,2023,,2.76,2.76,105,42,135,-30,Tepat Waktu,1.0,0.0
MHS002480,2023,,2.04,2.02,101,38,135,-34,Tepat Waktu,1.0,0.0
MHS002570,2024,,2.71,2.71,60,26,95,-35,Tepat Waktu,1.0,0.0
MHS003962,2023,,2.87,2.86,106,42,135,-29,Tepat Waktu,1.0,0.0
MHS004592,2023,,2.6,2.35,97,39,135,-38,Tepat Waktu,1.0,0.0
MHS004762,2024,,2.53,1.95,57,26,95,-38,Tepat Waktu,1.0,0.0
MHS005412,2024,,2.57,2.58,59,22,95,-36,Tepat Waktu,1.0,0.0
MHS000069,2019,,1.95,1.85,142,61,144,-2,Terlambat,0.0,1.0
MHS000191,2020,,2.46,2.46,145,54,144,1,Terlambat,0.0,1.0
MHS000415,2021,,2.42,2.42,152,56,144,8,Terlambat,0.0,1.0
MHS000502,2023,,2.42,2.42,99,39,135,-36,Tepat Waktu,1.0,0.0
MHS000526,2024,,1.44,1.47,58,23,95,-37,Tepat Waktu,1.0,0.0
MHS000632,2019,,2.06,2.03,141,59,144,-3,Terlambat,0.0,1.0
MHS000881,2021,,2.71,2.71,153,62,144,9,Terlambat,0.0017,0.9983
MHS001957,2022,,2.5,2.51,137,50,144,-7,Terlambat,0.0001,0.9999
MHS001990,2023,,2.38,2.37,100,40,135,-35,Tepat Waktu,1.0,0.0
MHS003067,2024,,1.38,1.6,57,21,95,-38,Tepat Waktu,1.0,0.0
MHS003816,2024,,1.28,1.9,54,21,95,-41,Tepat Waktu,1.0,0.0
MHS004660,2022,,2.88,2.88,143,58,144,-1,Terlambat,0.009,0.991
MHS004750,2024,,2.53,2.22,56,21,95,-39,Tepat Waktu,1.0,0.0
MHS004820,2023,,2.97,2.97,108,51,135,-27,Tepat Waktu,1.0,0.0
MHS006059,2023,,2.65,1.02,97,41,135,-38,Tepat Waktu,0.7767,0.2233
MHS000065,2021,,2.03,1.21,136,54,144,-8,Terlambat,0.0,1.0
MHS001127,2023,,2.91,2.91,102,38,135,-33,Tepat Waktu,1.0,0.0
MHS001301,2021,,2.81,2.81,154,59,144,10,Terlambat,0.0086,0.9914
MHS001375,2024,,2.76,2.76,60,24,95,-35,Tepat Waktu,1.0,0.0
MHS003151,2023,,2.47,1.94,95,32,135,-40,Tepat Waktu,1.0,0.0
MHS003337,2024,,2.38,2.33,57,22,95,-38,Tepat Waktu,1.0,0.0
MHS004140,2024,,2.64,2.65,56,21,95,-39,Tepat Waktu,1.0,0.0
MHS004295,2024,,2.61,2.44,54,21,95,-41,Tepat Waktu,1.0,0.0
MHS004924,2024,,2.51,2.24,59,26,95,-36,Tepat Waktu,1.0,0.0
MHS004977,2022,,2.64,1.95,119,50,144,-25,Terlambat,0.0097,0.9903
MHS004999,2023,,2.52,2.53,106,50,135,-29,Tepat Waktu,1.0,0.0
MHS000095,2022,,1.93,1.95,58,23,144,-86,Tepat Waktu,1.0,0.0
MHS000199,2020,,2.42,2.42,145,56,144,1,Terlambat,0.0,1.0
MHS000217,2021,,2.2,1.89,134,54,144,-10,Terlambat,0.0,1.0
MHS000279,2019,,2.3,2.3,147,56,144,3,Terlambat,0.0,1.0
MHS000311,2022,,2.21,2.25,134,56,144,-10,Terlambat,0.0,1.0
MHS001054,2024,,2.12,2.09,60,24,95,-35,Tepat Waktu,1.0,0.0
MHS001494,2023,,2.05,2.01,98,37,135,-37,Tepat Waktu,1.0,0.0
MHS001843,2023,,2.28,2.24,97,43,135,-38,Tepat Waktu,1.0,0.0
MHS002755,2024,,2.27,2.09,57,24,95,-38,Tepat Waktu,1.0,0.0
MHS004071,2023,,2.54,2.54,104,49,135,-31,Tepat Waktu,1.0,0.0
MHS004193,2024,,2.47,2.4,56,21,95,-39,Tepat Waktu,1.0,0.0
MHS005578,2022,,2.77,2.29,137,48,144,-7,Terlambat,0.0001,0.9999
MHS000246,2023,,2.13,1.76,95,35,135,-40,Tepat Waktu,1.0,0.0
MHS000731,2023,,2.76,2.75,104,39,135,-31,Tepat Waktu,1.0,0.0
MHS001357,2021,,2.74,2.74,150,60,144,6,Terlambat,0.0008,0.9992
MHS001380,2023,,2.74,2.74,104,40,135,-31,Tepat Waktu,1.0,0.0
MHS001558,2023,,2.62,2.62,103,49,135,-32,Tepat Waktu,1.0,0.0
MHS002459,2023,,2.84,2.84,104,39,135,-31,Tepat Waktu,1.0,0.0
MHS003262,2023,,2.72,2.73,99,40,135,-36,Tepat Waktu,1.0,0.0
MHS003917,2022,,2.89,2.89,143,58,144,-1,Terlambat,0.0105,0.9895
MHS004683,2024,,2.53,1.87,57,22,95,-38,Tepat Waktu,1.0,0.0
MHS005038,2024,,2.55,2.16,59,26,95,-36,Tepat Waktu,1.0,0.0
MHS005249,2024,,0.17,0.93,56,22,95,-39,Tepat Waktu,1.0,0.0
MHS005716,2022,,2.61,2.59,141,57,144,-3,Terlambat,0.0001,0.9999
MHS006122,2024,,2.65,2.44,57,25,95,-38,Tepat Waktu,1.0,0.0
MHS000081,2019,,2.45,2.45,144,54,144,0,Terlambat,0.0,1.0
MHS000155,2024,,2.55,2.55,60,26,95,-35,Tepat Waktu,1.0,0.0
MHS000189,2023,,2.44,2.44,101,41,135,-34,Tepat Waktu,1.0,0.0
MHS000533,2024,,2.32,2.32,60,24,95,-35,Tepat Waktu,1.0,0.0
MHS000550,2024,,2.25,2.25,59,25,95,-36,Tepat Waktu,1.0,0.0
MHS001635,2023,,2.29,2.29,101,45,135,-34,Tepat Waktu,1.0,0.0
MHS001977,2022,,2.88,2.88,141,57,144,-3,Terlambat,0.0124,0.9876
MHS002409,2024,,3.34,3.24,64,22,95,-31,Tepat Waktu,1.0,0.0
MHS003173,2023,,2.62,2.63,107,41,135,-28,Tepat Waktu,1.0,0.0
MHS003315,2022,,2.29,1.93,137,58,144,-7,Terlambat,0.0,1.0
MHS003499,2023,,2.34,1.95,86,35,135,-49,Tepat Waktu,1.0,0.0
MHS003982,2024,,2.46,2.11,56,21,95,-39,Tepat Waktu,1.0,0.0
MHS005011,2023,,2.61,2.1,97,39,135,-38,Tepat Waktu,1.0,0.0
MHS005137,2022,,2.83,2.53,136,50,144,-8,Terlambat,0.002,0.998
MHS005824,2024,,2.59,1.97,56,22,95,-39,Tepat Waktu,1.0,0.0
MHS005982,2023,,2.84,2.85,106,41,135,-29,Tepat Waktu,1.0,0.0
MHS000062,2021,,2.69,2.69,152,62,144,8,Terlambat,0.0006,0.9994
MHS000077,2023,,2.22,2.23,99,37,135,-36,Tepat Waktu,1.0,0.0
MHS000506,2024,,1.69,1.68,56,22,95,-39,Tepat Waktu,1.0,0.0
MHS000581,2021,,2.87,2.87,150,60,144,6,Terlambat,0.0079,0.9921
MHS000719,2020,,1.47,1.51,143,54,144,-1,Terlambat,0.0,1.0
MHS001700,2023,,2.31,2.2,94,37,135,-41,Tepat Waktu,1.0,0.0
MHS001790,2023,,2.89,2.89,106,40,135,-29,Tepat Waktu,1.0,0.0
MHS002363,2024,,2.38,2.38,57,24,95,-38,Tepat Waktu,1.0,0.0
MHS002583,2023,,2.37,2.37,99,40,135,-36,Tepat Waktu,1.0,0.0
MHS002605,2023,,2.81,1.73,70,27,135,-65,Tepat Waktu,1.0,0.0
MHS002992,2024,,2.34,2.14,57,25,95,-38,Tepat Waktu,1.0,0.0
MHS003237,2023,,2.7,2.23,96,35,135,-39,Tepat Waktu,1.0,0.0
MHS003410,2023,,2.57,2.57,103,39,135,-32,Tepat Waktu,1.0,0.0
MHS004909,2023,,2.94,2.94,105,46,135,-30,Tepat Waktu,1.0,0.0
MHS000075,2024,,2.51,2.51,59,24,95,-36,Tepat Waktu,1.0,0.0
MHS000414,2021,,1.87,1.88,103,41,144,-41,Tepat Waktu,0.9999,0.0001
MHS000637,2020,,2.84,2.84,150,58,144,6,Terlambat,0.0066,0.9934
MHS000646,2024,,2.29,2.12,17,6,95,-78,Tepat Waktu,1.0,0.0
MHS000795,2023,,2.76,2.76,108,41,135,-27,Tepat Waktu,1.0,0.0
MHS001599,2020,,2.28,2.28,150,63,144,6,Terlambat,0.0,1.0
MHS001621,2021,,2.25,2.26,112,42,144,-32,Tepat Waktu,0.9995,0.0005
MHS002000,2023,,2.89,2.89,104,40,135,-31,Tepat Waktu,1.0,0.0
MHS002767,2024,,2.17,2.06,60,23,95,-35,Tepat Waktu,1.0,0.0
MHS003003,2023,,2.56,2.55,102,39,135,-33,Tepat Waktu,1.0,0.0
MHS003218,2023,,2.39,2.43,102,42,135,-33,Tepat Waktu,1.0,0.0
MHS003994,2023,,3.3,3.23,80,31,135,-55,Tepat Waktu,1.0,0.0
MHS004499,2024,,2.53,2.25,58,24,95,-37,Tepat Waktu,1.0,0.0
MHS004872,2024,,2.69,2.3,54,19,95,-41,Tepat Waktu,1.0,0.0
MHS005103,2020,,2.28,1.57,131,51,144,-13,Terlambat,0.0,1.0
MHS000005,2019,,2.67,2.67,146,61,144,2,Terlambat,0.0003,0.9997
MHS000048,2021,,3.12,3.12,59,23,144,-85,Tepat Waktu,1.0,0.0
MHS000511,2024,,2.61,2.61,56,22,95,-39,Tepat Waktu,1.0,0.0
MHS000582,2024,,2.32,2.31,60,24,95,-35,Tepat Waktu,1.0,0.0
MHS000628,2023,,2.69,2.69,107,40,135,-28,Tepat Waktu,1.0,0.0
MHS001114,2024,,2.27,2.21,54,21,95,-41,Tepat Waktu,1.0,0.0
MHS001665,2020,,2.44,2.43,154,59,144,10,Terlambat,0.0,1.0
MHS001677,2024,,2.33,2.33,59,24,95,-36,Tepat Waktu,1.0,0.0
MHS002227,2024,,2.69,2.69,57,24,95,-38,Tepat Waktu,1.0,0.0
MHS002262,2021,,3.34,3.32,153,63,144,9,Tepat Waktu,0.8753,0.1247
MHS003204,2023,,2.5,1.77,79,30,135,-56,Tepat Waktu,1.0,0.0
MHS003330,2023,,2.65,2.65,104,49,135,-31,Tepat Waktu,1.0,0.0
MHS004687,2022,,2.93,2.01,118,46,144,-26,Tepat Waktu,0.7252,0.2748
MHS005943,2023,,2.62,2.64,101,41,135,-34,Tepat Waktu,1.0,0.0
MHS000050,2022,,2.55,2.55,102,39,144,-42,Tepat Waktu,1.0,0.0
MHS000399,2021,,2.83,2.83,143,59,144,-1,Terlambat,0.0063,0.9937
MHS000426,2024,,2.22,2.22,58,23,95,-37,Tepat Waktu,1.0,0.0
MHS000687,2022,,2.31,2.31,134,50,144,-10,Terlambat,0.0,1.0
MHS000759,2024,,1.6,1.59,58,23,95,-37,Tepat Waktu,1.0,0.0
MHS002001,2024,,2.29,2.12,17,6,95,-78,Tepat Waktu,1.0,0.0
MHS002297,2024,,2.1,2.04,62,23,95,-33,Tepat Waktu,1.0,0.0
MHS002428,2023,,2.38,1.96,97,43,135,-38,Tepat Waktu,1.0,0.0
MHS003085,2024,,2.54,2.54,58,25,95,-37,Tepat Waktu,1.0,0.0
MHS003288,2024,,2.5,2.5,59,24,95,-36,Tepat Waktu,1.0,0.0
MHS004301,2024,,2.44,1.99,60,22,95,-35,Tepat Waktu,1.0,0.0
MHS004463,2023,,2.78,1.98,96,40,135,-39,Tepat Waktu,1.0,0.0
MHS004500,2024,,2.71,2.71,57,22,95,-38,Tepat Waktu,1.0,0.0
MHS004503,2023,,3.14,3.14,105,41,135,-30,Tepat Waktu,1.0,0.0
MHS005222,2022,,2.6,2.53,137,56,144,-7,Terlambat,0.0001,0.9999
MHS005711,2024,,2.59,2.27,56,23,95,-39,Tepat Waktu,1.0,0.0
MHS005724,2023,,2.72,2.73,106,41,135,-29,Tepat Waktu,1.0,0.0
MHS005790,2023,,2.77,2.76,105,43,135,-30,Tepat Waktu,1.0,0.0
MHS000201,2019,,2.35,2.35,147,56,144,3,Terlambat,0.0,1.0
MHS000249,2020,,2.44,2.44,144,57,144,0,Terlambat,0.0,1.0
MHS000809,2023,,2.42,2.42,99,39,135,-36,Tepat Waktu,1.0,0.0
MHS000825,2023,,2.61,2.61,102,38,135,-33,Tepat Waktu,1.0,0.0
MHS000894,2024,,2.41,2.41,58,23,95,-37,Tepat Waktu,1.0,0.0
MHS001649,2024,,2.35,2.35,59,23,95,-36,Tepat Waktu,1.0,0.0
MHS002197,2024,,2.9,2.9,58,23,95,-37,Tepat Waktu,1.0,0.0
MHS003321,2023,,2.64,2.64,106,40,135,-29,Tepat Waktu,1.0,0.0
MHS003448,2024,,2.39,2.14,58,24,95,-37,Tepat Waktu,1.0,0.0
MHS003801,2023,,2.72,1.93,96,40,135,-39,Tepat Waktu,1.0,0.0
MHS004160,2023,,2.55,2.4,98,39,135,-37,Tepat Waktu,1.0,0.0
MHS004581,2024,,2.49,2.16,56,21,95,-39,Tepat Waktu,1.0,0.0
MHS005200,2023,,2.57,2.56,99,43,135,-36,Tepat Waktu,1.0,0.0
MHS005451,2023,,2.67,2.21,98,41,135,-37,Tepat Waktu,1.0,0.0
MHS005698,2024,,2.63,2.58,59,22,95,-36,Tepat Waktu,1.0,0.0
MHS005740,2024,,2.62,1.55,55,21,95,-40,Tepat Waktu,1.0,0.0
MHS005901,2023,,2.58,2.34,99,43,135,-36,Tepat Waktu,1.0,0.0
MHS005936,2024,,2.5,2.42,60,25,95,-35,Tepat Waktu,1.0,0.0
MHS000126,2021,,3.29,3.29,147,61,144,3,Tepat Waktu,0.6396,0.3604
MHS001374,2023,,2.27,2.13,97,43,135,-38,Tepat Waktu,1.0,0.0
MHS002065,2023,,2.82,2.25,20,8,135,-115,Tepat Waktu,1.0,0.0
MHS002231,2024,,1.84,1.83,57,24,95,-38,Tepat Waktu,1.0,0.0
MHS003360,2024,,2.3,2.31,60,22,95,-35,Tepat Waktu,1.0,0.0
MHS003524,2023,,2.39,2.04,98,37,135,-37,Tepat Waktu,1.0,0.0
MHS004576,2020,,2.61,2.21,120,44,144,-24,Tepat Waktu,0.7578,0.2422
MHS005300,2022,,2.52,2.27,127,49,144,-17,Terlambat,0.0006,0.9994
MHS005848,2023,,2.53,2.29,100,43,135,-35,Tepat Waktu,1.0,0.0
MHS000167,2020,,2.31,2.31,144,57,144,0,Terlambat,0.0,1.0
MHS000250,2020,,2.89,2.89,148,61,144,4,Terlambat,0.0113,0.9887
MHS000862,2023,,2.65,2.65,105,39,135,-30,Tepat Waktu,1.0,0.0
MHS001179,2023,,2.26,2.24,97,36,135,-38,Tepat Waktu,1.0,0.0
MHS001500,2024,,2.34,2.34,59,24,95,-36,Tepat Waktu,1.0,0.0
MHS001531,2022,,2.61,2.36,114,47,144,-30,Tepat Waktu,0.9998,0.0002
MHS001798,2019,,2.27,2.26,155,65,144,11,Terlambat,0.0,1.0
MHS001812,2024,,2.29,2.11,56,25,95,-39,Tepat Waktu,1.0,0.0
MHS002035,2024,,2.35,1.77,55,23,95,-40,Tepat Waktu,1.0,0.0
MHS002212,2024,,2.59,2.59,56,21,95,-39,Tepat Waktu,1.0,0.0
MHS002518,2022,,3.18,3.13,119,43,144,-25,Tepat Waktu,1.0,0.0
MHS002623,2023,,2.36,2.35,101,39,135,-34,Tepat Waktu,1.0,0.0
MHS002880,2023,,2.91,2.91,106,41,135,-29,Tepat Waktu,1.0,0.0
MHS003390,2024,,2.44,2.45,59,24,95,-36,Tepat Waktu,1.0,0.0
MHS003414,2024,,2.43,2.05,56,21,95,-39,Tepat Waktu,1.0,0.0
MHS003507,2022,,2.87,1.52,118,47,144,-26,Terlambat,0.0001,0.9999
MHS003652,2024,,2.42,2.22,58,22,95,-37,Tepat Waktu,1.0,0.0
MHS004472,2022,,2.81,2.84,140,56,144,-4,Terlambat,0.0043,0.9957
MHS004824,2023,,2.56,2.34,98,42,135,-37,Tepat Waktu,1.0,0.0
MHS005408,2024,,0.14,1.1,56,25,95,-39,Tepat Waktu,1.0,0.0
MHS005787,2021,,2.93,2.0,118,45,144,-26,Tepat Waktu,0.8203,0.1797
MHS006030,2024,,2.72,2.72,57,25,95,-38,Tepat Waktu,1.0,0.0
MHS000243,2020,,3.24,3.24,145,55,144,1,Terlambat,0.3824,0.6176
MHS000815,2024,,2.33,2.33,60,24,95,-35,Tepat Waktu,1.0,0.0
MHS001626,2020,,2.42,2.43,139,54,144,-5,Terlambat,0.0,1.0
MHS001825,2023,,2.61,2.02,96,38,135,-39,Tepat Waktu,1.0,0.0
MHS001886,2024,,2.27,2.27,57,24,95,-38,Tepat Waktu,1.0,0.0
MHS002049,2020,,2.59,2.59,151,60,144,7,Terlambat,0.0001,0.9999
MHS002085,2020,,2.55,2.55,151,56,144,7,Terlambat,0.0,1.0
MHS003417,2024,,2.44,1.55,55,24,95,-40,Tepat Waktu,1.0,0.0
MHS004143,2022,,2.75,2.67,136,52,144,-8,Terlambat,0.0025,0.9975
MHS004789,2022,,2.92,2.92,139,61,144,-5,Terlambat,0.0537,0.9463
MHS005429,2022,,2.26,2.4,77,30,144,-67,Tepat Waktu,1.0,0.0
MHS005945,2024,,2.72,2.21,58,24,95,-37,Tepat Waktu,1.0,0.0
MHS006017,2022,,3.03,3.03,143,54,144,-1,Terlambat,0.0744,0.9256
MHS006113,2024,,2.64,2.04,55,21,95,-40,Tepat Waktu,1.0,0.0
MHS000252,2019,,3.04,3.04,146,57,144,2,Terlambat,0.0494,0.9506
MHS000357,2023,,3.17,3.17,108,43,135,-27,Tepat Waktu,1.0,0.0
MHS000452,2020,,2.06,2.13,140,55,144,-4,Terlambat,0.0,1.0
MHS000661,2024,,2.38,2.38,60,24,95,-35,Tepat Waktu,1.0,0.0
MHS001549,2024,,2.42,2.4,60,24,95,-35,Tepat Waktu,1.0,0.0
MHS001571,2021,,2.98,2.98,154,59,144,10,Terlambat,0.1095,0.8905
MHS002138,2023,,2.71,2.7,104,43,135,-31,Tepat Waktu,1.0,0.0
MHS002216,2024,,2.22,2.15,58,23,95,-37,Tepat Waktu,1.0,0.0
MHS002839,2023,,3.43,3.39,110,42,135,-25,Tepat Waktu,1.0,0.0
MHS003078,2024,,2.4,2.16,59,24,95,-36,Tepat Waktu,1.0,0.0
MHS003086,2023,,2.39,2.37,100,45,135,-35,Tepat Waktu,1.0,0.0
MHS003784,2022,,3.06,3.06,141,56,144,-3,Terlambat,0.1364,0.8636
MHS004799,2024,,2.84,2.84,59,26,95,-36,Tepat Waktu,1.0,0.0
MHS004943,2024,,2.59,2.18,58,24,95,-37,Tepat Waktu,1.0,0.0
MHS005594,2024,,1.5,1.92,59,27,95,-36,Tepat Waktu,1.0,0.0
MHS000382,2019,,2.57,2.57,144,54,144,0,Terlambat,0.0,1.0
MHS000585,2019,,2.27,2.27,150,63,144,6,Terlambat,0.0,1.0
MHS002946,2024,,2.43,2.43,58,25,95,-37,Tepat Waktu,1.0,0.0
MHS003259,2024,,1.65,1.98,58,21,95,-37,Tepat Waktu,1.0,0.0
MHS003685,2022,,3.17,3.17,142,57,144,-2,Terlambat,0.3101,0.6899
MHS004220,2022,,2.86,2.87,142,57,144,-2,Terlambat,0.0053,0.9947
MHS005788,2024,,2.63,2.36,57,25,95,-38,Tepat Waktu,1.0,0.0
MHS000779,2019,,2.29,2.29,149,59,144,5,Terlambat,0.0,1.0
MHS000924,2020,,2.43,2.43,152,62,144,8,Terlambat,0.0,1.0
MHS001221,2023,,2.46,2.46,100,37,135,-35,Tepat Waktu,1.0,0.0
MHS001242,2022,,2.34,2.38,130,49,144,-14,Terlambat,0.0001,0.9999
MHS001312,2022,,2.81,2.49,118,44,144,-26,Tepat Waktu,0.9998,0.0002
MHS001478,2021,,2.42,2.42,150,63,144,6,Terlambat,0.0,1.0
MHS001518,2022,,3.25,3.26,143,58,144,-1,Terlambat,0.469,0.531
MHS002311,2023,,2.9,2.9,106,42,135,-29,Tepat Waktu,1.0,0.0
MHS003581,2023,,3.25,3.24,107,41,135,-28,Tepat Waktu,1.0,0.0
MHS003755,2023,,2.87,2.87,107,41,135,-28,Tepat Waktu,1.0,0.0
MHS003849,2023,,2.44,2.44,108,40,135,-27,Tepat Waktu,1.0,0.0
MHS003986,2024,,2.43,2.42,60,28,95,-35,Tepat Waktu,1.0,0.0
MHS004569,2024,,2.51,2.51,59,26,95,-36,Tepat Waktu,1.0,0.0
MHS004837,2024,,1.83,1.22,36,14,95,-59,Tepat Waktu,1.0,0.0
MHS005039,2024,,2.57,1.63,55,21,95,-40,Tepat Waktu,1.0,0.0
MHS005076,2023,,3.02,3.02,104,40,135,-31,Tepat Waktu,1.0,0.0
MHS005449,2023,,2.96,2.98,108,51,135,-27,Tepat Waktu,1.0,0.0
MHS005880,2023,,2.56,2.55,101,41,135,-34,Tepat Waktu,1.0,0.0
MHS000029,2019,,2.41,2.41,144,53,144,0,Terlambat,0.0,1.0
MHS000116,2023,,2.75,2.75,104,39,135,-31,Tepat Waktu,1.0,0.0
MHS000635,2024,,2.45,2.45,59,25,95,-36,Tepat Waktu,1.0,0.0
MHS001701,2020,,3.08,3.08,150,58,144,6,Terlambat,0.1188,0.8812
MHS004546,2022,,3.04,3.03,139,57,144,-5,Terlambat,0.114,0.886
MHS005020,2023,,2.98,2.98,101,39,135,-34,Tepat Waktu,1.0,0.0
MHS005215,2024,,2.63,2.35,58,23,95,-37,Tepat Waktu,1.0,0.0
MHS005510,2024,,2.65,2.1,58,24,95,-37,Tepat Waktu,1.0,0.0
MHS000115,2021,,2.26,2.26,147,60,144,3,Terlambat,0.0,1.0
MHS000819,2023,,2.67,2.67,104,39,135,-31,Tepat Waktu,1.0,0.0
MHS001053,2024,,2.34,2.31,62,23,95,-33,Tepat Waktu,1.0,0.0
MHS001630,2024,,2.34,2.21,55,23,95,-40,Tepat Waktu,1.0,0.0
MHS003274,2023,,2.49,1.81,94,35,135,-41,Tepat Waktu,1.0,0.0
MHS003582,2024,,2.4,2.05,57,22,95,-38,Tepat Waktu,1.0,0.0
MHS003810,2022,,2.15,2.16,135,53,144,-9,Terlambat,0.0,1.0
MHS003895,2023,,2.52,2.53,99,47,135,-36,Tepat Waktu,1.0,0.0
MHS004496,2023,,2.45,2.29,35,13,135,-100,Tepat Waktu,1.0,0.0
MHS004598,2022,,2.44,2.4,137,54,144,-7,Terlambat,0.0,1.0
MHS004599,2024,,2.53,2.2,58,23,95,-37,Tepat Waktu,1.0,0.0
MHS004779,2023,,2.72,2.73,106,50,135,-29,Tepat Waktu,1.0,0.0
MHS005274,2022,,3.24,3.24,143,50,144,-1,Terlambat,0.4723,0.5277
MHS005692,2023,,2.75,2.72,105,39,135,-30,Tepat Waktu,1.0,0.0
MHS005694,2023,,2.83,2.83,108,51,135,-27,Tepat Waktu,1.0,0.0
MHS000278,2020,,2.32,1.59,117,47,144,-27,Terlambat,0.0,1.0
MHS000305,2021,,2.86,2.86,148,57,144,4,Terlambat,0.0046,0.9954
MHS000860,2023,,2.66,2.66,103,49,135,-32,Tepat Waktu,1.0,0.0
MHS001378,2022,,2.54,2.55,142,58,144,-2,Terlambat,0.0,1.0
MHS002076,2023,,2.41,2.41,99,34,135,-36,Tepat Waktu,1.0,0.0
MHS002341,2024,,2.35,2.35,57,24,95,-38,Tepat Waktu,1.0,0.0
MHS002351,2024,,2.61,2.61,60,26,95,-35,Tepat Waktu,1.0,0.0
MHS002484,2024,,2.13,2.12,60,23,95,-35,Tepat Waktu,1.0,0.0
MHS002925,2023,,2.68,2.68,108,42,135,-27,Tepat Waktu,1.0,0.0
MHS002930,2023,,2.62,2.63,103,46,135,-32,Tepat Waktu,1.0,0.0
MHS003163,2022,,3.53,3.52,141,54,144,-3,Tepat Waktu,0.8672,0.1328
MHS003449,2022,,2.42,1.81,127,50,144,-17,Terlambat,0.0,1.0
MHS003553,2022,,2.75,2.56,132,50,144,-12,Terlambat,0.0109,0.9891
MHS003630,2023,,2.78,2.78,104,41,135,-31,Tepat Waktu,1.0,0.0
MHS004021,2024,,1.33,1.33,59,26,95,-36,Tepat Waktu,1.0,0.0
MHS004157,2024,,2.47,2.18,56,21,95,-39,Tepat Waktu,1.0,0.0
MHS005015,2023,,2.68,2.7,106,50,135,-29,Tepat Waktu,1.0,0.0
MHS005027,2024,,2.56,2.0,57,25,95,-38,Tepat Waktu,1.0,0.0
MHS005284,2023,,3.15,3.15,107,42,135,-28,Tepat Waktu,1.0,0.0
MHS005439,2024,,2.61,2.12,57,25,95,-38,Tepat Waktu,1.0,0.0
MHS006064,2023,,3.12,3.12,103,40,135,-32,Tepat Waktu,1.0,0.0
MHS006101,2023,,2.61,2.48,104,39,135,-31,Tepat Waktu,1.0,0.0
MHS000145,2021,,2.32,2.32,144,58,144,0,Terlambat,0.0,1.0
MHS000180,2020,,1.48,1.48,146,60,144,2,Terlambat,0.0,1.0
MHS000197,2021,,2.87,2.87,149,60,144,5,Terlambat,0.0072,0.9928
MHS000213,2021,,2.04,1.93,98,38,144,-46,Tepat Waktu,1.0,0.0
MHS000374,2023,,2.62,2.62,104,39,135,-31,Tepat Waktu,1.0,0.0
MHS001012,2024,,2.24,2.09,54,21,95,-41,Tepat Waktu,1.0,0.0
MHS001737,2024,,2.32,2.32,59,24,95,-36,Tepat Waktu,1.0,0.0
MHS002078,2022,,2.94,2.94,140,56,144,-4,Terlambat,0.0382,0.9618
MHS002310,2019,,2.8,2.8,151,70,144,7,Terlambat,0.0387,0.9613
MHS003342,2024,,2.39,2.28,58,22,95,-37,Tepat Waktu,1.0,0.0
MHS003352,2022,,2.65,2.65,142,51,144,-2,Terlambat,0.0002,0.9998
MHS003858,2024,,2.44,1.87,58,22,95,-37,Tepat Waktu,1.0,0.0
MHS005064,2024,,2.61,1.79,58,24,95,-37,Tepat Waktu,1.0,0.0
MHS005146,2022,,2.67,2.67,140,51,144,-4,Terlambat,0.0006,0.9994
MHS005261,2023,,2.6,2.45,98,40,135,-37,Tepat Waktu,1.0,0.0
MHS005857,2024,,2.7,2.3,58,24,95,-37,Tepat Waktu,1.0,0.0
MHS006119,2023,,2.58,2.48,101,41,135,-34,Tepat Waktu,1.0,0.0
MHS000128,2024,,2.37,2.37,58,23,95,-37,Tepat Waktu,1.0,0.0
MHS000160,2023,,2.71,2.71,104,39,135,-31,Tepat Waktu,1.0,0.0
MHS000429,2024,,2.13,2.1,58,23,95,-37,Tepat Waktu,1.0,0.0
MHS000897,2021,,2.77,2.77,153,63,144,9,Terlambat,0.0041,0.9959
MHS001354,2022,,2.85,2.85,142,54,144,-2,Terlambat,0.0067,0.9933
MHS001619,2020,,2.62,2.62,150,61,144,6,Terlambat,0.0001,0.9999
MHS001682,2020,,2.31,2.31,154,62,144,10,Terlambat,0.0,1.0
MHS001758,2019,,2.66,2.66,150,56,144,6,Terlambat,0.0002,0.9998
MHS001834,2022,,2.33,1.61,117,47,144,-27,Terlambat,0.0,1.0
MHS002087,2024,,2.1,2.16,57,24,95,-38,Tepat Waktu,1.0,0.0
MHS002785,2023,,0.61,1.19,97,36,135,-38,Terlambat,0.0,1.0
MHS005299,2023,,2.51,2.5,104,45,135,-31,Tepat Waktu,1.0,0.0
MHS000119,2021,,3.2,3.2,147,55,144,3,Terlambat,0.272,0.728
MHS000171,2022,,2.49,2.49,100,43,144,-44,Tepat Waktu,1.0,0.0
MHS000411,2019,,1.72,1.72,144,59,144,0,Terlambat,0.0,1.0
MHS000447,2020,,3.1,3.1,144,57,144,0,Terlambat,0.1381,0.8619
MHS000736,2024,,1.85,1.68,54,24,95,-41,Tepat Waktu,1.0,0.0
MHS001255,2024,,2.3,1.94,54,21,95,-41,Tepat Waktu,1.0,0.0
MHS001261,2022,,2.36,2.3,132,53,144,-12,Terlambat,0.0,1.0
MHS001452,2023,,2.58,2.58,99,43,135,-36,Tepat Waktu,1.0,0.0
MHS001470,2023,,2.56,2.56,104,40,135,-31,Tepat Waktu,1.0,0.0
MHS001557,2023,,2.37,2.38,101,38,135,-34,Tepat Waktu,1.0,0.0
MHS002268,2024,,2.33,2.19,56,25,95,-39,Tepat Waktu,1.0,0.0
MHS002282,2024,,2.33,2.21,56,25,95,-39,Tepat Waktu,1.0,0.0
MHS002712,2022,,3.62,3.62,142,55,144,-2,Tepat Waktu,0.8634,0.1366
MHS003827,2024,,2.49,2.49,59,26,95,-36,Tepat Waktu,1.0,0.0
MHS004362,2022,,2.68,2.48,135,59,144,-9,Terlambat,0.0002,0.9998
MHS000729,2024,,2.62,2.62,58,23,95,-37,Tepat Waktu,1.0,0.0
MHS002094,2024,,2.43,2.43,58,23,95,-37,Tepat Waktu,1.0,0.0
MHS002454,2024,,1.54,1.69,56,22,95,-39,Tepat Waktu,1.0,0.0
MHS002674,2023,,2.94,2.94,106,41,135,-29,Tepat Waktu,1.0,0.0
MHS002974,2023,,2.51,2.51,102,39,135,-33,Tepat Waktu,1.0,0.0
MHS004456,2024,,2.52,2.19,58,24,95,-37,Tepat Waktu,1.0,0.0
MHS004957,2024,,2.35,0.0,18,7,95,-77,Tepat Waktu,1.0,0.0
MHS005962,2022,,2.56,2.54,142,56,144,-2,Terlambat,0.0,1.0
MHS006140,2024,,2.56,2.53,60,28,95,-35,Tepat Waktu,1.0,0.0
MHS000181,2024,,1.91,1.87,60,24,95,-35,Tepat Waktu,1.0,0.0
MHS000781,2022,,2.36,2.38,128,51,144,-16,Terlambat,0.0001,0.9999
MHS000842,2019,,2.5,2.5,149,60,144,5,Terlambat,0.0,1.0
MHS000883,2020,,2.79,2.79,152,54,144,8,Terlambat,0.0026,0.9974
MHS001075,2024,,1.78,2.01,56,25,95,-39,Tepat Waktu,1.0,0.0
MHS003174,2023,,2.7,2.13,96,35,135,-39,Tepat Waktu,1.0,0.0
MHS003701,2024,,2.46,2.22,57,25,95,-38,Tepat Waktu,1.0,0.0
MHS004119,2023,,2.43,2.43,103,49,135,-32,Tepat Waktu,1.0,0.0
MHS004532,2020,,2.66,1.27,128,50,144,-16,Terlambat,0.0,1.0
MHS004700,2024,,2.67,2.07,54,21,95,-41,Tepat Waktu,1.0,0.0
MHS004719,2024,,2.51,1.69,55,21,95,-40,Tepat Waktu,1.0,0.0
MHS004746,2024,,2.55,2.03,58,24,95,-37,Tepat Waktu,1.0,0.0
MHS005220,2024,,1.67,1.87,59,22,95,-36,Tepat Waktu,1.0,0.0
MHS000172,2022,,1.75,1.82,55,22,144,-89,Tepat Waktu,1.0,0.0
MHS000367,2021,,3.1,3.1,142,54,144,-2,Terlambat,0.1776,0.8224
MHS000557,2024,,2.63,2.63,58,23,95,-37,Tepat Waktu,1.0,0.0
MHS001243,2024,,2.46,2.46,57,24,95,-38,Tepat Waktu,1.0,0.0
MHS002345,2023,,2.53,2.21,19,7,135,-116,Tepat Waktu,1.0,0.0
MHS003018,2024,,2.28,2.16,60,22,95,-35,Tepat Waktu,1.0,0.0
MHS000146,2021,,0.47,0.67,107,42,144,-37,Terlambat,0.0,1.0
MHS000296,2021,,2.89,2.89,153,58,144,9,Terlambat,0.0152,0.9848
MHS000304,2020,,2.34,2.34,144,57,144,0,Terlambat,0.0,1.0
MHS000486,2020,,2.59,2.59,149,53,144,5,Terlambat,0.0,1.0
MHS000519,2020,,2.47,2.47,151,57,144,7,Terlambat,0.0,1.0
MHS000709,2024,,2.3,2.3,58,23,95,-37,Tepat Waktu,1.0,0.0
MHS000969,2023,,2.36,2.36,99,38,135,-36,Tepat Waktu,1.0,0.0
MHS001018,2024,,2.36,2.38,60,24,95,-35,Tepat Waktu,1.0,0.0
MHS001426,2023,,2.37,2.29,95,35,135,-40,Tepat Waktu,1.0,0.0
MHS001628,2023,,2.49,1.99,96,38,135,-39,Tepat Waktu,1.0,0.0
MHS001983,2023,,2.28,2.28,102,38,135,-33,Tepat Waktu,1.0,0.0
MHS002863,2024,,2.52,2.52,60,22,95,-35,Tepat Waktu,1.0,0.0
MHS003172,2020,,1.95,1.73,77,30,144,-67,Tepat Waktu,1.0,0.0
MHS003564,2022,,2.78,2.32,132,53,144,-12,Terlambat,0.0004,0.9996
MHS005836,2023,,2.61,2.7,105,43,135,-30,Tepat Waktu,1.0,0.0
MHS000106,2024,,2.25,2.25,60,24,95,-35,Tepat Waktu,1.0,0.0
MHS000427,2022,,3.8,3.76,41,15,144,-103,Tepat Waktu,1.0,0.0
MHS000944,2022,,2.65,2.64,138,53,144,-6,Terlambat,0.0003,0.9997
MHS000966,2021,,3.34,3.32,153,65,144,9,Tepat Waktu,0.9207,0.0793
MHS001058,2024,,2.64,2.64,60,24,95,-35,Tepat Waktu,1.0,0.0
MHS002029,2024,,2.61,2.61,60,24,95,-35,Tepat Waktu,1.0,0.0
MHS002062,2024,,2.39,2.39,59,24,95,-36,Tepat Waktu,1.0,0.0
MHS004310,2019,,2.67,2.67,155,53,144,11,Terlambat,0.0005,0.9995
MHS004369,2024,,2.67,2.67,60,22,95,-35,Tepat Waktu,1.0,0.0
MHS004605,2024,,2.81,2.81,59,26,95,-36,Tepat Waktu,1.0,0.0
MHS004979,2024,,2.57,2.58,59,26,95,-36,Tepat Waktu,1.0,0.0
MHS005654,2023,,2.68,2.68,99,43,135,-36,Tepat Waktu,1.0,0.0
MHS005912,2023,,2.59,2.47,102,39,135,-33,Tepat Waktu,1.0,0.0
MHS000744,2020,,2.26,2.13,138,56,144,-6,Terlambat,0.0,1.0
MHS000935,2024,,2.31,2.3,62,23,95,-33,Tepat Waktu,1.0,0.0
MHS001570,2024,,2.3,2.3,60,24,95,-35,Tepat Waktu,1.0,0.0
MHS002527,2024,,2.34,2.3,56,21,95,-39,Tepat Waktu,1.0,0.0
MHS002857,2024,,2.33,2.25,59,24,95,-36,Tepat Waktu,1.0,0.0
MHS003500,2024,,1.65,2.06,62,23,95,-33,Tepat Waktu,1.0,0.0
MHS004437,2023,,2.55,1.47,95,38,135,-40,Tepat Waktu,1.0,0.0
MHS005722,2023,,2.2,2.27,102,39,135,-33,Tepat Waktu,1.0,0.0
MHS005903,2024,,2.71,2.28,58,24,95,-37,Tepat Waktu,1.0,0.0
MHS006051,2024,,2.75,2.69,54,19,95,-41,Tepat Waktu,1.0,0.0
MHS000150,2024,,2.49,2.49,59,24,95,-36,Tepat Waktu,1.0,0.0
MHS000158,2024,,1.43,1.43,58,23,95,-37,Tepat Waktu,1.0,0.0
MHS000336,2024,,2.3,2.3,59,25,95,-36,Tepat Waktu,1.0,0.0
MHS000353,2019,,2.6,2.6,144,55,144,0,Terlambat,0.0,1.0
MHS000874,2024,,2.22,2.2,56,25,95,-39,Tepat Waktu,1.0,0.0
MHS000939,2024,,2.28,2.22,62,23,95,-33,Tepat Waktu,1.0,0.0
MHS001021,2021,,2.77,2.77,150,58,144,6,Terlambat,0.0018,0.9982
MHS001022,2022,,2.51,2.5,140,55,144,-4,Terlambat,0.0,1.0
MHS001402,2024,,2.29,2.31,58,23,95,-37,Tepat Waktu,1.0,0.0
MHS001633,2022,,2.99,2.99,143,60,144,-1,Terlambat,0.0522,0.9478
MHS002474,2024,,2.27,2.18,57,24,95,-38,Tepat Waktu,1.0,0.0
MHS002658,2024,,2.26,2.26,60,22,95,-35,Tepat Waktu,1.0,0.0
MHS002672,2024,,1.77,1.87,58,25,95,-37,Tepat Waktu,1.0,0.0
MHS002731,2024,,2.02,2.03,57,24,95,-38,Tepat Waktu,1.0,0.0
MHS003103,2024,,2.6,2.61,59,24,95,-36,Tepat Waktu,1.0,0.0
MHS003348,2024,,2.42,2.28,56,21,95,-39,Tepat Waktu,1.0,0.0
MHS003484,2024,,2.39,2.14,57,22,95,-38,Tepat Waktu,1.0,0.0
MHS003966,2022,,2.51,2.49,138,52,144,-6,Terlambat,0.0,1.0
MHS004990,2023,,2.4,2.37,100,38,135,-35,Tepat Waktu,1.0,0.0
MHS005174,2020,,2.86,2.01,136,52,144,-8,Terlambat,0.0,1.0
MHS005502,2023,,2.45,2.2,100,38,135,-35,Tepat Waktu,1.0,0.0
MHS005797,2024,,2.67,2.31,58,24,95,-37,Tepat Waktu,1.0,0.0
MHS005858,2024,,2.7,2.16,58,24,95,-37,Tepat Waktu,1.0,0.0
MHS000032,2021,,2.99,2.99,145,54,144,1,Terlambat,0.0351,0.9649
MHS000783,2024,,2.33,2.32,58,23,95,-37,Tepat Waktu,1.0,0.0
MHS001572,2020,,2.6,2.6,150,58,144,6,Terlambat,0.0,1.0
MHS002266,2022,,3.13,3.13,141,57,144,-3,Terlambat,0.2654,0.7346
MHS003127,2022,,3.26,3.26,141,55,144,-3,Terlambat,0.4601,0.5399
MHS003351,2023,,2.49,2.04,97,35,135,-38,Tepat Waktu,1.0,0.0
MHS003626,2023,,2.77,2.77,102,40,135,-33,Tepat Waktu,1.0,0.0
MHS005644,2024,,2.65,2.06,58,24,95,-37,Tepat Waktu,1.0,0.0
MHS005921,2023,,2.8,2.76,105,43,135,-30,Tepat Waktu,1.0,0.0
MHS000130,2020,,2.46,2.46,146,58,144,2,Terlambat,0.0,1.0
MHS001272,2023,,3.08,3.08,104,39,135,-31,Tepat Waktu,1.0,0.0
MHS001783,2023,,2.72,2.71,103,49,135,-32,Tepat Waktu,1.0,0.0
MHS002043,2021,,2.28,2.28,154,59,144,10,Terlambat,0.0,1.0
MHS002450,2023,,3.01,3.01,105,41,135,-30,Tepat Waktu,1.0,0.0
MHS003042,2024,,2.55,2.55,62,23,95,-33,Tepat Waktu,1.0,0.0
MHS003432,2023,,2.87,2.87,106,40,135,-29,Tepat Waktu,1.0,0.0
MHS004255,2024,,2.49,1.94,58,23,95,-37,Tepat Waktu,1.0,0.0
MHS004455,2024,,2.51,2.17,59,26,95,-36,Tepat Waktu,1.0,0.0
MHS005016,2024,,2.82,2.82,59,26,95,-36,Tepat Waktu,1.0,0.0
MHS005069,2024,,2.72,2.46,54,19,95,-41,Tepat Waktu,1.0,0.0
MHS005231,2022,,2.56,2.54,142,56,144,-2,Terlambat,0.0,1.0
MHS000103,2021,,2.69,2.69,144,52,144,0,Terlambat,0.0005,0.9995
MHS000259,2023,,1.61,1.64,55,21,135,-80,Tepat Waktu,1.0,0.0
MHS000299,2019,,2.62,2.62,145,61,144,1,Terlambat,0.0001,0.9999
MHS000412,2021,,2.84,2.84,154,66,144,10,Terlambat,0.0567,0.9433
MHS000618,2023,,2.4,2.39,96,35,135,-39,Tepat Waktu,1.0,0.0
MHS000791,2023,,2.85,2.85,104,39,135,-31,Tepat Waktu,1.0,0.0
MHS001910,2022,,2.72,2.76,122,54,144,-22,Tepat Waktu,0.9883,0.0117
MHS004815,2022,,3.55,3.64,36,14,144,-108,Tepat Waktu,1.0,0.0
MHS005892,2023,,2.59,2.59,99,43,135,-36,Tepat Waktu,1.0,0.0
MHS000316,2021,,2.72,2.72,145,57,144,1,Terlambat,0.0004,0.9996
MHS000667,2020,,2.66,2.66,152,57,144,8,Terlambat,0.0003,0.9997
MHS001362,2022,,2.95,2.95,142,57,144,-2,Terlambat,0.0191,0.9809
MHS002251,2022,,2.84,2.84,132,52,144,-12,Terlambat,0.1664,0.8336
MHS002260,2023,,2.34,1.69,93,34,135,-42,Tepat Waktu,1.0,0.0
MHS002492,2024,,2.46,2.31,62,23,95,-33,Tepat Waktu,1.0,0.0
MHS003010,2023,,2.3,2.31,102,38,135,-33,Tepat Waktu,1.0,0.0
MHS003126,2024,,2.54,2.29,54,21,95,-41,Tepat Waktu,1.0,0.0
MHS003220,2022,,2.84,2.84,143,56,144,-1,Terlambat,0.0029,0.9971
MHS003251,2024,,2.41,2.28,59,24,95,-36,Tepat Waktu,1.0,0.0
MHS003393,2020,,3.18,3.18,155,64,144,11,Tepat Waktu,0.8189,0.1811
MHS003465,2023,,2.42,2.4,104,38,135,-31,Tepat Waktu,1.0,0.0
MHS004196,2023,,2.84,2.84,106,42,135,-29,Tepat Waktu,1.0,0.0
MHS004670,2024,,2.51,1.97,56,21,95,-39,Tepat Waktu,1.0,0.0
MHS005111,2024,,2.56,2.46,56,21,95,-39,Tepat Waktu,1.0,0.0
MHS005636,2022,,2.78,2.78,141,54,144,-3,Terlambat,0.0025,0.9975
MHS000117,2023,,2.81,2.81,105,50,135,-30,Tepat Waktu,1.0,0.0
MHS000122,2023,,2.61,2.61,101,41,135,-34,Tepat Waktu,1.0,0.0
MHS001449,2023,,2.25,2.23,99,40,135,-36,Tepat Waktu,1.0,0.0
MHS001681,2023,,2.68,2.69,105,40,135,-30,Tepat Waktu,1.0,0.0
MHS002183,2022,,2.33,2.36,139,53,144,-5,Terlambat,0.0,1.0
MHS002727,2024,,2.67,2.67,59,24,95,-36,Tepat Waktu,1.0,0.0
MHS003243,2023,,2.49,2.49,103,39,135,-32,Tepat Waktu,1.0,0.0
MHS003562,2022,,3.01,3.01,143,58,144,-1,Terlambat,0.0381,0.9619
MHS003837,2024,,2.44,2.05,58,22,95,-37,Tepat Waktu,1.0,0.0
MHS004036,2024,,1.72,1.73,60,22,95,-35,Tepat Waktu,1.0,0.0
MHS004046,2024,,2.43,2.01,60,25,95,-35,Tepat Waktu,1.0,0.0
MHS004311,2024,,2.51,2.33,57,22,95,-38,Tepat Waktu,1.0,0.0
MHS004613,2023,,2.89,2.89,105,41,135,-30,Tepat Waktu,1.0,0.0
MHS004708,2024,,2.51,2.32,56,21,95,-39,Tepat Waktu,1.0,0.0
MHS004983,2024,,2.6,2.09,58,24,95,-37,Tepat Waktu,1.0,0.0
MHS005088,2023,,2.79,2.8,103,39,135,-32,Tepat Waktu,1.0,0.0
MHS000020,2021,,2.39,2.39,145,57,144,1,Terlambat,0.0,1.0
MHS000258,2020,,2.24,2.24,145,57,144,1,Terlambat,0.0,1.0
MHS000267,2019,,2.6,2.6,150,60,144,6,Terlambat,0.0001,0.9999
MHS000579,2023,,2.78,2.78,104,39,135,-31,Tepat Waktu,1.0,0.0
MHS000595,2023,,1.44,1.57,54,21,135,-81,Tepat Waktu,1.0,0.0
MHS001647,2021,,2.59,2.59,150,57,144,6,Terlambat,0.0,1.0
MHS002092,2022,,3.11,3.11,141,57,144,-3,Terlambat,0.1595,0.8405
MHS002277,2023,,2.83,2.84,100,38,135,-35,Tepat Waktu,1.0,0.0
MHS002344,2023,,2.63,2.63,103,46,135,-32,Tepat Waktu,1.0,0.0
MHS002493,2023,,3.21,3.21,108,51,135,-27,Tepat Waktu,1.0,0.0
MHS002728,2023,,2.47,2.45,98,38,135,-37,Tepat Waktu,1.0,0.0
MHS003308,2023,,2.29,2.28,100,39,135,-35,Tepat Waktu,1.0,0.0
MHS003386,2024,,2.57,2.58,59,24,95,-36,Tepat Waktu,1.0,0.0
MHS003621,2023,,2.69,2.69,104,41,135,-31,Tepat Waktu,1.0,0.0
MHS003787,2023,,2.57,2.57,106,39,135,-29,Tepat Waktu,1.0,0.0
MHS004136,2023,,2.37,2.33,99,37,135,-36,Tepat Waktu,1.0,0.0
MHS004525,2024,,2.51,2.01,57,25,95,-38,Tepat Waktu,1.0,0.0
MHS005032,2024,,2.56,2.4,56,21,95,-39,Tepat Waktu,1.0,0.0
MHS005321,2022,,2.87,2.27,117,44,144,-27,Tepat Waktu,0.9992,0.0008
MHS005471,2024,,2.62,2.38,59,22,95,-36,Tepat Waktu,1.0,0.0
MHS005521,2024,,2.63,2.12,59,22,95,-36,Tepat Waktu,1.0,0.0
MHS006079,2023,,2.69,2.69,107,40,135,-28,Tepat Waktu,1.0,0.0
MHS000018,2019,,2.84,2.84,147,59,144,3,Terlambat,0.003,0.997
MHS000027,2023,,1.74,1.73,58,22,135,-77,Tepat Waktu,1.0,0.0
MHS000318,2019,,3.19,3.19,145,59,144,1,Terlambat,0.2511,0.7489
MHS001860,2023,,2.25,1.54,35,13,135,-100,Tepat Waktu,1.0,0.0
MHS001897,2024,,2.02,2.03,61,28,95,-34,Tepat Waktu,1.0,0.0
MHS002494,2023,,2.83,2.83,106,41,135,-29,Tepat Waktu,1.0,0.0
MHS002882,2024,,2.68,2.69,60,22,95,-35,Tepat Waktu,1.0,0.0
MHS003240,2024,,1.29,1.42,57,22,95,-38,Tepat Waktu,1.0,0.0
MHS003926,2024,,2.0,2.06,18,7,95,-77,Tepat Waktu,1.0,0.0
MHS004102,2024,,2.48,1.94,58,21,95,-37,Tepat Waktu,1.0,0.0
MHS004316,2022,,2.65,2.65,143,59,144,-1,Terlambat,0.0001,0.9999
MHS004476,2023,,2.33,1.97,91,34,135,-44,Tepat Waktu,1.0,0.0
MHS004523,2024,,2.58,2.59,60,28,95,-35,Tepat Waktu,1.0,0.0
MHS004606,2023,,2.55,2.4,99,40,135,-36,Tepat Waktu,1.0,0.0
MHS005575,2024,,2.65,2.14,58,24,95,-37,Tepat Waktu,1.0,0.0
MHS005599,2023,,3.15,3.14,107,37,135,-28,Tepat Waktu,1.0,0.0
MHS000011,2019,,2.06,2.05,144,53,144,0,Terlambat,0.0,1.0
MHS000101,2021,,2.67,1.96,118,47,144,-26,Terlambat,0.1243,0.8757
MHS000157,2020,,2.54,2.54,144,56,144,0,Terlambat,0.0,1.0
MHS000228,2024,,2.68,2.68,58,23,95,-37,Tepat Waktu,1.0,0.0
MHS000715,2022,,2.47,2.48,130,54,144,-14,Terlambat,0.0003,0.9997
MHS000739,2023,,2.33,2.33,101,41,135,-34,Tepat Waktu,1.0,0.0
MHS001234,2023,,2.71,2.71,105,42,135,-30,Tepat Waktu,1.0,0.0
MHS001774,2020,,2.77,2.77,153,61,144,9,Terlambat,0.0046,0.9954
MHS002629,2024,,2.43,2.29,55,23,95,-40,Tepat Waktu,1.0,0.0
MHS003474,2024,,2.4,2.35,58,24,95,-37,Tepat Waktu,1.0,0.0
MHS003594,2023,,2.79,2.8,106,50,135,-29,Tepat Waktu,1.0,0.0
MHS003722,2024,,2.46,2.11,57,22,95,-38,Tepat Waktu,1.0,0.0
MHS005073,2023,,3.15,3.15,104,40,135,-31,Tepat Waktu,1.0,0.0
MHS006139,2023,,3.03,3.03,99,43,135,-36,Tepat Waktu,1.0,0.0
MHS000315,2021,,3.3,3.29,151,59,144,7,Tepat Waktu,0.6644,0.3356
MHS000490,2024,,2.27,2.21,62,23,95,-33,Tepat Waktu,1.0,0.0
MHS000756,2024,,2.17,2.17,59,25,95,-36,Tepat Waktu,1.0,0.0
MHS002156,2019,,2.46,2.46,154,61,144,10,Terlambat,0.0,1.0
MHS002495,2023,,2.33,2.34,105,38,135,-30,Tepat Waktu,1.0,0.0
MHS003147,2023,,2.52,2.52,103,46,135,-32,Tepat Waktu,1.0,0.0
MHS005635,2024,,2.58,1.91,56,21,95,-39,Tepat Waktu,1.0,0.0
MHS006065,2023,,2.59,2.55,102,47,135,-33,Tepat Waktu,1.0,0.0
MHS000071,2019,,2.56,2.56,144,54,144,0,Terlambat,0.0,1.0
MHS000114,2023,,2.58,2.58,106,40,135,-29,Tepat Waktu,1.0,0.0
MHS000459,2019,,2.92,2.92,144,54,144,0,Terlambat,0.012,0.988
MHS000514,2024,,2.5,2.5,57,24,95,-38,Tepat Waktu,1.0,0.0
MHS000859,2021,,2.93,2.93,151,63,144,7,Terlambat,0.0372,0.9628
MHS001490,2021,,2.31,1.96,110,43,144,-34,Tepat Waktu,0.9964,0.0036
MHS003554,2022,,2.48,2.0,127,52,144,-17,Terlambat,0.0,1.0
MHS003619,2023,,2.76,2.76,104,41,135,-31,Tepat Waktu,1.0,0.0
MHS000176,2024,,1.99,1.94,58,23,95,-37,Tepat Waktu,1.0,0.0
MHS000192,2024,,2.51,2.51,58,23,95,-37,Tepat Waktu,1.0,0.0
MHS001225,2024,,2.61,2.61,60,24,95,-35,Tepat Waktu,1.0,0.0
MHS001254,2023,,2.34,2.35,100,37,135,-35,Tepat Waktu,1.0,0.0
MHS002367,2021,,2.54,2.54,151,60,144,7,Terlambat,0.0,1.0
MHS002595,2024,,0.37,0.59,58,24,95,-37,Tepat Waktu,0.998,0.0019
MHS002733,2023,,2.69,1.53,96,41,135,-39,Tepat Waktu,1.0,0.0
MHS003733,2023,,2.5,2.07,98,37,135,-37,Tepat Waktu,1.0,0.0
MHS003805,2024,,2.44,2.14,59,26,95,-36,Tepat Waktu,1.0,0.0
MHS003968,2023,,2.6,2.6,104,49,135,-31,Tepat Waktu,1.0,0.0
MHS004651,2024,,2.61,2.24,61,28,95,-34,Tepat Waktu,1.0,0.0
MHS005251,2022,,1.67,2.12,115,45,144,-29,Terlambat,0.0001,0.9999
MHS005415,2024,,2.62,2.62,59,22,95,-36,Tepat Waktu,1.0,0.0
MHS005969,2023,,2.46,2.49,106,41,135,-29,Tepat Waktu,1.0,0.0
MHS000019,2022,,2.06,2.09,107,43,144,-37,Tepat Waktu,0.9998,0.0002
MHS000073,2024,,2.38,2.38,59,24,95,-36,Tepat Waktu,1.0,0.0
MHS000219,2023,,3.08,3.08,105,50,135,-30,Tepat Waktu,1.0,0.0
MHS000384,2019,,2.44,2.44,144,54,144,0,Terlambat,0.0,1.0
MHS000445,2023,,2.28,2.03,95,35,135,-40,Tepat Waktu,1.0,0.0
MHS000520,2020,,2.65,2.65,149,52,144,5,Terlambat,0.0001,0.9999
MHS001100,2023,,3.15,3.15,106,40,135,-29,Tepat Waktu,1.0,0.0
MHS001105,2023,,2.74,2.74,103,49,135,-32,Tepat Waktu,1.0,0.0
MHS001383,2024,,2.66,2.66,59,24,95,-36,Tepat Waktu,1.0,0.0
MHS001476,2024,,2.44,2.44,54,21,95,-41,Tepat Waktu,1.0,0.0
MHS001498,2023,,3.14,3.15,106,40,135,-29,Tepat Waktu,1.0,0.0
MHS001520,2024,,2.21,2.21,58,23,95,-37,Tepat Waktu,1.0,0.0
MHS002048,2023,,2.19,1.85,74,29,135,-61,Tepat Waktu,1.0,0.0
MHS002426,2024,,2.33,2.16,56,25,95,-39,Tepat Waktu,1.0,0.0
MHS002555,2023,,2.36,2.36,101,38,135,-34,Tepat Waktu,1.0,0.0
MHS002573,2023,,2.84,2.84,105,36,135,-30,Tepat Waktu,1.0,0.0
MHS002652,2023,,2.62,2.63,102,38,135,-33,Tepat Waktu,1.0,0.0
MHS002685,2023,,2.54,2.53,104,39,135,-31,Tepat Waktu,1.0,0.0
MHS002948,2024,,2.33,2.28,57,24,95,-38,Tepat Waktu,1.0,0.0
MHS003180,2022,,2.61,2.22,132,54,144,-12,Terlambat,0.0,1.0
MHS003205,2022,,2.75,2.75,139,53,144,-5,Terlambat,0.0018,0.9982
MHS004633,2022,,2.28,2.13,138,52,144,-6,Terlambat,0.0,1.0
MHS005142,2023,,2.69,2.7,107,41,135,-28,Tepat Waktu,1.0,0.0
MHS005480,2023,,2.83,2.83,99,43,135,-36,Tepat Waktu,1.0,0.0
MHS000364,2019,,2.82,2.82,144,57,144,0,Terlambat,0.0034,0.9966
MHS000801,2024,,2.27,2.27,59,25,95,-36,Tepat Waktu,1.0,0.0
MHS001317,2023,,2.53,2.53,102,38,135,-33,Tepat Waktu,1.0,0.0
MHS001612,2024,,2.34,2.14,54,21,95,-41,Tepat Waktu,1.0,0.0
MHS001634,2024,,2.28,2.1,56,25,95,-39,Tepat Waktu,1.0,0.0
MHS002504,2023,,3.1,3.1,108,51,135,-27,Tepat Waktu,1.0,0.0
MHS002691,2022,,2.53,2.46,128,49,144,-16,Terlambat,0.0042,0.9958
MHS003492,2020,,2.15,2.15,155,58,144,11,Terlambat,0.0,1.0
MHS003897,2024,,2.36,2.15,60,22,95,-35,Tepat Waktu,1.0,0.0
MHS003941,2023,,2.62,2.62,99,42,135,-36,Tepat Waktu,1.0,0.0
MHS004423,2023,,3.09,3.09,105,41,135,-30,Tepat Waktu,1.0,0.0
MHS004843,2023,,2.97,2.97,104,40,135,-31,Tepat Waktu,1.0,0.0
MHS005122,2024,,2.73,2.51,54,19,95,-41,Tepat Waktu,1.0,0.0
MHS005416,2024,,2.79,2.79,60,25,95,-35,Tepat Waktu,1.0,0.0
MHS005689,2022,,2.8,2.53,137,53,144,-7,Terlambat,0.0007,0.9993
MHS000013,2024,,2.63,2.63,62,25,95,-33,Tepat Waktu,1.0,0.0
MHS000328,2022,,2.35,1.52,124,48,144,-20,Terlambat,0.0,1.0
MHS001162,2022,,3.09,3.08,143,62,144,-1,Terlambat,0.1422,0.8578
MHS001637,2024,,2.28,2.18,56,25,95,-39,Tepat Waktu,1.0,0.0
MHS001838,2022,,2.27,2.25,130,54,144,-14,Terlambat,0.0,1.0
MHS002278,2024,,1.65,1.94,56,23,95,-39,Tepat Waktu,1.0,0.0
MHS002647,2024,,2.47,2.26,54,21,95,-41,Tepat Waktu,1.0,0.0
MHS003106,2023,,2.44,2.45,99,40,135,-36,Tepat Waktu,1.0,0.0
MHS004214,2024,,2.33,0.0,18,7,95,-77,Tepat Waktu,1.0,0.0
MHS005346,2023,,2.89,2.89,106,40,135,-29,Tepat Waktu,1.0,0.0
MHS000200,2021,,2.95,2.95,144,55,144,0,Terlambat,0.021,0.979
MHS000340,2021,,2.62,2.62,145,55,144,1,Terlambat,0.0001,0.9999
MHS001796,2024,,1.34,1.42,58,23,95,-37,Tepat Waktu,1.0,0.0
MHS003229,2022,,3.23,3.23,142,55,144,-2,Terlambat,0.3479,0.6521
MHS003747,2024,,2.47,2.47,57,22,95,-38,Tepat Waktu,1.0,0.0
MHS004127,2024,,2.48,2.02,58,21,95,-37,Tepat Waktu,1.0,0.0
MHS004965,2024,,2.53,2.51,59,26,95,-36,Tepat Waktu,1.0,0.0
MHS005195,2024,,2.6,2.61,59,22,95,-36,Tepat Waktu,1.0,0.0
MHS005277,2023,,2.33,2.26,100,38,135,-35,Tepat Waktu,1.0,0.0
MHS005732,2024,,2.63,2.12,59,22,95,-36,Tepat Waktu,1.0,0.0
MHS000449,2023,,2.8,2.8,103,49,135,-32,Tepat Waktu,1.0,0.0
MHS000792,2023,,2.44,2.43,100,38,135,-35,Tepat Waktu,1.0,0.0
MHS001019,2022,,2.74,2.74,55,21,144,-89,Tepat Waktu,1.0,0.0
MHS001465,2020,,2.35,2.35,151,64,144,7,Terlambat,0.0,1.0
MHS001772,2023,,2.48,2.46,104,41,135,-31,Tepat Waktu,1.0,0.0
MHS001817,2022,,2.34,0.9,89,36,144,-55,Tepat Waktu,1.0,0.0
MHS002478,2020,,2.55,2.55,151,54,144,7,Terlambat,0.0,1.0
MHS002601,2024,,1.52,1.86,56,25,95,-39,Tepat Waktu,1.0,0.0
MHS002929,2023,,2.72,2.73,102,39,135,-33,Tepat Waktu,1.0,0.0
MHS003356,2023,,2.49,1.71,97,33,135,-38,Tepat Waktu,1.0,0.0
MHS004020,2023,,2.55,2.2,95,38,135,-40,Tepat Waktu,1.0,0.0
MHS005699,2023,,3.08,3.08,103,40,135,-32,Tepat Waktu,1.0,0.0
MHS005715,2024,,2.77,2.77,59,22,95,-36,Tepat Waktu,1.0,0.0
MHS006080,2023,,2.6,2.6,102,41,135,-33,Tepat Waktu,1.0,0.0
MHS000045,2021,,1.5,1.56,102,38,144,-42,Terlambat,0.3903,0.6097
MHS000162,2020,,2.79,2.79,146,57,144,2,Terlambat,0.0015,0.9985
MHS000554,2023,,3.06,3.06,105,39,135,-30,Tepat Waktu,1.0,0.0
MHS000829,2024,,2.28,2.28,57,24,95,-38,Tepat Waktu,1.0,0.0
MHS001035,2024,,2.42,2.42,59,25,95,-36,Tepat Waktu,1.0,0.0
MHS001216,2024,,2.33,2.03,55,23,95,-40,Tepat Waktu,1.0,0.0
MHS001473,2020,,2.74,2.74,153,57,144,9,Terlambat,0.0018,0.9982
MHS001475,2020,,2.25,2.25,151,56,144,7,Terlambat,0.0,1.0
MHS002054,2022,,3.74,3.74,141,54,144,-3,Tepat Waktu,0.8948,0.1052
MHS002359,2024,,2.31,2.22,59,24,95,-36,Tepat Waktu,1.0,0.0
MHS004249,2024,,2.48,2.1,58,24,95,-37,Tepat Waktu,1.0,0.0
MHS005059,2024,,2.55,2.37,59,26,95,-36,Tepat Waktu,1.0,0.0
MHS005590,2022,,2.78,2.38,137,55,144,-7,Terlambat,0.0001,0.9999
MHS005950,2024,,2.64,2.31,59,22,95,-36,Tepat Waktu,1.0,0.0
MHS000211,2020,,2.72,2.72,147,56,144,3,Terlambat,0.0004,0.9996
MHS000241,2021,,2.89,2.89,152,58,144,8,Terlambat,0.0186,0.9814
MHS000244,2020,,2.59,2.59,144,55,144,0,Terlambat,0.0,1.0
MHS000338,2023,,2.33,2.21,93,34,135,-42,Tepat Waktu,1.0,0.0
MHS000417,2019,,1.94,1.94,144,54,144,0,Terlambat,0.0,1.0
MHS001172,2023,,2.35,1.97,96,36,135,-39,Tepat Waktu,1.0,0.0
MHS001220,2023,,2.48,2.48,105,42,135,-30,Tepat Waktu,1.0,0.0
MHS001424,2021,,2.83,2.84,157,64,144,13,Terlambat,0.0775,0.9225
MHS001966,2024,,2.02,2.05,62,23,95,-33,Tepat Waktu,1.0,0.0
MHS002033,2024,,1.83,1.78,59,26,95,-36,Tepat Waktu,1.0,0.0
MHS002435,2024,,2.27,2.15,57,24,95,-38,Tepat Waktu,1.0,0.0
MHS003011,2024,,2.38,2.15,59,24,95,-36,Tepat Waktu,1.0,0.0
MHS003473,2023,,2.38,2.38,103,39,135,-32,Tepat Waktu,1.0,0.0
MHS004275,2022,,2.55,1.99,123,52,144,-21,Terlambat,0.0001,0.9999
MHS004300,2020,,2.74,2.76,155,62,144,11,Terlambat,0.0065,0.9935
MHS004554,2022,,2.56,2.55,142,56,144,-2,Terlambat,0.0,1.0
MHS005398,2022,,2.52,2.46,140,54,144,-4,Terlambat,0.0,1.0
MHS000448,2023,,2.17,2.17,99,44,135,-36,Tepat Waktu,1.0,0.0
MHS000741,2022,,2.69,2.73,112,46,144,-32,Tepat Waktu,1.0,0.0
MHS000941,2020,,2.93,2.93,152,58,144,8,Terlambat,0.024,0.976
MHS001514,2020,,2.29,2.3,153,70,144,9,Terlambat,0.0,1.0
MHS002024,2023,,3.14,3.15,106,40,135,-29,Tepat Waktu,1.0,0.0
MHS002153,2023,,2.31,2.05,97,37,135,-38,Tepat Waktu,1.0,0.0
MHS002270,2022,,3.41,3.41,143,58,144,-1,Tepat Waktu,0.6338,0.3662
MHS002762,2020,,2.38,2.39,159,59,144,15,Terlambat,0.0,1.0
MHS002827,2022,,2.88,2.87,143,55,144,-1,Terlambat,0.0053,0.9947
MHS003498,2024,,2.7,2.69,60,22,95,-35,Tepat Waktu,1.0,0.0
MHS004752,2024,,2.51,2.4,59,26,95,-36,Tepat Waktu,1.0,0.0
MHS004858,2024,,2.59,2.59,58,23,95,-37,Tepat Waktu,1.0,0.0
MHS005143,2023,,3.05,3.05,107,41,135,-28,Tepat Waktu,1.0,0.0
MHS005765,2023,,2.93,2.89,109,42,135,-26,Tepat Waktu,1.0,0.0
MHS006095,2023,,2.67,2.32,97,39,135,-38,Tepat Waktu,1.0,0.0
MHS000074,2021,,3.44,3.44,146,55,144,2,Tepat Waktu,0.6866,0.3134
MHS000231,2022,,1.39,1.29,108,40,144,-36,Terlambat,0.0,1.0
MHS001288,2024,,2.6,2.6,60,24,95,-35,Tepat Waktu,1.0,0.0
MHS001400,2024,,1.93,1.96,59,23,95,-36,Tepat Waktu,1.0,0.0
MHS001578,2020,,2.44,2.46,157,62,144,13,Terlambat,0.0,1.0
MHS001667,2024,,2.02,1.96,62,23,95,-33,Tepat Waktu,1.0,0.0
MHS002022,2023,,2.9,2.9,105,44,135,-30,Tepat Waktu,1.0,0.0
MHS003780,2022,,2.96,2.96,141,53,144,-3,Terlambat,0.0312,0.9688
MHS003864,2023,,2.92,2.9,109,42,135,-26,Tepat Waktu,1.0,0.0
MHS004101,2022,,3.12,3.12,139,55,144,-5,Terlambat,0.2667,0.7333
MHS004790,2023,,2.8,2.02,96,39,135,-39,Tepat Waktu,1.0,0.0
MHS005411,2023,,2.78,2.81,109,41,135,-26,Tepat Waktu,1.0,0.0
MHS005430,2022,,2.44,2.45,142,54,144,-2,Terlambat,0.0,1.0
MHS005455,2023,,2.59,2.58,105,40,135,-30,Tepat Waktu,1.0,0.0
MHS005551,2022,,3.29,3.29,142,56,144,-2,Terlambat,0.4644,0.5356
MHS000138,2019,,2.39,2.4,156,58,144,12,Terlambat,0.0,1.0
MHS000991,2023,,3.15,3.15,107,40,135,-28,Tepat Waktu,1.0,0.0
MHS001544,2023,,2.99,2.99,106,40,135,-29,Tepat Waktu,1.0,0.0
MHS002560,2023,,2.79,2.8,103,46,135,-32,Tepat Waktu,1.0,0.0
MHS002846,2023,,2.4,1.58,95,32,135,-40,Tepat Waktu,1.0,0.0
MHS003430,2023,,2.11,1.97,98,37,135,-37,Tepat Waktu,1.0,0.0
MHS004124,2023,,2.64,2.64,103,42,135,-32,Tepat Waktu,1.0,0.0
MHS005106,2023,,2.74,2.74,107,41,135,-28,Tepat Waktu,1.0,0.0
MHS000016,2021,,2.93,2.93,146,55,144,2,Terlambat,0.0137,0.9863
MHS000198,2021,,2.41,2.41,153,56,144,9,Terlambat,0.0,1.0
MHS000790,2023,,3.53,3.52,107,40,135,-28,Tepat Waktu,1.0,0.0
MHS000807,2020,,2.66,2.66,143,54,144,-1,Terlambat,0.0002,0.9998
MHS001340,2023,,2.38,2.38,97,39,135,-38,Tepat Waktu,1.0,0.0
MHS001509,2020,,2.89,2.89,157,62,144,13,Terlambat,0.0844,0.9156
MHS002410,2022,,2.52,2.27,128,49,144,-16,Terlambat,0.0004,0.9996
MHS000227,2021,,2.89,2.91,157,63,144,13,Terlambat,0.1596,0.8404
MHS000525,2020,,2.25,2.26,143,56,144,-1,Terlambat,0.0,1.0
MHS000802,2024,,2.28,2.28,56,22,95,-39,Tepat Waktu,1.0,0.0
MHS001485,2020,,2.69,2.68,150,56,144,6,Terlambat,0.0004,0.9996
MHS001550,2023,,3.02,3.02,101,38,135,-34,Tepat Waktu,1.0,0.0
MHS001911,2024,,2.38,2.36,61,28,95,-34,Tepat Waktu,1.0,0.0
MHS002046,2023,,2.45,2.45,101,45,135,-34,Tepat Waktu,1.0,0.0
MHS002178,2023,,2.39,2.39,101,45,135,-34,Tepat Waktu,1.0,0.0
MHS002470,2024,,2.31,2.16,59,24,95,-36,Tepat Waktu,1.0,0.0
MHS002886,2024,,2.33,2.25,57,24,95,-38,Tepat Waktu,1.0,0.0
MHS002923,2024,,2.27,2.16,58,25,95,-37,Tepat Waktu,1.0,0.0
MHS004023,2024,,2.45,0.35,17,6,95,-78,Tepat Waktu,1.0,0.0
MHS005638,2024,,0.14,1.26,56,25,95,-39,Tepat Waktu,1.0,0.0
MHS005768,2023,,2.52,2.5,101,41,135,-34,Tepat Waktu,1.0,0.0
MHS005791,2023,,2.58,2.39,99,43,135,-36,Tepat Waktu,1.0,0.0
MHS005953,2024,,2.64,2.37,59,22,95,-36,Tepat Waktu,1.0,0.0
MHS000143,2023,,2.48,2.47,104,42,135,-31,Tepat Waktu,1.0,0.0
MHS000988,2024,,2.29,2.29,61,26,95,-34,Tepat Waktu,1.0,0.0
MHS004873,2023,,2.49,2.49,103,39,135,-32,Tepat Waktu,1.0,0.0
MHS005963,2024,,2.64,2.18,57,25,95,-38,Tepat Waktu,1.0,0.0
MHS005977,2024,,2.56,2.46,62,23,95,-33,Tepat Waktu,1.0,0.0
MHS000003,2021,,2.7,2.7,145,57,144,1,Terlambat,0.0003,0.9997
MHS000037,2021,,3.15,3.15,145,60,144,1,Terlambat,0.2296,0.7704
MHS000153,2020,,1.43,1.26,98,39,144,-46,Terlambat,0.0775,0.9225
MHS000691,2023,,2.49,2.49,101,41,135,-34,Tepat Waktu,1.0,0.0
MHS001410,2023,,2.83,2.83,104,39,135,-31,Tepat Waktu,1.0,0.0
MHS001805,2023,,2.57,1.89,96,38,135,-39,Tepat Waktu,1.0,0.0
MHS002104,2024,,2.31,2.19,56,25,95,-39,Tepat Waktu,1.0,0.0
MHS003219,2023,,2.59,2.59,100,39,135,-35,Tepat Waktu,1.0,0.0
MHS003355,2023,,2.89,2.9,106,41,135,-29,Tepat Waktu,1.0,0.0
MHS003405,2022,,2.42,2.41,134,49,144,-10,Terlambat,0.0,1.0
MHS003428,2022,,2.77,2.77,141,55,144,-3,Terlambat,0.002,0.998
MHS003788,2023,,2.84,2.84,106,39,135,-29,Tepat Waktu,1.0,0.0
MHS003838,2022,,3.5,3.5,142,54,144,-2,Tepat Waktu,0.8295,0.1705
MHS003915,2023,,2.68,2.68,104,49,135,-31,Tepat Waktu,1.0,0.0
MHS005360,2023,,2.7,2.69,105,39,135,-30,Tepat Waktu,1.0,0.0
MHS000247,2019,,2.39,2.39,146,55,144,2,Terlambat,0.0,1.0
MHS000290,2022,,2.99,2.99,100,40,144,-44,Tepat Waktu,1.0,0.0
MHS000345,2024,,2.59,2.59,59,25,95,-36,Tepat Waktu,1.0,0.0
MHS001244,2021,,2.9,2.9,150,57,144,6,Terlambat,0.0101,0.9899
MHS001342,2023,,2.47,2.48,100,37,135,-35,Tepat Waktu,1.0,0.0
MHS003666,2024,,2.46,1.6,55,21,95,-40,Tepat Waktu,1.0,0.0
MHS004398,2022,,2.94,2.94,36,14,144,-108,Tepat Waktu,1.0,0.0
MHS005940,2023,,3.04,3.04,103,40,135,-32,Tepat Waktu,1.0,0.0
MHS006133,2024,,2.72,2.37,58,24,95,-37,Tepat Waktu,1.0,0.0
MHS000076,2023,,3.21,3.22,18,7,135,-117,Tepat Waktu,1.0,0.0
MHS001009,2021,,2.79,2.79,152,61,144,8,Terlambat,0.0049,0.9951
MHS002273,2023,,2.56,2.55,103,46,135,-32,Tepat Waktu,1.0,0.0
MHS002750,2024,,2.4,2.4,56,24,95,-39,Tepat Waktu,1.0,0.0
MHS003307,2023,,3.06,3.06,101,38,135,-34,Tepat Waktu,1.0,0.0
MHS003806,2024,,2.42,1.99,58,22,95,-37,Tepat Waktu,1.0,0.0
MHS004158,2024,,2.48,2.29,59,26,95,-36,Tepat Waktu,1.0,0.0
MHS004325,2023,,2.54,2.37,99,40,135,-36,Tepat Waktu,1.0,0.0
MHS004394,2023,,2.64,2.66,103,38,135,-32,Tepat Waktu,1.0,0.0
MHS004664,2024,,2.53,2.13,57,22,95,-38,Tepat Waktu,1.0,0.0
MHS005456,2023,,2.88,1.41,86,34,135,-49,Tepat Waktu,1.0,0.0
MHS005809,2023,,2.53,2.47,101,41,135,-34,Tepat Waktu,1.0,0.0
MHS006042,2023,,2.57,2.61,105,43,135,-30,Tepat Waktu,1.0,0.0
MHS000004,2019,,2.36,2.37,151,57,144,7,Terlambat,0.0,1.0
MHS000600,2020,,2.61,2.61,149,59,144,5,Terlambat,0.0001,0.9999
MHS000854,2024,,2.22,2.2,59,25,95,-36,Tepat Waktu,1.0,0.0
MHS001341,2020,,2.77,2.77,150,58,144,6,Terlambat,0.0013,0.9987
MHS001830,2024,,2.88,2.88,58,23,95,-37,Tepat Waktu,1.0,0.0
MHS002537,2023,,2.65,2.66,103,46,135,-32,Tepat Waktu,1.0,0.0
MHS003170,2024,,2.55,2.55,59,24,95,-36,Tepat Waktu,1.0,0.0
MHS003391,2023,,2.56,2.56,101,39,135,-34,Tepat Waktu,1.0,0.0
MHS003852,2022,,3.48,3.51,140,54,144,-4,Tepat Waktu,0.8306,0.1694
MHS005268,2024,,2.58,2.07,57,23,95,-38,Tepat Waktu,1.0,0.0
MHS005649,2024,,2.66,2.33,61,28,95,-34,Tepat Waktu,1.0,0.0
MHS000088,2021,,2.45,2.45,145,58,144,1,Terlambat,0.0,1.0
MHS000603,2019,,2.75,2.75,150,58,144,6,Terlambat,0.0011,0.9989
MHS001582,2023,,2.44,2.44,105,40,135,-30,Tepat Waktu,1.0,0.0
MHS001668,2024,,2.63,2.63,60,24,95,-35,Tepat Waktu,1.0,0.0
MHS002290,2023,,2.86,2.86,105,41,135,-30,Tepat Waktu,1.0,0.0
MHS002369,2024,,2.46,2.19,54,21,95,-41,Tepat Waktu,1.0,0.0
MHS002552,2024,,2.34,2.13,56,25,95,-39,Tepat Waktu,1.0,0.0
MHS002725,2023,,2.72,2.73,105,41,135,-30,Tepat Waktu,1.0,0.0
MHS005221,2023,,2.56,2.55,107,37,135,-28,Tepat Waktu,1.0,0.0
MHS000092,2024,,2.25,2.22,62,23,95,-33,Tepat Waktu,1.0,0.0
MHS000223,2021,,2.68,2.68,149,62,144,5,Terlambat,0.0003,0.9997
MHS000325,2020,,2.24,2.24,144,61,144,0,Terlambat,0.0,1.0
MHS000876,2021,,3.05,3.05,149,58,144,5,Terlambat,0.0734,0.9266
MHS001067,2019,,2.67,2.67,152,59,144,8,Terlambat,0.0003,0.9997
MHS001800,2024,,2.29,2.2,56,25,95,-39,Tepat Waktu,1.0,0.0
MHS002434,2024,,2.61,2.61,59,24,95,-36,Tepat Waktu,1.0,0.0
MHS002508,2019,,2.5,2.5,154,61,144,10,Terlambat,0.0,1.0
MHS002511,2024,,2.32,2.27,59,24,95,-36,Tepat Waktu,1.0,0.0
MHS005460,2024,,2.61,2.32,57,25,95,-38,Tepat Waktu,1.0,0.0
MHS005668,2024,,2.49,2.24,60,25,95,-35,Tepat Waktu,1.0,0.0
MHS005794,2024,,2.5,2.33,60,25,95,-35,Tepat Waktu,1.0,0.0
MHS005829,2024,,2.67,2.28,58,24,95,-37,Tepat Waktu,1.0,0.0
MHS005881,2024,,2.7,2.16,58,22,95,-37,Tepat Waktu,1.0,0.0
MHS005983,2023,,2.78,2.77,99,43,135,-36,Tepat Waktu,1.0,0.0
MHS000086,2021,,2.84,2.83,152,62,144,8,Terlambat,0.0082,0.9918
MHS000169,2021,,2.59,2.59,149,62,144,5,Terlambat,0.0001,0.9999
MHS000229,2020,,1.79,1.79,146,57,144,2,Terlambat,0.0,1.0
MHS000280,2019,,2.28,2.28,148,55,144,4,Terlambat,0.0,1.0
MHS000777,2023,,2.26,2.21,97,36,135,-38,Tepat Waktu,1.0,0.0
MHS001884,2024,,2.26,2.24,57,24,95,-38,Tepat Waktu,1.0,0.0
MHS002972,2024,,2.54,2.17,54,21,95,-41,Tepat Waktu,1.0,0.0
MHS003540,2024,,2.42,2.22,59,24,95,-36,Tepat Waktu,1.0,0.0
MHS004534,2024,,2.65,2.65,59,26,95,-36,Tepat Waktu,1.0,0.0
MHS005846,2024,,2.59,1.77,56,21,95,-39,Tepat Waktu,1.0,0.0
MHS000177,2020,,2.32,2.3,156,59,144,12,Terlambat,0.0,1.0
MHS000320,2024,,2.7,2.7,59,25,95,-36,Tepat Waktu,1.0,0.0
MHS001620,2023,,3.08,3.08,103,49,135,-32,Tepat Waktu,1.0,0.0
MHS001979,2023,,2.52,2.52,104,40,135,-31,Tepat Waktu,1.0,0.0
MHS002132,2024,,2.33,2.07,56,25,95,-39,Tepat Waktu,1.0,0.0
MHS003407,2022,,2.33,2.09,136,55,144,-8,Terlambat,0.0,1.0
MHS003649,2023,,2.75,2.75,99,43,135,-36,Tepat Waktu,1.0,0.0
MHS003723,2022,,2.56,2.54,138,54,144,-6,Terlambat,0.0,1.0
MHS004007,2023,,2.45,2.44,100,46,135,-35,Tepat Waktu,1.0,0.0
MHS004930,2024,,2.58,2.27,58,24,95,-37,Tepat Waktu,1.0,0.0
MHS005123,2024,,2.61,1.94,58,24,95,-37,Tepat Waktu,1.0,0.0
MHS005208,2024,,2.61,2.53,58,23,95,-37,Tepat Waktu,1.0,0.0
MHS005483,2023,,3.04,3.04,103,39,135,-32,Tepat Waktu,1.0,0.0
MHS006045,2024,,2.64,2.11,57,25,95,-38,Tepat Waktu,1.0,0.0
MHS000208,2020,,2.55,2.55,148,52,144,4,Terlambat,0.0,1.0
MHS000210,2023,,2.4,2.41,101,41,135,-34,Tepat Waktu,1.0,0.0
MHS001015,2023,,2.64,2.64,105,42,135,-30,Tepat Waktu,1.0,0.0
MHS002406,2021,,3.08,3.08,153,63,144,9,Terlambat,0.2991,0.7009
MHS002588,2024,,2.34,2.33,60,26,95,-35,Tepat Waktu,1.0,0.0
MHS002828,2024,,2.49,2.49,57,24,95,-38,Tepat Waktu,1.0,0.0
MHS004041,2023,,2.72,2.72,101,39,135,-34,Tepat Waktu,1.0,0.0
MHS004117,2023,,2.81,2.81,103,43,135,-32,Tepat Waktu,1.0,0.0
MHS004536,2023,,2.86,1.39,89,38,135,-46,Tepat Waktu,1.0,0.0
MHS000281,2021,,2.57,2.57,147,58,144,3,Terlambat,0.0,1.0
MHS000323,2021,,2.26,2.21,131,48,144,-13,Terlambat,0.0,1.0
MHS000684,2021,,2.9,2.9,151,57,144,7,Terlambat,0.0175,0.9825
MHS000816,2023,,2.3,2.3,103,49,135,-32,Tepat Waktu,1.0,0.0
MHS001224,2021,,3.23,3.44,37,14,144,-107,Tepat Waktu,1.0,0.0
MHS001420,2023,,2.56,2.55,103,39,135,-32,Tepat Waktu,1.0,0.0
MHS002377,2022,,2.34,2.34,138,54,144,-6,Terlambat,0.0,1.0
MHS002779,2024,,1.67,2.03,62,23,95,-33,Tepat Waktu,1.0,0.0
MHS003077,2023,,2.79,2.79,105,41,135,-30,Tepat Waktu,1.0,0.0
MHS003178,2023,,2.44,2.4,101,39,135,-34,Tepat Waktu,1.0,0.0
MHS003766,2023,,2.63,2.63,104,41,135,-31,Tepat Waktu,1.0,0.0
MHS003970,2023,,2.75,2.76,105,41,135,-30,Tepat Waktu,1.0,0.0
MHS004165,2022,,3.58,3.58,140,54,144,-4,Tepat Waktu,0.9066,0.0934
MHS004871,2024,,2.55,2.18,58,23,95,-37,Tepat Waktu,1.0,0.0
MHS005019,2022,,2.31,1.21,83,33,144,-61,Tepat Waktu,1.0,0.0
MHS006092,2024,,2.54,2.41,60,25,95,-35,Tepat Waktu,1.0,0.0
MHS000436,2021,,2.76,2.79,160,69,144,16,Terlambat,0.2811,0.7189
MHS000547,2024,,2.27,2.27,57,23,95,-38,Tepat Waktu,1.0,0.0
MHS000651,2022,,2.55,2.44,115,44,144,-29,Tepat Waktu,0.9999,0.0001
MHS001042,2022,,2.72,2.68,127,53,144,-17,Terlambat,0.3642,0.6358
MHS001120,2024,,2.45,2.45,58,23,95,-37,Tepat Waktu,1.0,0.0
MHS001293,2024,,2.31,2.29,61,26,95,-34,Tepat Waktu,1.0,0.0
MHS001715,2024,,2.4,2.4,59,26,95,-36,Tepat Waktu,1.0,0.0
MHS001929,2020,,2.66,2.66,151,63,144,7,Terlambat,0.0004,0.9996
MHS002980,2024,,2.7,2.7,59,24,95,-36,Tepat Waktu,1.0,0.0
MHS003089,2023,,2.71,2.7,106,41,135,-29,Tepat Waktu,1.0,0.0
MHS004426,2024,,1.38,1.84,60,22,95,-35,Tepat Waktu,1.0,0.0
MHS004974,2024,,2.55,1.97,57,23,95,-38,Tepat Waktu,1.0,0.0
MHS005477,2023,,2.93,2.93,103,39,135,-32,Tepat Waktu,1.0,0.0
MHS005929,2022,,2.45,2.07,134,54,144,-10,Terlambat,0.0,1.0
MHS000226,2023,,2.22,2.12,92,34,135,-43,Tepat Waktu,1.0,0.0
MHS000864,2023,,3.05,3.05,107,40,135,-28,Tepat Waktu,1.0,0.0
MHS001325,2023,,2.9,2.9,103,48,135,-32,Tepat Waktu,1.0,0.0
MHS001404,2024,,2.56,2.56,57,24,95,-38,Tepat Waktu,1.0,0.0
MHS001481,2024,,2.62,2.62,60,24,95,-35,Tepat Waktu,1.0,0.0
MHS001487,2024,,2.34,2.01,54,21,95,-41,Tepat Waktu,1.0,0.0
MHS001491,2021,,0.71,1.47,137,56,144,-7,Terlambat,0.0,1.0
MHS002801,2023,,2.75,2.75,105,36,135,-30,Tepat Waktu,1.0,0.0
MHS003920,2024,,2.44,2.01,58,22,95,-37,Tepat Waktu,1.0,0.0
MHS005409,2024,,2.65,2.6,58,23,95,-37,Tepat Waktu,1.0,0.0
MHS000435,2020,,3.2,3.2,149,57,144,5,Terlambat,0.2999,0.7001
MHS000827,2024,,2.12,2.15,59,25,95,-36,Tepat Waktu,1.0,0.0
MHS001889,2023,,2.98,2.97,94,34,135,-41,Tepat Waktu,1.0,0.0
MHS002771,2024,,2.61,2.61,56,21,95,-39,Tepat Waktu,1.0,0.0
MHS003121,2023,,2.64,2.65,101,39,135,-34,Tepat Waktu,1.0,0.0
MHS004341,2023,,2.75,2.75,107,41,135,-28,Tepat Waktu,1.0,0.0
MHS005318,2022,,2.6,2.61,143,58,144,-1,Terlambat,0.0001,0.9999
MHS005334,2023,,2.62,2.44,98,40,135,-37,Tepat Waktu,1.0,0.0
MHS000033,2019,,3.15,3.15,144,59,144,0,Terlambat,0.2708,0.7292
MHS000066,2021,,2.76,2.76,143,55,144,-1,Terlambat,0.0017,0.9983
MHS000308,2020,,2.88,2.88,148,56,144,4,Terlambat,0.0067,0.9933
MHS000470,2021,,2.43,2.43,143,56,144,-1,Terlambat,0.0,1.0
MHS000576,2024,,2.58,2.58,60,24,95,-35,Tepat Waktu,1.0,0.0
MHS001005,2024,,2.26,2.25,59,25,95,-36,Tepat Waktu,1.0,0.0
MHS001338,2023,,2.27,2.13,97,35,135,-38,Tepat Waktu,1.0,0.0
MHS001840,2020,,2.6,2.6,153,60,144,9,Terlambat,0.0001,0.9999
MHS002353,2023,,2.52,2.51,101,45,135,-34,Tepat Waktu,1.0,0.0
MHS003139,2023,,2.55,2.08,90,36,135,-45,Tepat Waktu,1.0,0.0
MHS003589,2023,,2.72,2.71,106,43,135,-29,Tepat Waktu,1.0,0.0
MHS004343,2023,,2.68,2.7,106,50,135,-29,Tepat Waktu,1.0,0.0
MHS004449,2024,,2.5,1.78,55,21,95,-40,Tepat Waktu,1.0,0.0
MHS005152,2024,,0.39,1.36,56,22,95,-39,Tepat Waktu,1.0,0.0
MHS005869,2023,,2.55,1.9,76,30,135,-59,Tepat Waktu,1.0,0.0
MHS000163,2021,,2.83,2.81,157,62,144,13,Terlambat,0.0264,0.9736
MHS000496,2024,,2.22,2.21,56,21,95,-39,Tepat Waktu,1.0,0.0
MHS000504,2024,,2.47,2.47,56,25,95,-39,Tepat Waktu,1.0,0.0
MHS000843,2023,,2.75,2.74,101,48,135,-34,Tepat Waktu,1.0,0.0
MHS000951,2024,,2.21,1.93,54,21,95,-41,Tepat Waktu,1.0,0.0
MHS001251,2024,,2.08,2.13,59,25,95,-36,Tepat Waktu,1.0,0.0
MHS002170,2024,,2.33,2.32,60,24,95,-35,Tepat Waktu,1.0,0.0
MHS003092,2023,,3.32,3.31,107,41,135,-28,Tepat Waktu,1.0,0.0
MHS003211,2023,,2.6,2.6,106,41,135,-29,Tepat Waktu,1.0,0.0
MHS003244,2024,,2.34,2.12,57,25,95,-38,Tepat Waktu,1.0,0.0
MHS004279,2024,,2.78,2.78,56,21,95,-39,Tepat Waktu,1.0,0.0
MHS004595,2024,,2.5,1.67,56,22,95,-39,Tepat Waktu,1.0,0.0
MHS005479,2024,,2.61,2.39,57,25,95,-38,Tepat Waktu,1.0,0.0
MHS005522,2022,,2.46,2.45,133,53,144,-11,Terlambat,0.0001,0.9999
MHS000173,2020,,2.82,2.82,146,56,144,2,Terlambat,0.0038,0.9962
MHS000262,2023,,2.51,2.47,74,28,135,-61,Tepat Waktu,1.0,0.0
MHS000400,2024,,2.35,2.35,58,23,95,-37,Tepat Waktu,1.0,0.0
MHS002346,2023,,2.04,2.02,99,37,135,-36,Tepat Waktu,1.0,0.0
MHS002530,2022,,2.94,2.94,142,54,144,-2,Terlambat,0.0177,0.9823
MHS003110,2023,,2.45,2.46,101,34,135,-34,Tepat Waktu,1.0,0.0
MHS003574,2023,,2.78,2.78,102,43,135,-33,Tepat Waktu,1.0,0.0
MHS004299,2022,,2.33,2.17,121,49,144,-23,Terlambat,0.0025,0.9975
MHS004318,2023,,2.69,2.69,99,43,135,-36,Tepat Waktu,1.0,0.0
MHS004344,2022,,2.61,2.41,128,52,144,-16,Terlambat,0.0042,0.9958
MHS004738,2023,,2.85,2.86,105,46,135,-30,Tepat Waktu,1.0,0.0
MHS005040,2024,,2.21,2.22,36,14,95,-59,Tepat Waktu,1.0,0.0
MHS000151,2021,,2.68,2.68,144,56,144,0,Terlambat,0.0002,0.9998
MHS000209,2020,,2.68,2.68,144,56,144,0,Terlambat,0.0002,0.9998
MHS000230,2024,,2.4,2.44,61,25,95,-34,Tepat Waktu,1.0,0.0
MHS000294,2024,,2.02,2.04,58,23,95,-37,Tepat Waktu,1.0,0.0
MHS002680,2024,,2.33,2.2,59,24,95,-36,Tepat Waktu,1.0,0.0
MHS002716,2022,,3.1,3.1,143,58,144,-1,Terlambat,0.156,0.844
MHS003431,2024,,2.41,2.19,59,24,95,-36,Tepat Waktu,1.0,0.0
MHS003477,2023,,2.99,2.99,104,41,135,-31,Tepat Waktu,1.0,0.0
MHS003823,2024,,2.54,2.54,59,24,95,-36,Tepat Waktu,1.0,0.0
MHS004009,2021,,2.47,1.27,112,46,144,-32,Terlambat,0.0,1.0
MHS004069,2023,,2.55,2.35,98,40,135,-37,Tepat Waktu,1.0,0.0
MHS004568,2023,,2.59,2.09,97,39,135,-38,Tepat Waktu,1.0,0.0
MHS005564,2023,,2.34,2.32,102,39,135,-33,Tepat Waktu,1.0,0.0
MHS005633,2023,,2.21,2.33,102,39,135,-33,Tepat Waktu,1.0,0.0
MHS005736,2023,,3.05,3.05,109,42,135,-26,Tepat Waktu,1.0,0.0
MHS000205,2020,,2.83,2.83,148,57,144,4,Terlambat,0.003,0.997
MHS001430,2024,,1.82,1.84,58,23,95,-37,Tepat Waktu,1.0,0.0
MHS001624,2024,,2.27,2.23,56,25,95,-39,Tepat Waktu,1.0,0.0
MHS001751,2020,,2.89,2.89,153,61,144,9,Terlambat,0.0334,0.9666
MHS001998,2022,,2.36,2.28,132,52,144,-12,Terlambat,0.0,1.0
MHS002007,2024,,2.26,2.22,57,24,95,-38,Tepat Waktu,1.0,0.0
MHS002071,2022,,3.7,3.7,143,55,144,-1,Tepat Waktu,0.7878,0.2122
MHS002348,2023,,2.29,2.25,99,40,135,-36,Tepat Waktu,1.0,0.0
MHS002793,2022,,1.75,1.17,91,37,144,-53,Tepat Waktu,1.0,0.0
MHS002821,2023,,3.4,3.39,107,41,135,-28,Tepat Waktu,1.0,0.0
MHS002841,2024,,2.27,2.3,57,24,95,-38,Tepat Waktu,1.0,0.0
MHS003123,2024,,2.39,2.38,58,25,95,-37,Tepat Waktu,1.0,0.0
MHS003374,2023,,2.31,2.32,103,39,135,-32,Tepat Waktu,1.0,0.0
MHS003551,2023,,2.63,2.63,100,39,135,-35,Tepat Waktu,1.0,0.0
MHS003592,2020,,1.9,1.92,155,61,144,11,Terlambat,0.0,1.0
MHS004678,2024,,2.75,2.75,59,26,95,-36,Tepat Waktu,1.0,0.0
MHS005792,2023,,2.46,2.51,106,41,135,-29,Tepat Waktu,1.0,0.0
MHS000067,2021,,2.8,2.8,150,56,144,6,Terlambat,0.002,0.998
MHS000274,2020,,2.83,2.83,145,60,144,1,Terlambat,0.0039,0.9961
MHS000391,2023,,2.28,2.27,98,36,135,-37,Tepat Waktu,1.0,0.0
MHS000421,2023,,2.74,2.74,101,41,135,-34,Tepat Waktu,1.0,0.0
MHS000945,2023,,2.78,2.6,86,33,135,-49,Tepat Waktu,1.0,0.0
MHS001822,2024,,2.29,2.3,58,23,95,-37,Tepat Waktu,1.0,0.0
MHS001973,2023,,2.55,2.55,101,45,135,-34,Tepat Waktu,1.0,0.0
MHS002307,2024,,2.4,2.34,62,23,95,-33,Tepat Waktu,1.0,0.0
MHS002325,2019,,2.41,2.31,158,62,144,14,Terlambat,0.0,1.0
MHS002383,2024,,2.39,2.08,55,23,95,-40,Tepat Waktu,1.0,0.0
MHS002465,2024,,2.5,2.25,61,28,95,-34,Tepat Waktu,1.0,0.0
MHS002798,2024,,2.5,2.03,54,21,95,-41,Tepat Waktu,1.0,0.0
MHS003028,2024,,2.28,2.25,58,25,95,-37,Tepat Waktu,1.0,0.0
MHS003791,2022,,2.72,2.67,137,55,144,-7,Terlambat,0.0015,0.9985
MHS004199,2023,,2.55,2.32,98,36,135,-37,Tepat Waktu,1.0,0.0
MHS005021,2023,,2.75,2.76,106,40,135,-29,Tepat Waktu,1.0,0.0
MHS005798,2024,,2.75,2.67,54,19,95,-41,Tepat Waktu,1.0,0.0
MHS000129,2021,,2.45,2.45,144,60,144,0,Terlambat,0.0,1.0
MHS000184,2020,,1.91,1.9,148,57,144,4,Terlambat,0.0,1.0
MHS000410,2019,,2.75,2.75,144,55,144,0,Terlambat,0.0007,0.9993
MHS000679,2023,,3.16,3.16,106,40,135,-29,Tepat Waktu,1.0,0.0
MHS000800,2020,,1.75,1.7,152,59,144,8,Terlambat,0.0,1.0
MHS001274,2023,,2.69,2.7,103,49,135,-32,Tepat Waktu,1.0,0.0
MHS002141,2024,,2.28,2.28,59,24,95,-36,Tepat Waktu,1.0,0.0
MHS002193,2020,,1.82,1.82,151,58,144,7,Terlambat,0.0,1.0
MHS002253,2023,,2.26,2.25,100,37,135,-35,Tepat Waktu,1.0,0.0
MHS002462,2023,,2.74,2.74,105,36,135,-30,Tepat Waktu,1.0,0.0
MHS003655,2023,,2.47,2.47,106,39,135,-29,Tepat Waktu,1.0,0.0
MHS004334,2022,,2.26,2.28,140,57,144,-4,Terlambat,0.0,1.0
MHS004579,2023,,2.66,2.66,102,40,135,-33,Tepat Waktu,1.0,0.0
MHS004698,2022,,3.0,3.01,143,54,144,-1,Terlambat,0.0548,0.9452
MHS000043,2022,,2.03,2.08,100,38,144,-44,Tepat Waktu,1.0,0.0
MHS000433,2023,,2.9,2.9,101,41,135,-34,Tepat Waktu,1.0,0.0
MHS000836,2022,,2.73,2.76,130,52,144,-14,Terlambat,0.114,0.886
MHS001045,2023,,2.86,2.86,104,39,135,-31,Tepat Waktu,1.0,0.0
MHS001542,2022,,2.8,2.8,141,57,144,-3,Terlambat,0.0022,0.9978
MHS002127,2023,,2.17,2.03,90,33,135,-45,Tepat Waktu,1.0,0.0
MHS002797,2023,,2.3,2.18,99,40,135,-36,Tepat Waktu,1.0,0.0
MHS002799,2022,,3.1,3.09,143,58,144,-1,Terlambat,0.148,0.852
MHS002960,2023,,2.41,2.23,95,32,135,-40,Tepat Waktu,1.0,0.0
MHS003463,2023,,2.48,2.48,106,42,135,-29,Tepat Waktu,1.0,0.0
MHS003514,2024,,2.41,2.06,58,22,95,-37,Tepat Waktu,1.0,0.0
MHS003729,2024,,2.42,1.9,58,22,95,-37,Tepat Waktu,1.0,0.0
MHS004285,2023,,2.36,2.36,103,38,135,-32,Tepat Waktu,1.0,0.0
MHS004480,2023,,2.59,1.59,97,36,135,-38,Tepat Waktu,1.0,0.0
MHS004672,2022,,2.33,2.29,134,52,144,-10,Terlambat,0.0,1.0
MHS005081,2023,,3.07,3.07,104,40,135,-31,Tepat Waktu,1.0,0.0
MHS000239,2022,,2.88,2.88,56,24,144,-88,Tepat Waktu,1.0,0.0
MHS001181,2022,,2.44,2.44,142,53,144,-2,Terlambat,0.0,1.0
MHS001313,2020,,2.7,2.7,150,58,144,6,Terlambat,0.0005,0.9995
MHS001323,2020,,2.53,2.53,150,56,144,6,Terlambat,0.0,1.0
MHS002722,2023,,2.57,2.57,101,41,135,-34,Tepat Waktu,1.0,0.0
MHS002806,2024,,2.19,2.01,60,23,95,-35,Tepat Waktu,1.0,0.0
MHS003117,2024,,2.5,2.5,58,25,95,-37,Tepat Waktu,1.0,0.0
MHS003140,2024,,2.42,2.35,56,21,95,-39,Tepat Waktu,1.0,0.0
MHS003271,2020,,2.3,2.3,155,63,144,11,Terlambat,0.0,1.0
MHS004939,2023,,3.03,3.03,103,40,135,-32,Tepat Waktu,1.0,0.0
MHS005134,2024,,2.55,2.26,59,26,95,-36,Tepat Waktu,1.0,0.0
MHS005183,2022,,2.9,2.88,142,53,144,-2,Terlambat,0.0136,0.9864
MHS005407,2023,,2.87,2.86,105,39,135,-30,Tepat Waktu,1.0,0.0
MHS005420,2024,,2.64,2.15,61,28,95,-34,Tepat Waktu,1.0,0.0
MHS000152,2020,,2.51,2.51,146,55,144,2,Terlambat,0.0,1.0
MHS000508,2020,,1.79,1.41,96,39,144,-48,Tepat Waktu,1.0,0.0
MHS000983,2019,,2.36,2.36,149,59,144,5,Terlambat,0.0,1.0
MHS001215,2023,,2.42,2.42,100,37,135,-35,Tepat Waktu,1.0,0.0
MHS001912,2023,,2.76,2.75,104,40,135,-31,Tepat Waktu,1.0,0.0
MHS002800,2022,,2.57,2.46,115,43,144,-29,Tepat Waktu,0.9999,0.0001
MHS002954,2024,,2.48,2.48,60,22,95,-35,Tepat Waktu,1.0,0.0
MHS002979,2022,,2.5,2.47,136,54,144,-8,Terlambat,0.0,1.0
MHS003232,2023,,3.12,3.12,108,40,135,-27,Tepat Waktu,1.0,0.0
MHS004074,2024,,2.48,1.97,57,22,95,-38,Tepat Waktu,1.0,0.0
MHS006049,2024,,3.48,3.61,36,14,95,-59,Tepat Waktu,1.0,0.0
MHS006108,2022,,2.67,2.7,140,52,144,-4,Terlambat,0.0007,0.9993
MHS006121,2022,,3.58,3.58,143,54,144,-1,Tepat Waktu,0.8397,0.1603
MHS000563,2023,,2.76,2.76,108,41,135,-27,Tepat Waktu,1.0,0.0
MHS001061,2022,,3.5,3.5,143,58,144,-1,Tepat Waktu,0.8005,0.1995
MHS001256,2023,,2.81,2.81,103,49,135,-32,Tepat Waktu,1.0,0.0
MHS001674,2024,,2.41,2.41,58,23,95,-37,Tepat Waktu,1.0,0.0
MHS002074,2023,,2.68,2.68,103,46,135,-32,Tepat Waktu,1.0,0.0
MHS002121,2024,,2.32,2.04,56,25,95,-39,Tepat Waktu,1.0,0.0
MHS002862,2023,,2.45,1.86,94,35,135,-41,Tepat Waktu,1.0,0.0
MHS002966,2023,,2.39,2.26,97,38,135,-38,Tepat Waktu,1.0,0.0
MHS003334,2022,,2.92,2.9,139,53,144,-5,Terlambat,0.0376,0.9624
MHS003369,2022,,2.55,2.5,137,52,144,-7,Terlambat,0.0001,0.9999
MHS003996,2023,,2.89,2.88,107,41,135,-28,Tepat Waktu,1.0,0.0
MHS004176,2022,,2.82,2.8,141,56,144,-3,Terlambat,0.0038,0.9962
MHS004442,2024,,2.5,2.32,59,26,95,-36,Tepat Waktu,1.0,0.0
MHS005063,2024,,2.8,2.8,56,21,95,-39,Tepat Waktu,1.0,0.0
MHS005170,2022,,3.05,3.04,143,54,144,-1,Terlambat,0.0599,0.9401
MHS005202,2023,,2.82,2.82,107,41,135,-28,Tepat Waktu,1.0,0.0
MHS005664,2024,,0.97,1.76,58,24,95,-37,Tepat Waktu,1.0,0.0
MHS000030,2019,,2.23,2.23,146,57,144,2,Terlambat,0.0,1.0
MHS000512,2024,,2.53,2.53,60,24,95,-35,Tepat Waktu,1.0,0.0
MHS001960,2024,,2.31,2.09,56,25,95,-39,Tepat Waktu,1.0,0.0
MHS002651,2024,,2.39,2.35,56,21,95,-39,Tepat Waktu,1.0,0.0
MHS004164,2024,,2.48,2.45,59,26,95,-36,Tepat Waktu,1.0,0.0
MHS004198,2022,,2.33,2.34,133,51,144,-11,Terlambat,0.0,1.0
MHS004351,2024,,2.94,2.94,18,7,95,-77,Tepat Waktu,1.0,0.0
MHS004662,2023,,2.67,2.66,102,40,135,-33,Tepat Waktu,1.0,0.0
MHS004954,2024,,2.6,2.13,58,24,95,-37,Tepat Waktu,1.0,0.0
MHS005211,2023,,2.33,2.25,100,38,135,-35,Tepat Waktu,1.0,0.0
MHS005270,2024,,2.64,2.26,58,23,95,-37,Tepat Waktu,1.0,0.0
MHS005320,2023,,2.63,2.63,105,46,135,-30,Tepat Waktu,1.0,0.0
MHS005524,2024,,2.9,2.9,59,22,95,-36,Tepat Waktu,1.0,0.0
MHS000056,2021,,2.95,2.95,148,56,144,4,Terlambat,0.0271,0.9729
MHS000277,2020,,1.17,1.16,144,58,144,0,Terlambat,0.0,1.0
MHS001072,2023,,2.68,2.68,103,49,135,-32,Tepat Waktu,1.0,0.0
MHS001170,2023,,2.78,2.78,106,40,135,-29,Tepat Waktu,1.0,0.0
MHS001657,2023,,3.03,3.03,102,38,135,-33,Tepat Waktu,1.0,0.0
MHS002096,2023,,2.7,2.7,104,43,135,-31,Tepat Waktu,1.0,0.0
MHS002633,2023,,2.72,2.69,103,46,135,-32,Tepat Waktu,1.0,0.0
MHS002967,2023,,2.7,2.13,96,38,135,-39,Tepat Waktu,1.0,0.0
MHS003332,2023,,2.72,2.71,107,41,135,-28,Tepat Waktu,1.0,0.0
MHS003683,2024,,2.44,2.3,56,21,95,-39,Tepat Waktu,1.0,0.0
MHS005072,2021,,2.67,1.83,128,51,144,-16,Terlambat,0.0,1.0
MHS005602,2024,,2.61,1.69,55,21,95,-40,Tepat Waktu,1.0,0.0
MHS005643,2023,,2.97,2.97,103,40,135,-32,Tepat Waktu,1.0,0.0
MHS000670,2024,,2.81,2.81,58,23,95,-37,Tepat Waktu,1.0,0.0
MHS000755,2022,,2.92,2.92,55,21,144,-89,Tepat Waktu,1.0,0.0
MHS001282,2023,,2.36,2.31,98,39,135,-37,Tepat Waktu,1.0,0.0
MHS001907,2024,,2.53,2.53,61,28,95,-34,Tepat Waktu,1.0,0.0
MHS002524,2022,,2.75,2.75,143,59,144,-1,Terlambat,0.001,0.999
MHS003012,2024,,2.51,2.51,58,25,95,-37,Tepat Waktu,1.0,0.0
MHS003636,2023,,2.83,2.84,100,39,135,-35,Tepat Waktu,1.0,0.0
MHS003682,2023,,2.48,2.48,106,39,135,-29,Tepat Waktu,1.0,0.0
MHS004095,2024,,2.47,2.15,56,21,95,-39,Tepat Waktu,1.0,0.0
MHS006126,2024,,2.64,2.62,59,22,95,-36,Tepat Waktu,1.0,0.0
MHS001094,2023,,2.4,2.4,104,39,135,-31,Tepat Waktu,1.0,0.0
MHS001785,2022,,2.57,2.57,142,56,144,-2,Terlambat,0.0,1.0
MHS002421,2024,,2.26,2.23,57,24,95,-38,Tepat Waktu,1.0,0.0
MHS004125,2023,,2.94,2.94,101,39,135,-34,Tepat Waktu,1.0,0.0
MHS005052,2024,,2.6,2.52,58,24,95,-37,Tepat Waktu,1.0,0.0
MHS005618,2023,,3.83,3.9,110,42,135,-25,Tepat Waktu,1.0,0.0
MHS006035,2024,,2.64,2.14,57,25,95,-38,Tepat Waktu,1.0,0.0
MHS000221,2021,,2.61,2.61,151,57,144,7,Terlambat,0.0001,0.9999
MHS000248,2022,,2.27,2.25,55,20,144,-89,Tepat Waktu,1.0,0.0
MHS000462,2022,,2.28,1.42,55,22,144,-89,Tepat Waktu,1.0,0.0
MHS000850,2024,,2.3,2.3,57,24,95,-38,Tepat Waktu,1.0,0.0
MHS001988,2023,,3.08,3.08,104,40,135,-31,Tepat Waktu,1.0,0.0
MHS003187,2024,,2.42,2.26,56,21,95,-39,Tepat Waktu,1.0,0.0
MHS003511,2024,,2.56,2.56,56,21,95,-39,Tepat Waktu,1.0,0.0
MHS004547,2024,,2.53,2.12,58,24,95,-37,Tepat Waktu,1.0,0.0
MHS004895,2024,,2.56,1.61,55,24,95,-40,Tepat Waktu,1.0,0.0
MHS005525,2023,,2.46,2.24,93,37,135,-42,Tepat Waktu,1.0,0.0
MHS000215,2020,,2.64,2.64,153,58,144,9,Terlambat,0.0002,0.9998
MHS000234,2023,,2.24,2.23,99,44,135,-36,Tepat Waktu,1.0,0.0
MHS000369,2023,,2.49,2.49,105,50,135,-30,Tepat Waktu,1.0,0.0
MHS001610,2020,,2.89,2.41,165,69,144,21,Terlambat,0.2182,0.7818
MHS001623,2020,,2.55,2.55,150,60,144,6,Terlambat,0.0,1.0
MHS003303,2024,,2.5,2.5,59,24,95,-36,Tepat Waktu,1.0,0.0
MHS005383,2022,,2.72,2.69,123,46,144,-21,Tepat Waktu,0.9878,0.0122
MHS005592,2022,,3.48,3.46,138,53,144,-6,Tepat Waktu,0.898,0.102
MHS006087,2023,,2.71,2.7,99,43,135,-36,Tepat Waktu,1.0,0.0
MHS000465,2020,,2.21,2.06,140,67,144,-4,Terlambat,0.0,1.0
MHS001112,2024,,2.18,2.19,57,24,95,-38,Tepat Waktu,1.0,0.0
MHS001336,2023,,2.5,2.51,99,43,135,-36,Tepat Waktu,1.0,0.0
MHS001555,2020,,2.22,2.22,151,56,144,7,Terlambat,0.0,1.0
MHS002053,2023,,2.65,2.65,103,41,135,-32,Tepat Waktu,1.0,0.0
MHS002526,2024,,2.32,2.28,59,24,95,-36,Tepat Waktu,1.0,0.0
MHS002969,2022,,2.68,2.69,139,53,144,-5,Terlambat,0.0008,0.9992
MHS004258,2024,,2.49,2.3,59,26,95,-36,Tepat Waktu,1.0,0.0
MHS004265,2024,,2.5,2.18,58,23,95,-37,Tepat Waktu,1.0,0.0
MHS004771,2020,,1.81,1.89,131,52,144,-13,Terlambat,0.0,1.0
MHS005343,2024,,2.27,1.03,36,14,95,-59,Tepat Waktu,1.0,0.0
MHS006120,2023,,2.64,1.91,94,35,135,-41,Tepat Waktu,1.0,0.0
MHS000385,2020,,2.66,2.66,149,58,144,5,Terlambat,0.0001,0.9999
MHS000583,2023,,2.74,2.74,103,49,135,-32,Tepat Waktu,1.0,0.0
MHS001090,2024,,2.27,2.27,58,23,95,-37,Tepat Waktu,1.0,0.0
MHS001385,2022,,2.57,2.55,130,54,144,-14,Terlambat,0.0024,0.9976
MHS002500,2024,,2.8,2.8,59,24,95,-36,Tepat Waktu,1.0,0.0
MHS002738,2023,,2.06,2.15,99,40,135,-36,Tepat Waktu,1.0,0.0
MHS002832,2024,,2.7,2.7,58,25,95,-37,Tepat Waktu,1.0,0.0
MHS002932,2023,,2.79,2.79,105,36,135,-30,Tepat Waktu,1.0,0.0
MHS003693,2023,,2.84,2.85,106,39,135,-29,Tepat Waktu,1.0,0.0
MHS003847,2024,,2.46,2.24,56,21,95,-39,Tepat Waktu,1.0,0.0
MHS004039,2024,,2.47,2.41,59,26,95,-36,Tepat Waktu,1.0,0.0
MHS004712,2023,,2.75,2.75,103,40,135,-32,Tepat Waktu,1.0,0.0
MHS005405,2024,,2.56,1.8,56,21,95,-39,Tepat Waktu,1.0,0.0
MHS005617,2024,,2.61,2.33,57,25,95,-38,Tepat Waktu,1.0,0.0
MHS005659,2022,,3.25,3.24,138,55,144,-6,Tepat Waktu,0.6348,0.3652
MHS005920,2023,,2.6,2.41,94,34,135,-41,Tepat Waktu,1.0,0.0
MHS006091,2023,,2.53,2.44,100,37,135,-35,Tepat Waktu,1.0,0.0
MHS006123,2021,,2.81,2.04,127,48,144,-17,Terlambat,0.0004,0.9996
MHS000242,2022,,2.48,2.48,56,22,144,-88,Tepat Waktu,1.0,0.0
MHS000548,2024,,2.19,2.18,59,25,95,-36,Tepat Waktu,1.0,0.0
MHS001129,2021,,3.16,3.16,150,56,144,6,Terlambat,0.3086,0.6914
MHS001135,2024,,2.25,2.23,57,24,95,-38,Tepat Waktu,1.0,0.0
MHS001563,2023,,1.87,1.8,93,34,135,-42,Tepat Waktu,1.0,0.0
MHS002360,2023,,2.83,2.83,103,46,135,-32,Tepat Waktu,1.0,0.0
MHS002420,2022,,2.29,2.24,129,53,144,-15,Terlambat,0.0,1.0
MHS003082,2022,,2.44,2.38,138,53,144,-6,Terlambat,0.0,1.0
MHS003114,2024,,2.34,2.22,57,23,95,-38,Tepat Waktu,1.0,0.0
MHS003478,2023,,2.75,2.75,102,36,135,-33,Tepat Waktu,1.0,0.0
MHS003677,2024,,2.5,1.97,55,22,95,-40,Tepat Waktu,1.0,0.0
MHS004722,2023,,3.03,3.02,102,39,135,-33,Tepat Waktu,1.0,0.0
MHS005101,2024,,2.57,2.44,57,23,95,-38,Tepat Waktu,1.0,0.0
MHS005656,2023,,3.22,3.21,110,51,135,-25,Tepat Waktu,1.0,0.0
MHS005723,2023,,3.09,3.09,103,40,135,-32,Tepat Waktu,1.0,0.0
MHS005957,2024,,2.6,1.98,56,22,95,-39,Tepat Waktu,1.0,0.0
MHS000232,2020,,2.2,2.2,144,58,144,0,Terlambat,0.0,1.0
MHS000831,2023,,2.39,2.39,100,37,135,-35,Tepat Waktu,1.0,0.0
MHS000856,2022,,2.44,2.46,128,48,144,-16,Terlambat,0.0031,0.9969
MHS002905,2022,,3.04,3.04,143,58,144,-1,Terlambat,0.0553,0.9447
MHS003062,2022,,2.29,1.99,134,55,144,-10,Terlambat,0.0,1.0
MHS003575,2023,,2.49,2.21,98,37,135,-37,Tepat Waktu,1.0,0.0
MHS005403,2024,,2.64,2.09,58,23,95,-37,Tepat Waktu,1.0,0.0
MHS005597,2021,,2.9,2.61,136,57,144,-8,Terlambat,0.0047,0.9953
MHS005814,2024,,2.63,2.62,55,21,95,-40,Tepat Waktu,1.0,0.0
MHS000140,2022,,1.49,1.43,107,43,144,-37,Terlambat,0.0,1.0
MHS000317,2020,,2.34,2.34,151,60,144,7,Terlambat,0.0,1.0
MHS000699,2020,,2.27,2.29,127,47,144,-17,Terlambat,0.0001,0.9999
MHS000997,2023,,2.74,2.74,104,39,135,-31,Tepat Waktu,1.0,0.0
MHS001210,2022,,2.69,2.69,142,56,144,-2,Terlambat,0.0002,0.9998
MHS001329,2024,,2.25,2.25,57,24,95,-38,Tepat Waktu,1.0,0.0
MHS002095,2024,,2.78,2.78,62,29,95,-33,Tepat Waktu,1.0,0.0
MHS002280,2023,,2.83,2.83,106,42,135,-29,Tepat Waktu,1.0,0.0
MHS002943,2024,,1.52,1.9,56,21,95,-39,Tepat Waktu,1.0,0.0
MHS003317,2023,,2.64,2.68,103,39,135,-32,Tepat Waktu,1.0,0.0
MHS004179,2023,,2.91,2.91,108,42,135,-27,Tepat Waktu,1.0,0.0
MHS004588,2024,,0.91,1.66,57,23,95,-38,Tepat Waktu,1.0,0.0
MHS004707,2023,,2.94,2.94,103,40,135,-32,Tepat Waktu,1.0,0.0
MHS004911,2023,,2.56,2.55,99,40,135,-36,Tepat Waktu,1.0,0.0
MHS005013,2023,,3.03,3.03,107,41,135,-28,Tepat Waktu,1.0,0.0
MHS005269,2024,,2.77,2.78,18,7,95,-77,Tepat Waktu,1.0,0.0
MHS006082,2024,,2.72,1.82,58,21,95,-37,Tepat Waktu,1.0,0.0
MHS000256,2020,,2.78,2.78,148,61,144,4,Terlambat,0.0018,0.9982
MHS000341,2023,,3.09,3.09,105,39,135,-30,Tepat Waktu,1.0,0.0
MHS000823,2021,,3.31,3.3,153,63,144,9,Tepat Waktu,0.7937,0.2063
MHS000984,2024,,2.01,2.11,56,25,95,-39,Tepat Waktu,1.0,0.0
MHS001182,2024,,2.39,2.39,58,23,95,-37,Tepat Waktu,1.0,0.0
MHS001287,2024,,2.28,2.28,57,24,95,-38,Tepat Waktu,1.0,0.0
MHS001866,2022,,2.91,2.91,136,57,144,-8,Terlambat,0.0902,0.9098
MHS002038,2024,,2.31,2.01,56,25,95,-39,Tepat Waktu,1.0,0.0
MHS002238,2023,,2.78,2.78,105,41,135,-30,Tepat Waktu,1.0,0.0
MHS002900,2024,,2.4,2.25,56,21,95,-39,Tepat Waktu,1.0,0.0
MHS002916,2023,,2.37,2.39,104,39,135,-31,Tepat Waktu,1.0,0.0
MHS005187,2024,,2.56,2.46,59,23,95,-36,Tepat Waktu,1.0,0.0
MHS005305,2023,,2.56,1.69,95,38,135,-40,Tepat Waktu,1.0,0.0
MHS000292,2019,,2.51,2.51,151,60,144,7,Terlambat,0.0,1.0
MHS000754,2019,,2.6,2.6,149,60,144,5,Terlambat,0.0001,0.9999
MHS001269,2019,,2.25,2.25,150,63,144,6,Terlambat,0.0,1.0
MHS001502,2020,,2.5,2.5,153,62,144,9,Terlambat,0.0,1.0
MHS001725,2023,,2.33,2.34,101,45,135,-34,Tepat Waktu,1.0,0.0
MHS003015,2023,,2.9,2.79,35,13,135,-100,Tepat Waktu,1.0,0.0
MHS003612,2023,,2.61,2.61,103,39,135,-32,Tepat Waktu,1.0,0.0
MHS004421,2023,,2.57,2.56,103,40,135,-32,Tepat Waktu,1.0,0.0
MHS005406,2024,,2.58,1.99,57,25,95,-38,Tepat Waktu,1.0,0.0
MHS005879,2023,,2.89,2.9,103,40,135,-32,Tepat Waktu,1.0,0.0
MHS000083,2021,,2.88,2.88,146,61,144,2,Terlambat,0.0137,0.9863
MHS000265,2022,,1.28,1.32,56,22,144,-88,Tepat Waktu,1.0,0.0
MHS000509,2020,,2.51,2.5,100,38,144,-44,Tepat Waktu,1.0,0.0
MHS001052,2019,,0.39,1.08,109,44,144,-35,Terlambat,0.0,1.0
MHS001292,2022,,2.51,2.49,138,55,144,-6,Terlambat,0.0,1.0
MHS001479,2024,,2.26,2.23,56,25,95,-39,Tepat Waktu,1.0,0.0
MHS001528,2023,,2.91,2.91,105,40,135,-30,Tepat Waktu,1.0,0.0
MHS002317,2022,,2.68,2.68,142,57,144,-2,Terlambat,0.0003,0.9997
MHS002419,2023,,2.31,2.31,101,45,135,-34,Tepat Waktu,1.0,0.0
MHS004629,2021,,2.79,2.0,132,55,144,-12,Terlambat,0.0,1.0
MHS005402,2023,,2.57,1.93,94,37,135,-41,Tepat Waktu,1.0,0.0
MHS005583,2023,,2.34,2.3,102,39,135,-33,Tepat Waktu,1.0,0.0
MHS005980,2023,,2.29,2.3,104,40,135,-31,Tepat Waktu,1.0,0.0
MHS000149,2020,,2.51,2.51,149,58,144,5,Terlambat,0.0,1.0
MHS000220,2020,,2.87,2.87,147,55,144,3,Terlambat,0.0057,0.9943
MHS000528,2023,,2.8,2.8,103,49,135,-32,Tepat Waktu,1.0,0.0
MHS001202,2023,,2.46,2.46,105,42,135,-30,Tepat Waktu,1.0,0.0
MHS001422,2020,,2.44,2.44,151,60,144,7,Terlambat,0.0,1.0
MHS001645,2023,,2.45,2.45,101,45,135,-34,Tepat Waktu,1.0,0.0
MHS001676,2020,,2.36,2.37,156,59,144,12,Terlambat,0.0,1.0
MHS002162,2024,,2.29,2.3,59,24,95,-36,Tepat Waktu,1.0,0.0
MHS002745,2023,,2.31,2.31,103,46,135,-32,Tepat Waktu,1.0,0.0
MHS003295,2023,,2.5,2.07,94,38,135,-41,Tepat Waktu,1.0,0.0
MHS003894,2023,,2.54,2.38,95,35,135,-40,Tepat Waktu,1.0,0.0
MHS004221,2023,,3.66,3.75,109,42,135,-26,Tepat Waktu,1.0,0.0
MHS004241,2023,,2.48,2.48,105,40,135,-30,Tepat Waktu,1.0,0.0
MHS004386,2023,,1.82,1.8,91,33,135,-44,Tepat Waktu,1.0,0.0
MHS005462,2024,,2.57,1.72,56,25,95,-39,Tepat Waktu,1.0,0.0
MHS005873,2023,,2.53,2.53,101,41,135,-34,Tepat Waktu,1.0,0.0
MHS000002,2019,,2.52,2.52,153,54,144,9,Terlambat,0.0,1.0
MHS000740,2023,,2.86,2.86,101,48,135,-34,Tepat Waktu,1.0,0.0
MHS001440,2020,,2.93,2.93,151,62,144,7,Terlambat,0.0487,0.9513
MHS001981,2020,,2.35,2.28,157,59,144,13,Terlambat,0.0,1.0
MHS002223,2023,,2.3,2.3,99,46,135,-36,Tepat Waktu,1.0,0.0
MHS002229,2022,,2.52,2.45,129,50,144,-15,Terlambat,0.0013,0.9987
MHS002371,2024,,2.4,2.37,62,23,95,-33,Tepat Waktu,1.0,0.0
MHS002591,2023,,2.32,2.32,100,38,135,-35,Tepat Waktu,1.0,0.0
MHS002850,2024,,2.68,2.68,60,22,95,-35,Tepat Waktu,1.0,0.0
MHS003221,2024,,2.53,2.52,59,24,95,-36,Tepat Waktu,1.0,0.0
MHS003402,2022,,3.16,3.16,139,55,144,-5,Terlambat,0.3592,0.6408
MHS003631,2023,,2.52,2.52,102,41,135,-33,Tepat Waktu,1.0,0.0
MHS003778,2022,,2.5,2.48,134,52,144,-10,Terlambat,0.0001,0.9999
MHS003911,2022,,2.39,1.97,123,50,144,-21,Terlambat,0.0,1.0
MHS004202,2024,,2.48,2.12,59,26,95,-36,Tepat Waktu,1.0,0.0
MHS004510,2023,,2.33,2.14,91,36,135,-44,Tepat Waktu,1.0,0.0
MHS004744,2023,,2.67,2.68,108,51,135,-27,Tepat Waktu,1.0,0.0
MHS004894,2023,,2.95,2.95,105,46,135,-30,Tepat Waktu,1.0,0.0
MHS005053,2023,,3.18,3.18,104,40,135,-31,Tepat Waktu,1.0,0.0
MHS005473,2024,,0.9,1.45,57,25,95,-38,Tepat Waktu,1.0,0.0
MHS006032,2024,,2.72,2.48,58,24,95,-37,Tepat Waktu,1.0,0.0
MHS000015,2019,,2.49,2.49,148,52,144,4,Terlambat,0.0,1.0
MHS000024,2019,,2.36,2.36,152,56,144,8,Terlambat,0.0,1.0
MHS000104,2022,,1.88,0.94,95,42,144,-49,Tepat Waktu,0.645,0.355
MHS000743,2020,,2.7,2.7,152,59,144,8,Terlambat,0.0005,0.9995
MHS001016,2019,,1.58,1.04,109,42,144,-35,Terlambat,0.0,1.0
MHS001153,2023,,2.83,2.83,36,13,135,-99,Tepat Waktu,1.0,0.0
MHS001569,2023,,2.88,2.88,102,38,135,-33,Tepat Waktu,1.0,0.0
MHS001594,2020,,2.13,2.18,156,60,144,12,Terlambat,0.0,1.0
MHS001738,2020,,2.4,2.39,135,54,144,-9,Terlambat,0.0,1.0
MHS001965,2024,,2.35,2.35,60,24,95,-35,Tepat Waktu,1.0,0.0
MHS001986,2024,,2.36,2.36,56,25,95,-39,Tepat Waktu,1.0,0.0
MHS002241,2023,,2.48,2.48,103,46,135,-32,Tepat Waktu,1.0,0.0
MHS002336,2024,,2.28,2.27,60,26,95,-35,Tepat Waktu,1.0,0.0
MHS004049,2024,,2.61,2.41,54,21,95,-41,Tepat Waktu,1.0,0.0
MHS004298,2024,,1.49,1.9,60,22,95,-35,Tepat Waktu,1.0,0.0
MHS005804,2024,,2.63,2.37,59,23,95,-36,Tepat Waktu,1.0,0.0
MHS005883,2023,,2.89,2.89,104,39,135,-31,Tepat Waktu,1.0,0.0
MHS000253,2019,,2.82,2.82,144,60,144,0,Terlambat,0.0043,0.9957
MHS000376,2020,,1.53,1.55,107,44,144,-37,Terlambat,0.0,1.0
MHS000527,2023,,2.88,2.88,103,49,135,-32,Tepat Waktu,1.0,0.0
MHS001077,2021,,2.85,2.85,150,59,144,6,Terlambat,0.0052,0.9948
MHS001516,2023,,2.69,2.69,106,40,135,-29,Tepat Waktu,1.0,0.0
MHS001640,2022,,2.56,2.56,139,52,144,-5,Terlambat,0.0001,0.9999
MHS002135,2022,,2.44,1.86,132,52,144,-12,Terlambat,0.0,1.0
MHS002294,2024,,2.39,2.39,58,23,95,-37,Tepat Waktu,1.0,0.0
MHS003141,2023,,2.85,2.85,105,41,135,-30,Tepat Waktu,1.0,0.0
MHS003753,2023,,2.54,2.23,98,37,135,-37,Tepat Waktu,1.0,0.0
MHS004070,2023,,2.29,2.15,100,38,135,-35,Tepat Waktu,1.0,0.0
MHS005205,2024,,2.61,2.37,58,23,95,-37,Tepat Waktu,1.0,0.0
MHS000001,2019,,2.26,2.26,145,57,144,1,Terlambat,0.0,1.0
MHS000061,2021,,2.96,2.96,148,61,144,4,Terlambat,0.0445,0.9555
MHS000218,2024,,2.37,2.37,57,24,95,-38,Tepat Waktu,1.0,0.0
MHS000314,2022,,1.1,0.92,67,27,144,-77,Tepat Waktu,1.0,0.0
MHS000474,2020,,2.07,2.08,152,57,144,8,Terlambat,0.0,1.0
MHS000748,2021,,2.94,2.94,100,39,144,-44,Tepat Waktu,1.0,0.0
MHS000960,2023,,2.45,2.45,102,38,135,-33,Tepat Waktu,1.0,0.0
MHS000964,2023,,2.75,2.75,106,40,135,-29,Tepat Waktu,1.0,0.0
MHS001122,2022,,2.86,2.88,140,57,144,-4,Terlambat,0.0136,0.9864
MHS001239,2020,,2.44,2.36,164,65,144,20,Terlambat,0.0004,0.9996
MHS001673,2023,,2.49,2.47,108,40,135,-27,Tepat Waktu,1.0,0.0
MHS002423,2023,,2.37,2.11,97,38,135,-38,Tepat Waktu,1.0,0.0
MHS002815,2024,,2.43,2.03,55,24,95,-40,Tepat Waktu,1.0,0.0
MHS003653,2024,,2.42,2.4,60,22,95,-35,Tepat Waktu,1.0,0.0
MHS004558,2022,,3.11,3.11,143,58,144,-1,Terlambat,0.1199,0.8801
MHS004917,2022,,2.56,2.33,137,55,144,-7,Terlambat,0.0,1.0
MHS005327,2023,,2.65,2.08,97,46,135,-38,Tepat Waktu,1.0,0.0
MHS005364,2023,,2.71,2.71,105,39,135,-30,Tepat Waktu,1.0,0.0
MHS005781,2024,,2.62,2.05,57,25,95,-38,Tepat Waktu,1.0,0.0
MHS000031,2021,,2.82,2.82,147,56,144,3,Terlambat,0.0035,0.9965
MHS000044,2020,,2.46,2.47,140,55,144,-4,Terlambat,0.0,1.0
MHS000131,2020,,2.54,2.54,146,61,144,2,Terlambat,0.0,1.0
MHS000261,2020,,2.95,2.95,145,56,144,1,Terlambat,0.0302,0.9698
MHS000402,2021,,2.64,2.65,154,59,144,10,Terlambat,0.0004,0.9996
MHS000593,2022,,2.8,2.82,35,13,144,-109,Tepat Waktu,1.0,0.0
MHS001345,2022,,2.62,2.63,143,57,144,-1,Terlambat,0.0001,0.9999
MHS001827,2024,,2.32,2.32,60,24,95,-35,Tepat Waktu,1.0,0.0
MHS001896,2024,,2.39,2.3,62,23,95,-33,Tepat Waktu,1.0,0.0
MHS002181,2024,,0.69,0.68,56,22,95,-39,Tepat Waktu,1.0,0.0
MHS002909,2022,,3.22,3.22,143,58,144,-1,Terlambat,0.3922,0.6078
MHS003583,2024,,2.42,2.32,59,26,95,-36,Tepat Waktu,1.0,0.0
MHS003606,2024,,2.43,2.44,57,22,95,-38,Tepat Waktu,1.0,0.0
MHS003750,2020,,2.64,2.63,155,65,144,11,Terlambat,0.0009,0.9991
MHS005104,2024,,2.27,0.11,36,14,95,-59,Tepat Waktu,1.0,0.0
MHS005855,2024,,2.69,1.98,58,24,95,-37,Tepat Waktu,1.0,0.0
MHS000090,2021,,2.75,2.75,146,53,144,2,Terlambat,0.0012,0.9988
MHS000135,2024,,2.97,2.97,58,23,95,-37,Tepat Waktu,1.0,0.0
MHS000193,2019,,2.04,1.57,134,56,144,-10,Terlambat,0.0,1.0
MHS000348,2021,,2.62,2.63,154,61,144,10,Terlambat,0.0002,0.9998
MHS000461,2020,,2.95,2.95,150,69,144,6,Terlambat,0.329,0.671
MHS000541,2024,,1.39,1.13,56,22,95,-39,Tepat Waktu,1.0,0.0
MHS001249,2023,,2.85,2.85,103,49,135,-32,Tepat Waktu,1.0,0.0
MHS001377,2023,,2.08,2.08,90,34,135,-45,Tepat Waktu,1.0,0.0
MHS001511,2022,,3.7,3.7,141,54,144,-3,Tepat Waktu,0.8506,0.1494
MHS002987,2024,,2.38,2.2,59,24,95,-36,Tepat Waktu,1.0,0.0
MHS003611,2023,,2.81,2.82,108,51,135,-27,Tepat Waktu,1.0,0.0
MHS005515,2023,,2.88,2.88,99,43,135,-36,Tepat Waktu,1.0,0.0
MHS005976,2023,,2.58,2.52,99,43,135,-36,Tepat Waktu,1.0,0.0
MHS000137,2021,,3.29,3.29,147,61,144,3,Tepat Waktu,0.6396,0.3604
MHS001040,2022,,2.89,2.89,142,57,144,-2,Terlambat,0.0118,0.9882
MHS001739,2022,,2.36,2.04,126,55,144,-18,Terlambat,0.0,1.0
MHS002503,2021,,3.13,3.12,155,60,144,11,Tepat Waktu,0.5272,0.4728
MHS002997,2023,,2.43,2.41,101,48,135,-34,Tepat Waktu,1.0,0.0
MHS003070,2024,,2.29,2.2,58,25,95,-37,Tepat Waktu,1.0,0.0
MHS003090,2022,,2.41,2.12,126,48,144,-18,Terlambat,0.0001,0.9999
MHS003450,2022,,2.82,2.82,143,56,144,-1,Terlambat,0.0032,0.9968
MHS004086,2022,,3.46,3.47,143,55,144,-1,Tepat Waktu,0.6889,0.3111
MHS004691,2023,,2.58,2.58,106,50,135,-29,Tepat Waktu,1.0,0.0
MHS004859,2024,,2.51,2.25,59,26,95,-36,Tepat Waktu,1.0,0.0
MHS005253,2024,,2.56,1.93,56,22,95,-39,Tepat Waktu,1.0,0.0
MHS005427,2023,,2.45,2.22,100,38,135,-35,Tepat Waktu,1.0,0.0
MHS005718,2023,,2.99,2.99,103,40,135,-32,Tepat Waktu,1.0,0.0
MHS001397,2024,,2.25,2.03,56,25,95,-39,Tepat Waktu,1.0,0.0
MHS001575,2023,,3.56,3.64,36,13,135,-99,Tepat Waktu,1.0,0.0
MHS001595,2022,,2.73,2.73,142,59,144,-2,Terlambat,0.0009,0.9991
MHS002012,2023,,2.58,2.58,105,42,135,-30,Tepat Waktu,1.0,0.0
MHS002744,2022,,3.33,3.34,143,59,144,-1,Tepat Waktu,0.5382,0.4618
MHS003144,2024,,2.66,2.66,58,25,95,-37,Tepat Waktu,1.0,0.0
MHS003314,2022,,2.43,2.3,111,40,144,-33,Tepat Waktu,1.0,0.0
MHS003662,2023,,2.53,1.83,95,42,135,-40,Tepat Waktu,1.0,0.0
MHS004748,2024,,2.52,2.27,56,21,95,-39,Tepat Waktu,1.0,0.0
MHS004862,2021,,2.44,0.98,111,43,144,-33,Terlambat,0.0,1.0
MHS000347,2019,,2.37,2.37,144,55,144,0,Terlambat,0.0,1.0
MHS000625,2020,,2.49,2.48,152,61,144,8,Terlambat,0.0,1.0
MHS000721,2024,,2.74,2.74,57,24,95,-38,Tepat Waktu,1.0,0.0
MHS001088,2022,,2.29,1.35,111,41,144,-33,Terlambat,0.0002,0.9998
MHS001646,2023,,2.53,2.53,99,43,135,-36,Tepat Waktu,1.0,0.0
MHS002305,2023,,2.76,2.76,103,46,135,-32,Tepat Waktu,1.0,0.0
MHS002482,2024,,2.26,2.2,58,25,95,-37,Tepat Waktu,1.0,0.0
MHS002757,2022,,2.62,2.62,141,53,144,-3,Terlambat,0.0001,0.9999
MHS003058,2022,,3.21,3.21,142,57,144,-2,Terlambat,0.3045,0.6955
MHS003385,2024,,2.55,2.24,54,21,95,-41,Tepat Waktu,1.0,0.0
MHS004032,2022,,2.34,2.38,136,53,144,-8,Terlambat,0.0,1.0
MHS004391,2024,,2.44,2.2,60,25,95,-35,Tepat Waktu,1.0,0.0
MHS004452,2024,,2.51,2.04,57,22,95,-38,Tepat Waktu,1.0,0.0
MHS004840,2023,,2.64,2.65,106,50,135,-29,Tepat Waktu,1.0,0.0
MHS005748,2023,,2.61,2.48,104,39,135,-31,Tepat Waktu,1.0,0.0
MHS000164,2024,,2.11,2.09,58,25,95,-37,Tepat Waktu,1.0,0.0
MHS000919,2024,,2.11,2.15,59,25,95,-36,Tepat Waktu,1.0,0.0
MHS001517,2020,,2.5,2.5,150,60,144,6,Terlambat,0.0,1.0
MHS001552,2024,,2.3,2.31,57,24,95,-38,Tepat Waktu,1.0,0.0
MHS002047,2023,,2.33,2.34,101,45,135,-34,Tepat Waktu,1.0,0.0
MHS002256,2024,,2.4,2.4,57,24,95,-38,Tepat Waktu,1.0,0.0
MHS002308,2023,,3.04,3.04,107,41,135,-28,Tepat Waktu,1.0,0.0
MHS002568,2024,,2.12,2.23,62,23,95,-33,Tepat Waktu,1.0,0.0
MHS003796,2024,,2.7,2.71,60,22,95,-35,Tepat Waktu,1.0,0.0
MHS004146,2023,,3.06,3.06,105,41,135,-30,Tepat Waktu,1.0,0.0
MHS004793,2022,,3.37,3.37,143,55,144,-1,Tepat Waktu,0.6684,0.3316
MHS005568,2023,,2.6,2.51,104,42,135,-31,Tepat Waktu,1.0,0.0
MHS000124,2021,,1.7,1.7,144,60,144,0,Terlambat,0.0,1.0
MHS000142,2020,,2.67,2.67,147,58,144,3,Terlambat,0.0002,0.9998
MHS000156,2020,,3.2,3.2,146,59,144,2,Terlambat,0.3103,0.6897
MHS000286,2023,,2.81,2.81,104,39,135,-31,Tepat Waktu,1.0,0.0
MHS000473,2021,,2.57,2.58,158,60,144,14,Terlambat,0.0004,0.9996
MHS000678,2023,,1.71,1.82,94,34,135,-41,Tepat Waktu,1.0,0.0
MHS001096,2023,,2.37,2.41,96,36,135,-39,Tepat Waktu,1.0,0.0
MHS001099,2021,,3.37,3.37,154,58,144,10,Tepat Waktu,0.8555,0.1445
MHS001372,2020,,2.84,2.84,150,58,144,6,Terlambat,0.0043,0.9957
MHS001561,2023,,2.27,2.27,102,38,135,-33,Tepat Waktu,1.0,0.0
MHS001851,2024,,2.28,2.2,59,24,95,-36,Tepat Waktu,1.0,0.0
MHS002205,2024,,2.45,2.01,54,21,95,-41,Tepat Waktu,1.0,0.0
MHS002565,2023,,2.34,2.34,103,41,135,-32,Tepat Waktu,1.0,0.0
MHS002824,2023,,2.44,2.44,103,46,135,-32,Tepat Waktu,1.0,0.0
MHS002855,2022,,2.26,2.03,125,51,144,-19,Terlambat,0.0,1.0
MHS003602,2023,,2.89,2.89,103,39,135,-32,Tepat Waktu,1.0,0.0
MHS004825,2024,,2.47,2.05,60,22,95,-35,Tepat Waktu,1.0,0.0
MHS005751,2024,,2.75,2.12,54,19,95,-41,Tepat Waktu,1.0,0.0
MHS001183,2023,,2.11,1.81,97,36,135,-38,Tepat Waktu,1.0,0.0
MHS002756,2023,,2.58,2.57,97,39,135,-38,Tepat Waktu,1.0,0.0
MHS003441,2022,,2.3,2.25,133,49,144,-11,Terlambat,0.0,1.0
MHS005241,2023,,3.03,3.03,101,39,135,-34,Tepat Waktu,1.0,0.0
MHS000008,2019,,2.36,2.36,149,58,144,5,Terlambat,0.0,1.0
MHS000222,2020,,2.65,2.65,144,58,144,0,Terlambat,0.0001,0.9999
MHS000992,2023,,2.71,2.71,103,49,135,-32,Tepat Waktu,1.0,0.0
MHS001275,2023,,1.98,2.15,93,37,135,-42,Tepat Waktu,1.0,0.0
MHS001458,2024,,2.31,2.31,56,21,95,-39,Tepat Waktu,1.0,0.0
MHS001605,2023,,2.44,2.44,105,40,135,-30,Tepat Waktu,1.0,0.0
MHS001778,2020,,0.39,0.78,123,46,144,-21,Terlambat,0.0,1.0
MHS001980,2019,,2.35,2.09,160,59,144,16,Terlambat,0.0,1.0
MHS002276,2023,,2.5,2.47,102,38,135,-33,Tepat Waktu,1.0,0.0
MHS002429,2024,,2.67,2.67,59,24,95,-36,Tepat Waktu,1.0,0.0
MHS003208,2023,,3.28,3.27,102,39,135,-33,Tepat Waktu,1.0,0.0
MHS003438,2024,,2.38,2.19,57,22,95,-38,Tepat Waktu,1.0,0.0
MHS003632,2024,,2.44,2.3,56,21,95,-39,Tepat Waktu,1.0,0.0
MHS004173,2024,,2.48,2.06,58,24,95,-37,Tepat Waktu,1.0,0.0
MHS005508,2023,,2.63,2.62,104,45,135,-31,Tepat Waktu,1.0,0.0
MHS005651,2023,,2.58,1.8,94,37,135,-41,Tepat Waktu,1.0,0.0
MHS000185,2020,,2.79,2.79,148,61,144,4,Terlambat,0.0033,0.9967
MHS000390,2023,,2.6,2.6,107,40,135,-28,Tepat Waktu,1.0,0.0
MHS000640,2021,,3.25,3.25,151,56,144,7,Terlambat,0.4425,0.5575
MHS000891,2021,,3.17,3.17,157,62,144,13,Tepat Waktu,0.8311,0.1689
MHS001043,2023,,2.54,2.55,100,37,135,-35,Tepat Waktu,1.0,0.0
MHS001305,2023,,2.44,2.42,102,38,135,-33,Tepat Waktu,1.0,0.0
MHS001695,2023,,2.44,2.44,101,40,135,-34,Tepat Waktu,1.0,0.0
MHS001786,2022,,2.81,2.81,143,60,144,-1,Terlambat,0.0034,0.9966
MHS002210,2023,,3.74,3.77,109,42,135,-26,Tepat Waktu,1.0,0.0
MHS003202,2024,,2.46,2.46,56,21,95,-39,Tepat Waktu,1.0,0.0
MHS003525,2023,,2.72,2.72,106,42,135,-29,Tepat Waktu,1.0,0.0
MHS003715,2024,,2.71,2.71,60,22,95,-35,Tepat Waktu,1.0,0.0
MHS004294,2022,,3.5,3.5,141,54,144,-3,Tepat Waktu,0.8566,0.1434
MHS004673,2024,,2.53,2.09,58,23,95,-37,Tepat Waktu,1.0,0.0
MHS004810,2023,,1.62,0.86,87,35,135,-48,Tepat Waktu,0.9897,0.0103
MHS000697,2021,,1.89,1.57,138,55,144,-6,Terlambat,0.0,1.0
MHS000976,2023,,2.53,2.53,98,37,135,-37,Tepat Waktu,1.0,0.0
MHS001406,2024,,2.25,2.22,57,24,95,-38,Tepat Waktu,1.0,0.0
MHS001519,2023,,2.97,2.97,106,40,135,-29,Tepat Waktu,1.0,0.0
MHS001656,2024,,1.88,1.9,57,24,95,-38,Tepat Waktu,1.0,0.0
MHS003247,2024,,2.28,2.25,60,22,95,-35,Tepat Waktu,1.0,0.0
MHS003593,2023,,2.66,2.66,102,43,135,-33,Tepat Waktu,1.0,0.0
MHS005372,2024,,2.58,2.19,57,25,95,-38,Tepat Waktu,1.0,0.0
MHS005624,2023,,2.63,2.64,106,41,135,-29,Tepat Waktu,1.0,0.0
MHS000025,2019,,2.68,2.68,150,58,144,6,Terlambat,0.0003,0.9997
MHS000166,2020,,3.05,3.05,146,58,144,2,Terlambat,0.0733,0.9267
MHS000260,2019,,1.45,1.45,146,58,144,2,Terlambat,0.0,1.0
MHS001556,2023,,3.34,3.34,107,41,135,-28,Tepat Waktu,1.0,0.0
MHS001753,2019,,2.7,2.7,150,61,144,6,Terlambat,0.0006,0.9994
MHS002080,2023,,2.77,2.77,105,43,135,-30,Tepat Waktu,1.0,0.0
MHS002525,2022,,3.43,3.43,142,55,144,-2,Tepat Waktu,0.7709,0.2291
MHS003300,2023,,2.38,2.41,102,39,135,-33,Tepat Waktu,1.0,0.0
MHS003721,2024,,2.43,2.29,59,24,95,-36,Tepat Waktu,1.0,0.0
MHS004540,2024,,2.62,2.62,57,22,95,-38,Tepat Waktu,1.0,0.0
MHS004589,2024,,2.51,2.28,59,26,95,-36,Tepat Waktu,1.0,0.0
MHS004656,2023,,2.8,2.06,96,41,135,-39,Tepat Waktu,1.0,0.0
MHS005423,2024,,2.62,2.17,59,27,95,-36,Tepat Waktu,1.0,0.0
MHS005565,2022,,2.57,2.19,127,49,144,-17,Terlambat,0.0004,0.9996
MHS005745,2023,,2.46,2.51,106,41,135,-29,Tepat Waktu,1.0,0.0
MHS000268,2019,,2.22,2.21,147,54,144,3,Terlambat,0.0,1.0
MHS000288,2019,,2.05,2.05,145,52,144,1,Terlambat,0.0,1.0
MHS000907,2023,,2.34,2.32,96,44,135,-39,Tepat Waktu,1.0,0.0
MHS001344,2024,,1.72,1.74,56,25,95,-39,Tepat Waktu,1.0,0.0
MHS002300,2023,,2.48,2.48,99,37,135,-36,Tepat Waktu,1.0,0.0
MHS002331,2024,,2.39,2.39,59,24,95,-36,Tepat Waktu,1.0,0.0
MHS002848,2024,,2.59,2.59,58,25,95,-37,Tepat Waktu,1.0,0.0
MHS004254,2024,,2.48,2.46,57,22,95,-38,Tepat Waktu,1.0,0.0
MHS005974,2021,,3.34,0.98,73,26,144,-71,Tepat Waktu,1.0,0.0
MHS000009,2019,,2.66,2.66,145,58,144,1,Terlambat,0.0001,0.9999
MHS000038,2021,,1.13,1.25,104,39,144,-40,Terlambat,0.0,1.0
MHS000365,2021,,1.39,1.13,102,40,144,-42,Terlambat,0.0,1.0
MHS000516,2023,,2.66,2.66,104,39,135,-31,Tepat Waktu,1.0,0.0
MHS000833,2024,,2.28,2.23,62,23,95,-33,Tepat Waktu,1.0,0.0
MHS000950,2024,,2.23,2.16,59,25,95,-36,Tepat Waktu,1.0,0.0
MHS001337,2022,,2.54,2.56,141,56,144,-3,Terlambat,0.0,1.0
MHS001351,2022,,3.41,3.37,38,14,144,-106,Tepat Waktu,1.0,0.0
MHS002258,2023,,2.89,2.89,106,42,135,-29,Tepat Waktu,1.0,0.0
MHS003087,2024,,2.34,2.09,57,22,95,-38,Tepat Waktu,1.0,0.0
MHS003131,2023,,2.47,2.44,94,35,135,-41,Tepat Waktu,1.0,0.0
MHS003135,2022,,3.58,3.58,142,55,144,-2,Tepat Waktu,0.8544,0.1456
MHS003686,2024,,2.41,2.23,57,22,95,-38,Tepat Waktu,1.0,0.0
MHS004313,2024,,2.48,2.27,56,21,95,-39,Tepat Waktu,1.0,0.0
MHS005276,2023,,2.84,2.84,104,40,135,-31,Tepat Waktu,1.0,0.0
MHS005603,2023,,2.22,2.39,102,39,135,-33,Tepat Waktu,1.0,0.0
MHS005661,2024,,2.61,2.3,57,25,95,-38,Tepat Waktu,1.0,0.0
MHS005665,2024,,2.66,2.17,58,24,95,-37,Tepat Waktu,1.0,0.0
MHS006089,2023,,2.69,2.33,98,41,135,-37,Tepat Waktu,1.0,0.0
MHS000017,2019,,1.08,0.66,105,44,144,-39,Terlambat,0.0,1.0
MHS000105,2022,,3.73,3.73,102,41,144,-42,Tepat Waktu,1.0,0.0
MHS000344,2021,,2.3,0.8,121,44,144,-23,Terlambat,0.0,1.0
MHS001154,2023,,2.29,1.98,95,42,135,-40,Tepat Waktu,1.0,0.0
MHS002091,2023,,2.33,2.33,101,45,135,-34,Tepat Waktu,1.0,0.0
MHS002368,2022,,2.95,2.95,143,59,144,-1,Terlambat,0.0274,0.9726
MHS002418,2020,,2.55,2.54,151,62,144,7,Terlambat,0.0,1.0
MHS002780,2024,,2.19,2.11,60,23,95,-35,Tepat Waktu,1.0,0.0
MHS003490,2023,,2.95,2.95,101,39,135,-34,Tepat Waktu,1.0,0.0
MHS003645,2024,,2.57,2.57,56,21,95,-39,Tepat Waktu,1.0,0.0
MHS004065,2023,,2.55,1.41,74,29,135,-61,Tepat Waktu,1.0,0.0
MHS004243,2023,,2.42,2.39,104,40,135,-31,Tepat Waktu,1.0,0.0
MHS004704,2023,,2.58,2.55,104,39,135,-31,Tepat Waktu,1.0,0.0
MHS005349,2023,,2.83,1.91,96,36,135,-39,Tepat Waktu,1.0,0.0
MHS000098,2023,,2.28,2.28,99,47,135,-36,Tepat Waktu,1.0,0.0
MHS000633,2021,,1.94,2.01,135,51,144,-9,Terlambat,0.0,1.0
MHS000681,2024,,2.33,2.32,58,23,95,-37,Tepat Waktu,1.0,0.0
MHS000688,2024,,2.69,2.69,58,23,95,-37,Tepat Waktu,1.0,0.0
MHS000903,2021,,3.28,3.28,150,61,144,6,Tepat Waktu,0.6627,0.3373
MHS001545,2023,,2.93,2.93,106,40,135,-29,Tepat Waktu,1.0,0.0
MHS001601,2024,,2.17,2.12,58,23,95,-37,Tepat Waktu,1.0,0.0
MHS001909,2024,,2.36,2.36,58,23,95,-37,Tepat Waktu,1.0,0.0
MHS001940,2024,,2.58,2.58,58,23,95,-37,Tepat Waktu,1.0,0.0
MHS001978,2024,,2.04,2.04,57,24,95,-38,Tepat Waktu,1.0,0.0
MHS002544,2024,,2.51,2.27,61,28,95,-34,Tepat Waktu,1.0,0.0
MHS002578,2022,,2.73,2.73,142,58,144,-2,Terlambat,0.0005,0.9995
MHS002613,2024,,2.34,2.14,56,25,95,-39,Tepat Waktu,1.0,0.0
MHS002689,2023,,2.41,2.06,93,34,135,-42,Tepat Waktu,1.0,0.0
MHS003651,2023,,2.49,2.28,98,37,135,-37,Tepat Waktu,1.0,0.0
MHS004274,2022,,2.83,2.83,142,57,144,-2,Terlambat,0.003,0.997
MHS004462,2024,,2.51,2.33,57,22,95,-38,Tepat Waktu,1.0,0.0
MHS000237,2020,,2.93,2.93,147,59,144,3,Terlambat,0.0159,0.9841
MHS001931,2023,,2.79,2.8,103,46,135,-32,Tepat Waktu,1.0,0.0
MHS001968,2024,,2.83,2.83,60,24,95,-35,Tepat Waktu,1.0,0.0
MHS001991,2023,,2.15,2.0,100,37,135,-35,Tepat Waktu,1.0,0.0
MHS002093,2021,,2.28,2.23,155,59,144,11,Terlambat,0.0,1.0
MHS002261,2024,,2.52,2.52,60,26,95,-35,Tepat Waktu,1.0,0.0
MHS003515,2023,,2.65,2.64,108,40,135,-27,Tepat Waktu,1.0,0.0
MHS003799,2024,,2.46,2.27,56,21,95,-39,Tepat Waktu,1.0,0.0
MHS003997,2024,,2.47,2.24,57,22,95,-38,Tepat Waktu,1.0,0.0
MHS004044,2022,,2.58,2.58,143,62,144,-1,Terlambat,0.0,1.0
MHS005611,2023,,2.74,2.72,105,39,135,-30,Tepat Waktu,1.0,0.0
MHS005966,2024,,2.64,2.28,57,25,95,-38,Tepat Waktu,1.0,0.0
MHS000041,2022,,3.33,3.33,103,39,144,-41,Tepat Waktu,1.0,0.0
MHS000266,2020,,2.92,2.92,144,55,144,0,Terlambat,0.0219,0.9781
MHS000434,2023,,3.13,3.13,103,48,135,-32,Tepat Waktu,1.0,0.0
MHS000454,2023,,2.72,2.73,105,42,135,-30,Tepat Waktu,1.0,0.0
MHS000760,2020,,2.55,2.55,150,59,144,6,Terlambat,0.0,1.0
MHS000803,2020,,1.82,1.34,133,50,144,-11,Terlambat,0.0,1.0
MHS000911,2021,,2.75,2.75,151,57,144,7,Terlambat,0.0009,0.9991
MHS000922,2021,,2.87,2.88,157,67,144,13,Terlambat,0.2071,0.7929
MHS000946,2022,,2.55,2.53,55,21,144,-89,Tepat Waktu,1.0,0.0
MHS001658,2024,,2.61,2.61,58,23,95,-37,Tepat Waktu,1.0,0.0
MHS002030,2019,,2.62,2.62,155,63,144,11,Terlambat,0.0005,0.9995
MHS002667,2023,,2.53,2.54,106,40,135,-29,Tepat Waktu,1.0,0.0
MHS002878,2023,,2.46,2.46,101,45,135,-34,Tepat Waktu,1.0,0.0
MHS002936,2023,,2.37,2.26,98,45,135,-37,Tepat Waktu,1.0,0.0
MHS003063,2024,,2.58,2.58,56,21,95,-39,Tepat Waktu,1.0,0.0
MHS003880,2022,,3.12,3.13,138,51,144,-6,Terlambat,0.4451,0.5549
MHS004405,2024,,2.5,2.19,58,23,95,-37,Tepat Waktu,1.0,0.0
MHS004833,2024,,2.54,2.54,56,21,95,-39,Tepat Waktu,1.0,0.0
MHS005706,2024,,2.58,1.67,56,21,95,-39,Tepat Waktu,1.0,0.0
MHS005941,2024,,2.71,2.16,58,24,95,-37,Tepat Waktu,1.0,0.0
MHS000574,2020,,2.91,2.92,158,63,144,14,Terlambat,0.2753,0.7247
MHS000877,2024,,2.19,1.82,54,21,95,-41,Tepat Waktu,1.0,0.0
MHS001474,2024,,1.88,1.93,59,24,95,-36,Tepat Waktu,1.0,0.0
MHS002820,2023,,2.83,2.83,106,41,135,-29,Tepat Waktu,1.0,0.0
MHS003040,2024,,2.41,2.23,56,21,95,-39,Tepat Waktu,1.0,0.0
MHS003148,2023,,2.28,2.24,100,38,135,-35,Tepat Waktu,1.0,0.0
MHS003256,2024,,2.29,2.22,60,22,95,-35,Tepat Waktu,1.0,0.0
MHS003437,2023,,2.5,2.48,102,38,135,-33,Tepat Waktu,1.0,0.0
MHS003735,2022,,2.49,2.5,141,55,144,-3,Terlambat,0.0,1.0
MHS004059,2024,,2.47,2.29,59,26,95,-36,Tepat Waktu,1.0,0.0
MHS004655,2022,,3.63,3.62,142,54,144,-2,Tepat Waktu,0.8706,0.1294
MHS004780,2023,,2.44,2.41,104,40,135,-31,Tepat Waktu,1.0,0.0
MHS005273,2021,,2.72,1.86,128,54,144,-16,Terlambat,0.0,1.0
MHS005559,2023,,2.27,2.3,102,39,135,-33,Tepat Waktu,1.0,0.0
MHS006094,2023,,2.44,2.45,107,40,135,-28,Tepat Waktu,1.0,0.0
MHS000225,2020,,1.67,1.67,144,60,144,0,Terlambat,0.0,1.0
MHS000947,2023,,2.31,2.31,101,48,135,-34,Tepat Waktu,1.0,0.0
MHS001011,2023,,3.23,3.23,106,40,135,-29,Tepat Waktu,1.0,0.0
MHS001416,2024,,1.85,1.9,58,23,95,-37,Tepat Waktu,1.0,0.0
MHS003859,2023,,3.02,3.02,105,41,135,-30,Tepat Waktu,1.0,0.0
MHS004811,2022,,2.8,2.6,136,51,144,-8,Terlambat,0.0031,0.9969
MHS005193,2023,,2.89,2.9,103,39,135,-32,Tepat Waktu,1.0,0.0
MHS000118,2021,,3.05,3.05,144,58,144,0,Terlambat,0.1152,0.8848
MHS000313,2021,,1.14,1.06,108,44,144,-36,Terlambat,0.0,1.0
MHS000774,2024,,2.31,2.31,57,24,95,-38,Tepat Waktu,1.0,0.0
MHS000912,2024,,2.4,2.4,59,25,95,-36,Tepat Waktu,1.0,0.0
MHS000995,2023,,2.6,2.61,101,48,135,-34,Tepat Waktu,1.0,0.0
MHS001080,2022,,2.56,1.52,120,42,144,-24,Terlambat,0.0,1.0
MHS001488,2024,,2.17,2.17,58,23,95,-37,Tepat Waktu,1.0,0.0
MHS001767,2021,,2.27,2.3,112,45,144,-32,Tepat Waktu,0.9993,0.0007
MHS001815,2023,,2.15,2.13,99,37,135,-36,Tepat Waktu,1.0,0.0
MHS003233,2024,,2.4,2.26,59,26,95,-36,Tepat Waktu,1.0,0.0
MHS004025,2024,,2.61,2.21,61,28,95,-34,Tepat Waktu,1.0,0.0
MHS004882,2024,,2.56,1.95,58,23,95,-37,Tepat Waktu,1.0,0.0
MHS005380,2023,,2.42,2.19,100,38,135,-35,Tepat Waktu,1.0,0.0
MHS006109,2023,,2.6,2.32,99,43,135,-36,Tepat Waktu,1.0,0.0
MHS000059,2021,,3.04,3.04,145,58,144,1,Terlambat,0.0948,0.9052
MHS000271,2019,,2.81,2.81,146,54,144,2,Terlambat,0.0027,0.9973
MHS000747,2024,,1.88,1.92,58,23,95,-37,Tepat Waktu,1.0,0.0
MHS001147,2021,,2.83,2.83,150,62,144,6,Terlambat,0.0056,0.9944
MHS001222,2021,,2.59,2.62,154,61,144,10,Terlambat,0.0002,0.9998
MHS001855,2022,,2.74,2.74,140,53,144,-4,Terlambat,0.0017,0.9983
MHS002042,2024,,2.28,2.1,59,24,95,-36,Tepat Waktu,1.0,0.0
MHS002714,2024,,2.35,2.35,57,24,95,-38,Tepat Waktu,1.0,0.0
MHS002791,2023,,3.3,3.3,106,41,135,-29,Tepat Waktu,1.0,0.0
MHS003051,2023,,2.54,2.54,99,40,135,-36,Tepat Waktu,1.0,0.0
MHS003459,2024,,2.38,2.11,57,22,95,-38,Tepat Waktu,1.0,0.0
MHS003569,2024,,2.43,2.2,56,21,95,-39,Tepat Waktu,1.0,0.0
MHS004995,2023,,3.04,3.04,105,46,135,-30,Tepat Waktu,1.0,0.0
MHS007401,2023,,2.7,2.18,97,38,135,-38,Tepat Waktu,1.0,0.0
MHS007458,2024,,2.72,2.46,59,22,95,-36,Tepat Waktu,1.0,0.0
MHS008733,2024,,2.79,2.32,56,21,95,-39,Tepat Waktu,1.0,0.0
MHS008747,2023,,2.5,2.5,103,41,135,-32,Tepat Waktu,1.0,0.0
MHS009532,2024,,2.83,2.19,56,21,95,-39,Tepat Waktu,1.0,0.0
MHS010564,2023,,2.89,2.61,101,42,135,-34,Tepat Waktu,1.0,0.0
MHS010696,2020,,2.28,1.2,139,53,144,-5,Terlambat,0.0,1.0
MHS010793,2024,,2.84,2.25,59,26,95,-36,Tepat Waktu,1.0,0.0
MHS010815,2023,,2.89,2.08,95,40,135,-40,Tepat Waktu,1.0,0.0
MHS012189,2024,,2.37,1.66,38,17,95,-57,Tepat Waktu,1.0,0.0
MHS006359,2024,,1.34,1.94,59,27,95,-36,Tepat Waktu,1.0,0.0
MHS006640,2022,,2.99,2.99,142,56,144,-2,Terlambat,0.0491,0.9509
MHS006767,2022,,2.89,2.89,141,56,144,-3,Terlambat,0.0095,0.9905
MHS007591,2023,,2.77,2.13,98,40,135,-37,Tepat Waktu,1.0,0.0
MHS008349,2023,,3.09,3.09,110,51,135,-25,Tepat Waktu,1.0,0.0
MHS009299,2023,,2.85,2.27,98,43,135,-37,Tepat Waktu,1.0,0.0
MHS009516,2023,,2.84,2.04,93,38,135,-42,Tepat Waktu,1.0,0.0
MHS010670,2023,,2.96,2.96,101,42,135,-34,Tepat Waktu,1.0,0.0
MHS010764,2022,,2.4,2.41,141,57,144,-3,Terlambat,0.0,1.0
MHS011017,2023,,2.97,2.78,106,44,135,-29,Tepat Waktu,1.0,0.0
MHS011205,2023,,2.96,2.65,104,43,135,-31,Tepat Waktu,1.0,0.0
MHS011369,2023,,2.94,2.54,101,38,135,-34,Tepat Waktu,1.0,0.0
MHS011799,2023,,2.94,2.47,102,40,135,-33,Tepat Waktu,1.0,0.0
MHS012058,2024,,2.92,2.59,56,21,95,-39,Tepat Waktu,1.0,0.0
MHS012157,2024,,2.92,1.9,56,24,95,-39,Tepat Waktu,1.0,0.0
MHS006280,2024,,2.72,2.08,58,24,95,-37,Tepat Waktu,1.0,0.0
MHS006695,2022,,2.35,2.36,142,54,144,-2,Terlambat,0.0,1.0
MHS007304,2024,,2.73,1.8,57,26,95,-38,Tepat Waktu,1.0,0.0
MHS009460,2023,,2.8,0.97,94,35,135,-41,Tepat Waktu,0.9999,0.0001
MHS010929,2024,,3.06,2.64,54,19,95,-41,Tepat Waktu,1.0,0.0
MHS012146,2024,,2.92,2.31,59,23,95,-36,Tepat Waktu,1.0,0.0
MHS006501,2023,,2.72,2.71,104,39,135,-31,Tepat Waktu,1.0,0.0
MHS007082,2022,,2.61,1.35,90,39,144,-54,Tepat Waktu,1.0,0.0
MHS007210,2023,,2.89,2.81,105,41,135,-30,Tepat Waktu,1.0,0.0
MHS008149,2023,,2.82,2.82,106,43,135,-29,Tepat Waktu,1.0,0.0
MHS008172,2023,,2.73,2.69,104,39,135,-31,Tepat Waktu,1.0,0.0
MHS008289,2024,,2.78,2.15,60,22,95,-35,Tepat Waktu,1.0,0.0
MHS008498,2024,,0.94,1.65,59,22,95,-36,Tepat Waktu,1.0,0.0
MHS008951,2023,,2.58,2.58,108,43,135,-27,Tepat Waktu,1.0,0.0
MHS009439,2024,,2.9,2.51,58,26,95,-37,Tepat Waktu,1.0,0.0
MHS009847,2023,,2.87,2.26,98,41,135,-37,Tepat Waktu,1.0,0.0
MHS010237,2024,,2.95,2.16,58,24,95,-37,Tepat Waktu,1.0,0.0
MHS010569,2021,,2.89,1.94,135,54,144,-9,Terlambat,0.0,1.0
MHS011101,2024,,2.94,2.15,57,22,95,-38,Tepat Waktu,1.0,0.0
MHS011245,2024,,2.98,2.22,58,24,95,-37,Tepat Waktu,1.0,0.0
MHS011249,2023,,2.89,2.59,102,40,135,-33,Tepat Waktu,1.0,0.0
MHS006200,2023,,3.01,3.01,106,40,135,-29,Tepat Waktu,1.0,0.0
MHS006319,2023,,2.65,2.1,94,37,135,-41,Tepat Waktu,1.0,0.0
MHS007147,2022,,2.79,2.75,130,48,144,-14,Terlambat,0.2998,0.7002
MHS007182,2023,,2.84,2.78,105,41,135,-30,Tepat Waktu,1.0,0.0
MHS007257,2024,,2.72,1.82,57,23,95,-38,Tepat Waktu,1.0,0.0
MHS007906,2023,,2.94,2.96,108,51,135,-27,Tepat Waktu,1.0,0.0
MHS008316,2022,,2.8,2.31,129,49,144,-15,Terlambat,0.0048,0.9952
MHS008763,2023,,1.25,1.68,92,39,135,-43,Tepat Waktu,0.9969,0.0031
MHS009125,2024,,2.8,2.31,56,22,95,-39,Tepat Waktu,1.0,0.0
MHS009667,2021,,2.17,2.18,143,55,144,-1,Terlambat,0.0,1.0
MHS009825,2024,,2.84,2.58,60,25,95,-35,Tepat Waktu,1.0,0.0
MHS011037,2024,,2.85,2.23,59,25,95,-36,Tepat Waktu,1.0,0.0
MHS011483,2024,,2.9,1.97,56,21,95,-39,Tepat Waktu,1.0,0.0
MHS011608,2019,,3.21,3.21,142,56,144,-2,Terlambat,0.3457,0.6543
MHS011740,2020,,0.44,1.56,138,55,144,-6,Terlambat,0.0,1.0
MHS011913,2024,,3.08,3.08,36,16,95,-59,Tepat Waktu,1.0,0.0
MHS012057,2023,,3.02,2.67,105,42,135,-30,Tepat Waktu,1.0,0.0
MHS007474,2024,,2.78,2.15,58,24,95,-37,Tepat Waktu,1.0,0.0
MHS007477,2024,,2.64,2.45,60,23,95,-35,Tepat Waktu,1.0,0.0
MHS008177,2024,,2.74,2.35,59,22,95,-36,Tepat Waktu,1.0,0.0
MHS009469,2021,,2.57,2.59,143,61,144,-1,Terlambat,0.0001,0.9999
MHS010005,2023,,2.88,1.29,84,35,135,-51,Tepat Waktu,1.0,0.0
MHS010510,2023,,2.98,2.98,104,37,135,-31,Tepat Waktu,1.0,0.0
MHS010710,2024,,2.94,2.61,57,22,95,-38,Tepat Waktu,1.0,0.0
MHS006763,2023,,2.83,2.75,105,42,135,-30,Tepat Waktu,1.0,0.0
MHS007038,2024,,2.72,2.41,57,23,95,-38,Tepat Waktu,1.0,0.0
MHS008115,2024,,2.73,2.59,59,22,95,-36,Tepat Waktu,1.0,0.0
MHS008590,2023,,2.28,2.52,104,42,135,-31,Tepat Waktu,1.0,0.0
MHS009207,2023,,2.87,1.51,95,35,135,-40,Tepat Waktu,1.0,0.0
MHS009334,2022,,2.81,2.78,135,53,144,-9,Terlambat,0.0171,0.9829
MHS009405,2023,,2.87,2.76,99,43,135,-36,Tepat Waktu,1.0,0.0
MHS010034,2023,,2.86,2.73,101,44,135,-34,Tepat Waktu,1.0,0.0
MHS011304,2023,,2.97,2.96,106,44,135,-29,Tepat Waktu,1.0,0.0
MHS011782,2024,,2.93,1.69,55,23,95,-40,Tepat Waktu,1.0,0.0
MHS011991,2023,,2.83,2.78,107,43,135,-28,Tepat Waktu,1.0,0.0
MHS006150,2023,,2.6,2.51,102,38,135,-33,Tepat Waktu,1.0,0.0
MHS006693,2024,,2.71,1.93,55,21,95,-40,Tepat Waktu,1.0,0.0
MHS008526,2022,,3.47,3.47,140,54,144,-4,Tepat Waktu,0.8159,0.1841
MHS009711,2023,,2.86,2.31,98,39,135,-37,Tepat Waktu,1.0,0.0
MHS010361,2022,,2.82,2.56,135,54,144,-9,Terlambat,0.0016,0.9984
MHS010782,2024,,2.9,2.59,60,23,95,-35,Tepat Waktu,1.0,0.0
MHS011124,2023,,2.88,2.53,102,38,135,-33,Tepat Waktu,1.0,0.0
MHS012253,2023,,3.05,3.04,108,42,135,-27,Tepat Waktu,1.0,0.0
MHS006394,2024,,2.66,2.22,59,22,95,-36,Tepat Waktu,1.0,0.0
MHS006949,2024,,2.7,1.93,59,27,95,-36,Tepat Waktu,1.0,0.0
MHS007560,2024,,2.92,2.59,61,28,95,-34,Tepat Waktu,1.0,0.0
MHS008061,2023,,2.87,2.87,104,45,135,-31,Tepat Waktu,1.0,0.0
MHS008704,2023,,2.52,2.57,103,42,135,-32,Tepat Waktu,1.0,0.0
MHS010828,2022,,2.94,2.93,141,57,144,-3,Terlambat,0.0282,0.9718
MHS011256,2024,,2.95,2.43,57,22,95,-38,Tepat Waktu,1.0,0.0
MHS011561,2023,,2.94,2.85,103,46,135,-32,Tepat Waktu,1.0,0.0
MHS012007,2023,,2.93,2.29,100,41,135,-35,Tepat Waktu,1.0,0.0
MHS012101,2021,,2.81,2.11,139,57,144,-5,Terlambat,0.0,1.0
MHS006379,2024,,2.79,2.59,54,19,95,-41,Tepat Waktu,1.0,0.0
MHS007501,2023,,2.57,2.63,103,45,135,-32,Tepat Waktu,1.0,0.0
MHS007549,2024,,2.76,2.64,57,22,95,-38,Tepat Waktu,1.0,0.0
MHS007963,2024,,2.81,2.58,58,24,95,-37,Tepat Waktu,1.0,0.0
MHS008204,2024,,2.77,2.19,60,23,95,-35,Tepat Waktu,1.0,0.0
MHS008282,2022,,2.51,2.55,139,51,144,-5,Terlambat,0.0,1.0
MHS009030,2022,,3.6,3.62,142,55,144,-2,Tepat Waktu,0.8612,0.1388
MHS009728,2024,,3.56,3.59,38,14,95,-57,Tepat Waktu,1.0,0.0
MHS011840,2024,,2.91,2.07,56,24,95,-39,Tepat Waktu,1.0,0.0
MHS006371,2022,,2.69,2.25,134,55,144,-10,Terlambat,0.0,1.0
MHS006884,2023,,2.77,2.74,101,44,135,-34,Tepat Waktu,1.0,0.0
MHS007425,2021,,2.89,2.68,137,49,144,-7,Terlambat,0.0216,0.9784
MHS007730,2023,,2.74,2.75,106,40,135,-29,Tepat Waktu,1.0,0.0
MHS008325,2023,,2.76,2.14,94,39,135,-41,Tepat Waktu,1.0,0.0
MHS009142,2023,,2.78,2.11,97,43,135,-38,Tepat Waktu,1.0,0.0
MHS010945,2024,,2.88,2.34,56,21,95,-39,Tepat Waktu,1.0,0.0
MHS012149,2021,,2.63,2.54,141,53,144,-3,Terlambat,0.0001,0.9999
MHS006917,2024,,2.75,2.4,58,24,95,-37,Tepat Waktu,1.0,0.0
MHS007469,2024,,2.78,2.21,58,24,95,-37,Tepat Waktu,1.0,0.0
MHS007758,2023,,2.77,2.73,103,49,135,-32,Tepat Waktu,1.0,0.0
MHS007926,2024,,2.78,2.1,57,22,95,-38,Tepat Waktu,1.0,0.0
MHS008442,2023,,2.93,1.92,96,41,135,-39,Tepat Waktu,1.0,0.0
MHS009991,2023,,2.89,2.39,98,38,135,-37,Tepat Waktu,1.0,0.0
MHS010378,2023,,2.84,2.12,97,39,135,-38,Tepat Waktu,1.0,0.0
MHS010699,2022,,2.94,2.43,140,53,144,-4,Terlambat,0.0002,0.9998
MHS011476,2023,,2.94,2.5,101,38,135,-34,Tepat Waktu,1.0,0.0
MHS011482,2023,,3.02,2.94,108,42,135,-27,Tepat Waktu,1.0,0.0
MHS011675,2023,,2.39,2.71,106,44,135,-29,Tepat Waktu,1.0,0.0
MHS011837,2021,,2.81,1.73,139,54,144,-5,Terlambat,0.0,1.0
MHS006581,2024,,2.67,2.43,59,22,95,-36,Tepat Waktu,1.0,0.0
MHS006620,2023,,2.66,1.85,95,35,135,-40,Tepat Waktu,1.0,0.0
MHS006663,2023,,3.05,3.05,107,40,135,-28,Tepat Waktu,1.0,0.0
MHS007087,2023,,2.73,1.94,95,39,135,-40,Tepat Waktu,1.0,0.0
MHS007319,2024,,2.84,2.59,54,19,95,-41,Tepat Waktu,1.0,0.0
MHS007535,2023,,2.64,2.64,102,38,135,-33,Tepat Waktu,1.0,0.0
MHS007577,2024,,2.72,2.58,59,22,95,-36,Tepat Waktu,1.0,0.0
MHS008260,2024,,2.83,2.13,58,22,95,-37,Tepat Waktu,1.0,0.0
MHS008450,2023,,2.69,0.95,84,34,135,-51,Tepat Waktu,1.0,0.0
MHS008548,2022,,2.99,3.02,133,50,144,-11,Tepat Waktu,0.6612,0.3388
MHS008983,2022,,2.76,2.16,90,36,144,-54,Tepat Waktu,1.0,0.0
MHS009320,2022,,3.11,3.1,140,57,144,-4,Terlambat,0.1855,0.8145
MHS009395,2024,,2.89,2.38,58,23,95,-37,Tepat Waktu,1.0,0.0
MHS009567,2024,,2.83,2.02,56,21,95,-39,Tepat Waktu,1.0,0.0
MHS009732,2024,,2.79,2.22,59,26,95,-36,Tepat Waktu,1.0,0.0
MHS009775,2024,,2.88,1.95,57,25,95,-38,Tepat Waktu,1.0,0.0
MHS010084,2023,,2.86,2.72,103,43,135,-32,Tepat Waktu,1.0,0.0
MHS010300,2022,,2.7,1.76,119,46,144,-25,Terlambat,0.0018,0.9982
MHS010523,2023,,2.88,2.12,97,37,135,-38,Tepat Waktu,1.0,0.0
MHS011497,2020,,3.28,1.75,174,65,144,30,Terlambat,0.0169,0.9831
MHS007516,2024,,2.85,2.33,54,19,95,-41,Tepat Waktu,1.0,0.0
MHS007671,2024,,2.73,1.69,56,23,95,-39,Tepat Waktu,1.0,0.0
MHS008287,2022,,3.05,3.05,142,56,144,-2,Terlambat,0.1019,0.8981
MHS008291,2024,,2.74,2.07,59,27,95,-36,Tepat Waktu,1.0,0.0
MHS008322,2023,,2.87,2.86,108,42,135,-27,Tepat Waktu,1.0,0.0
MHS008673,2023,,2.75,2.3,97,39,135,-38,Tepat Waktu,1.0,0.0
MHS009824,2023,,2.86,2.51,101,44,135,-34,Tepat Waktu,1.0,0.0
MHS010303,2024,,3.06,1.2,53,22,95,-42,Tepat Waktu,1.0,0.0
MHS010546,2024,,2.82,2.35,59,26,95,-36,Tepat Waktu,1.0,0.0
MHS011025,2024,,2.92,2.24,60,23,95,-35,Tepat Waktu,1.0,0.0
MHS011426,2024,,3.1,2.38,61,28,95,-34,Tepat Waktu,1.0,0.0
MHS011454,2024,,2.99,2.28,58,24,95,-37,Tepat Waktu,1.0,0.0
MHS011772,2023,,2.93,2.33,100,43,135,-35,Tepat Waktu,1.0,0.0
MHS011987,2024,,2.91,2.6,56,21,95,-39,Tepat Waktu,1.0,0.0
MHS006255,2024,,2.65,2.29,59,22,95,-36,Tepat Waktu,1.0,0.0
MHS006526,2024,,2.66,1.99,55,21,95,-40,Tepat Waktu,1.0,0.0
MHS006742,2022,,2.53,2.55,139,55,144,-5,Terlambat,0.0,1.0
MHS006802,2022,,2.31,2.37,138,55,144,-6,Terlambat,0.0,1.0
MHS008144,2023,,2.77,2.77,106,43,135,-29,Tepat Waktu,1.0,0.0
MHS008209,2024,,2.82,2.17,58,24,95,-37,Tepat Waktu,1.0,0.0
MHS008342,2023,,2.81,2.8,99,43,135,-36,Tepat Waktu,1.0,0.0
MHS008403,2022,,2.92,0.79,96,41,144,-48,Tepat Waktu,0.9986,0.0014
MHS008761,2023,,2.95,2.07,96,38,135,-39,Tepat Waktu,1.0,0.0
MHS008773,2023,,2.77,2.71,104,42,135,-31,Tepat Waktu,1.0,0.0
MHS009424,2023,,2.11,2.31,101,42,135,-34,Tepat Waktu,1.0,0.0
MHS009523,2023,,2.5,2.81,37,15,135,-98,Tepat Waktu,1.0,0.0
MHS009641,2024,,2.83,2.35,60,25,95,-35,Tepat Waktu,1.0,0.0
MHS010606,2024,,2.83,2.62,59,26,95,-36,Tepat Waktu,1.0,0.0
MHS010745,2023,,2.92,2.73,103,43,135,-32,Tepat Waktu,1.0,0.0
MHS006849,2024,,2.7,1.84,57,26,95,-38,Tepat Waktu,1.0,0.0
MHS007114,2022,,2.75,2.76,142,53,144,-2,Terlambat,0.0009,0.9991
MHS007309,2024,,2.77,2.12,58,24,95,-37,Tepat Waktu,1.0,0.0
MHS008246,2024,,2.74,1.96,59,27,95,-36,Tepat Waktu,1.0,0.0
MHS008738,2024,,2.84,2.07,58,22,95,-37,Tepat Waktu,1.0,0.0
MHS008842,2024,,2.79,2.04,60,22,95,-35,Tepat Waktu,1.0,0.0
MHS009104,2024,,2.8,2.16,56,22,95,-39,Tepat Waktu,1.0,0.0
MHS011059,2024,,2.97,2.32,58,24,95,-37,Tepat Waktu,1.0,0.0
MHS011487,2023,,2.92,2.65,102,40,135,-33,Tepat Waktu,1.0,0.0
MHS011682,2024,,2.89,2.41,59,23,95,-36,Tepat Waktu,1.0,0.0
MHS011712,2021,,2.32,2.3,143,49,144,-1,Terlambat,0.0,1.0
MHS006224,2023,,2.56,2.53,106,42,135,-29,Tepat Waktu,1.0,0.0
MHS007065,2023,,3.02,3.02,110,51,135,-25,Tepat Waktu,1.0,0.0
MHS007207,2023,,2.28,2.44,101,44,135,-34,Tepat Waktu,1.0,0.0
MHS007316,2023,,2.68,2.58,99,43,135,-36,Tepat Waktu,1.0,0.0
MHS007872,2023,,2.75,2.71,108,51,135,-27,Tepat Waktu,1.0,0.0
MHS008866,2023,,2.96,2.86,105,44,135,-30,Tepat Waktu,1.0,0.0
MHS009120,2024,,2.78,2.11,59,22,95,-36,Tepat Waktu,1.0,0.0
MHS010746,2023,,2.89,2.39,97,37,135,-38,Tepat Waktu,1.0,0.0
MHS010805,2024,,2.78,2.11,62,23,95,-33,Tepat Waktu,1.0,0.0
MHS011308,2023,,2.9,2.52,98,38,135,-37,Tepat Waktu,1.0,0.0
MHS012059,2024,,3.01,2.1,58,24,95,-37,Tepat Waktu,1.0,0.0
MHS006345,2024,,2.58,2.51,60,28,95,-35,Tepat Waktu,1.0,0.0
MHS006768,2023,,2.67,2.37,97,37,135,-38,Tepat Waktu,1.0,0.0
MHS006841,2023,,2.61,2.28,100,37,135,-35,Tepat Waktu,1.0,0.0
MHS007258,2022,,2.67,2.3,129,56,144,-15,Terlambat,0.0004,0.9996
MHS007604,2024,,2.73,1.61,56,23,95,-39,Tepat Waktu,1.0,0.0
MHS009013,2024,,2.78,1.89,55,24,95,-40,Tepat Waktu,1.0,0.0
MHS009024,2023,,2.82,2.05,93,37,135,-42,Tepat Waktu,1.0,0.0
MHS009552,2023,,2.77,2.73,108,44,135,-27,Tepat Waktu,1.0,0.0
MHS009833,2024,,2.97,1.35,20,8,95,-75,Tepat Waktu,1.0,0.0
MHS010046,2023,,3.02,3.02,106,43,135,-29,Tepat Waktu,1.0,0.0
MHS010499,2023,,2.82,2.46,100,38,135,-35,Tepat Waktu,1.0,0.0
MHS010638,2023,,2.41,2.55,105,42,135,-30,Tepat Waktu,1.0,0.0
MHS010827,2024,,2.96,2.6,58,24,95,-37,Tepat Waktu,1.0,0.0
MHS011199,2024,,2.97,2.08,58,24,95,-37,Tepat Waktu,1.0,0.0
MHS012038,2023,,2.99,2.47,101,40,135,-34,Tepat Waktu,1.0,0.0
MHS012056,2022,,3.07,3.07,142,56,144,-2,Terlambat,0.1269,0.8731
MHS006463,2021,,2.85,1.81,132,50,144,-12,Terlambat,0.0,1.0
MHS008256,2024,,2.83,2.43,58,24,95,-37,Tepat Waktu,1.0,0.0
MHS009301,2024,,2.88,2.62,58,25,95,-37,Tepat Waktu,1.0,0.0
MHS009602,2019,,3.04,2.05,136,51,144,-8,Terlambat,0.0,1.0
MHS010627,2022,,3.06,2.12,136,60,144,-8,Terlambat,0.0,1.0
MHS010756,2023,,2.97,1.96,90,36,135,-45,Tepat Waktu,1.0,0.0
MHS010899,2021,,2.95,2.56,140,59,144,-4,Terlambat,0.0016,0.9984
MHS011032,2024,,2.89,2.5,56,21,95,-39,Tepat Waktu,1.0,0.0
MHS011246,2023,,2.92,2.33,100,41,135,-35,Tepat Waktu,1.0,0.0
MHS011309,2020,,1.53,1.84,141,54,144,-3,Terlambat,0.0,1.0
MHS006184,2023,,2.61,2.58,99,43,135,-36,Tepat Waktu,1.0,0.0
MHS007002,2023,,2.73,2.73,107,40,135,-28,Tepat Waktu,1.0,0.0
MHS007118,2023,,2.69,2.35,97,42,135,-38,Tepat Waktu,1.0,0.0
MHS007667,2024,,2.65,2.52,60,23,95,-35,Tepat Waktu,1.0,0.0
MHS008864,2022,,3.64,3.68,143,55,144,-1,Tepat Waktu,0.8467,0.1533
MHS010136,2024,,3.02,2.32,61,28,95,-34,Tepat Waktu,1.0,0.0
MHS011961,2021,,3.04,1.71,132,54,144,-12,Terlambat,0.0,1.0
MHS012068,2024,,2.92,2.35,59,23,95,-36,Tepat Waktu,1.0,0.0
MHS006178,2023,,2.3,2.41,101,41,135,-34,Tepat Waktu,1.0,0.0
MHS006569,2023,,2.52,2.61,105,43,135,-30,Tepat Waktu,1.0,0.0
MHS006577,2021,,2.93,1.7,136,55,144,-8,Terlambat,0.0,1.0
MHS006769,2024,,2.75,2.18,58,24,95,-37,Tepat Waktu,1.0,0.0
MHS007482,2023,,2.61,2.56,102,38,135,-33,Tepat Waktu,1.0,0.0
MHS007558,2024,,2.76,2.16,57,22,95,-38,Tepat Waktu,1.0,0.0
MHS007650,2022,,2.55,2.27,131,54,144,-13,Terlambat,0.0,1.0
MHS008537,2024,,2.82,1.9,57,22,95,-38,Tepat Waktu,1.0,0.0
MHS008595,2023,,2.87,2.92,108,42,135,-27,Tepat Waktu,1.0,0.0
MHS009382,2023,,2.14,2.33,101,38,135,-34,Tepat Waktu,1.0,0.0
MHS010872,2023,,2.85,2.39,102,39,135,-33,Tepat Waktu,1.0,0.0
MHS011427,2024,,2.95,2.33,60,22,95,-35,Tepat Waktu,1.0,0.0
MHS011811,2024,,2.95,2.1,60,23,95,-35,Tepat Waktu,1.0,0.0
MHS012024,2021,,3.24,3.24,141,54,144,-3,Tepat Waktu,0.6279,0.3721
MHS012109,2023,,2.93,2.52,100,41,135,-35,Tepat Waktu,1.0,0.0
MHS007061,2024,,0.06,1.12,56,23,95,-39,Tepat Waktu,1.0,0.0
MHS007622,2024,,2.79,2.42,58,24,95,-37,Tepat Waktu,1.0,0.0
MHS007887,2024,,2.78,2.23,57,22,95,-38,Tepat Waktu,1.0,0.0
MHS009039,2023,,2.52,2.59,103,41,135,-32,Tepat Waktu,1.0,0.0
MHS009110,2021,,2.8,2.7,81,30,144,-63,Tepat Waktu,1.0,0.0
MHS010671,2023,,3.07,2.03,96,36,135,-39,Tepat Waktu,1.0,0.0
MHS010689,2022,,3.05,1.93,116,46,144,-28,Tepat Waktu,0.9273,0.0727
MHS010896,2024,,2.8,2.03,18,7,95,-77,Tepat Waktu,1.0,0.0
MHS011191,2023,,2.71,2.64,110,44,135,-25,Tepat Waktu,1.0,0.0
MHS011313,2023,,2.84,1.52,94,36,135,-41,Tepat Waktu,1.0,0.0
MHS011422,2023,,2.97,2.74,104,43,135,-31,Tepat Waktu,1.0,0.0
MHS006149,2023,,2.82,2.82,104,45,135,-31,Tepat Waktu,1.0,0.0
MHS006955,2022,,2.83,1.98,128,51,144,-16,Terlambat,0.0,1.0
MHS007200,2023,,3.0,3.0,103,39,135,-32,Tepat Waktu,1.0,0.0
MHS007381,2024,,2.71,2.36,59,22,95,-36,Tepat Waktu,1.0,0.0
MHS007406,2024,,2.92,2.22,61,28,95,-34,Tepat Waktu,1.0,0.0
MHS008868,2024,,2.79,2.03,60,22,95,-35,Tepat Waktu,1.0,0.0
MHS009197,2024,,0.72,1.57,59,22,95,-36,Tepat Waktu,1.0,0.0
MHS009225,2024,,2.81,2.13,56,22,95,-39,Tepat Waktu,1.0,0.0
MHS009330,2023,,3.09,3.09,107,42,135,-28,Tepat Waktu,1.0,0.0
MHS009678,2024,,2.79,1.82,59,25,95,-36,Tepat Waktu,1.0,0.0
MHS010416,2023,,2.89,2.45,101,40,135,-34,Tepat Waktu,1.0,0.0
MHS006228,2024,,2.7,2.71,62,23,95,-33,Tepat Waktu,1.0,0.0
MHS007142,2024,,2.72,2.43,57,23,95,-38,Tepat Waktu,1.0,0.0
MHS008302,2023,,2.81,2.8,101,48,135,-34,Tepat Waktu,1.0,0.0
MHS009980,2023,,2.1,2.4,101,44,135,-34,Tepat Waktu,1.0,0.0
MHS011175,2023,,3.22,3.23,106,44,135,-29,Tepat Waktu,1.0,0.0
MHS011180,2023,,3.09,3.09,104,43,135,-31,Tepat Waktu,1.0,0.0
MHS011826,2023,,1.88,2.39,102,38,135,-33,Tepat Waktu,1.0,0.0
MHS011873,2022,,3.06,1.78,116,46,144,-28,Terlambat,0.4204,0.5796
MHS011902,2020,,3.11,3.1,138,54,144,-6,Terlambat,0.4103,0.5897
MHS011945,2024,,3.07,2.49,54,19,95,-41,Tepat Waktu,1.0,0.0
MHS011950,2021,,1.28,1.55,140,58,144,-4,Terlambat,0.0,1.0
MHS012224,2024,,2.93,2.51,59,23,95,-36,Tepat Waktu,1.0,0.0
MHS006285,2022,,2.78,2.74,139,55,144,-5,Terlambat,0.0018,0.9982
MHS006631,2024,,2.68,1.75,57,26,95,-38,Tepat Waktu,1.0,0.0
MHS006737,2023,,2.87,2.87,99,43,135,-36,Tepat Waktu,1.0,0.0
MHS006887,2024,,2.68,2.01,56,22,95,-39,Tepat Waktu,1.0,0.0
MHS007263,2024,,2.69,1.87,56,23,95,-39,Tepat Waktu,1.0,0.0
MHS007446,2023,,2.65,2.65,104,45,135,-31,Tepat Waktu,1.0,0.0
MHS009269,2024,,2.81,2.04,56,21,95,-39,Tepat Waktu,1.0,0.0
MHS010093,2022,,2.46,2.5,141,55,144,-3,Terlambat,0.0,1.0
MHS010570,2024,,2.82,2.47,59,26,95,-36,Tepat Waktu,1.0,0.0
MHS011532,2022,,3.13,2.21,133,52,144,-11,Terlambat,0.0003,0.9997
MHS011842,2024,,2.9,2.68,59,23,95,-36,Tepat Waktu,1.0,0.0
MHS006851,2024,,2.69,2.17,59,27,95,-36,Tepat Waktu,1.0,0.0
MHS006874,2023,,2.69,2.69,99,43,135,-36,Tepat Waktu,1.0,0.0
MHS006881,2023,,2.77,2.74,101,41,135,-34,Tepat Waktu,1.0,0.0
MHS006960,2023,,2.61,2.64,103,45,135,-32,Tepat Waktu,1.0,0.0
MHS007594,2024,,2.77,2.24,57,22,95,-38,Tepat Waktu,1.0,0.0
MHS007925,2022,,3.19,3.0,119,49,144,-25,Tepat Waktu,1.0,0.0
MHS007973,2023,,2.9,2.1,96,38,135,-39,Tepat Waktu,1.0,0.0
MHS008546,2023,,2.8,2.8,97,40,135,-38,Tepat Waktu,1.0,0.0
MHS008691,2024,,2.76,2.06,59,22,95,-36,Tepat Waktu,1.0,0.0
MHS010399,2021,,2.77,2.72,114,45,144,-30,Tepat Waktu,1.0,0.0
MHS010496,2024,,2.82,2.25,59,26,95,-36,Tepat Waktu,1.0,0.0
MHS010519,2022,,2.98,1.88,133,55,144,-11,Terlambat,0.0,1.0
MHS010718,2023,,1.66,2.21,100,44,135,-35,Tepat Waktu,0.9993,0.0007
MHS010897,2024,,2.84,2.4,59,26,95,-36,Tepat Waktu,1.0,0.0
MHS012034,2022,,2.85,2.48,134,53,144,-10,Terlambat,0.002,0.998
MHS012208,2023,,2.94,2.83,99,42,135,-36,Tepat Waktu,1.0,0.0
MHS006313,2023,,2.91,2.91,103,40,135,-32,Tepat Waktu,1.0,0.0
MHS007424,2023,,2.65,2.55,104,45,135,-31,Tepat Waktu,1.0,0.0
MHS008235,2023,,2.75,2.77,109,40,135,-26,Tepat Waktu,1.0,0.0
MHS008277,2024,,2.99,2.28,61,28,95,-34,Tepat Waktu,1.0,0.0
MHS008283,2024,,2.77,2.31,60,23,95,-35,Tepat Waktu,1.0,0.0
MHS008777,2023,,3.09,3.09,106,43,135,-29,Tepat Waktu,1.0,0.0
MHS009208,2024,,2.86,2.38,58,25,95,-37,Tepat Waktu,1.0,0.0
MHS009408,2023,,3.05,2.13,96,38,135,-39,Tepat Waktu,1.0,0.0
MHS009445,2024,,2.78,2.52,59,23,95,-36,Tepat Waktu,1.0,0.0
MHS009726,2024,,2.87,2.29,57,25,95,-38,Tepat Waktu,1.0,0.0
MHS010143,2024,,2.9,2.32,57,24,95,-38,Tepat Waktu,1.0,0.0
MHS010930,2023,,2.97,2.83,106,38,135,-29,Tepat Waktu,1.0,0.0
MHS011267,2024,,2.99,2.37,58,24,95,-37,Tepat Waktu,1.0,0.0
MHS011633,2023,,2.94,2.78,103,46,135,-32,Tepat Waktu,1.0,0.0
MHS006219,2024,,2.65,2.55,57,25,95,-38,Tepat Waktu,1.0,0.0
MHS007136,2024,,1.08,1.89,59,23,95,-36,Tepat Waktu,1.0,0.0
MHS007145,2024,,2.68,1.92,56,23,95,-39,Tepat Waktu,1.0,0.0
MHS007371,2024,,2.74,2.02,57,26,95,-38,Tepat Waktu,1.0,0.0
MHS007395,2024,,2.74,2.23,57,22,95,-38,Tepat Waktu,1.0,0.0
MHS008168,2024,,2.76,1.95,55,24,95,-40,Tepat Waktu,1.0,0.0
MHS008309,2024,,2.77,1.72,55,24,95,-40,Tepat Waktu,1.0,0.0
MHS009965,2022,,2.46,1.83,125,49,144,-19,Terlambat,0.0,1.0
MHS009985,2022,,2.9,0.98,93,37,144,-51,Tepat Waktu,1.0,0.0
MHS010846,2024,,2.84,2.17,59,26,95,-36,Tepat Waktu,1.0,0.0
MHS010946,2023,,2.92,2.53,101,36,135,-34,Tepat Waktu,1.0,0.0
MHS010981,2024,,2.85,2.7,59,22,95,-36,Tepat Waktu,1.0,0.0
MHS011147,2022,,3.12,1.75,118,46,144,-26,Terlambat,0.0532,0.9468
MHS011955,2021,,2.91,1.62,138,57,144,-6,Terlambat,0.0,1.0
MHS006587,2023,,2.61,2.6,103,42,135,-32,Tepat Waktu,1.0,0.0
MHS006848,2024,,2.69,1.86,57,26,95,-38,Tepat Waktu,1.0,0.0
MHS006915,2022,,2.87,2.86,137,55,144,-7,Terlambat,0.0321,0.9679
MHS007546,2023,,2.53,2.63,103,45,135,-32,Tepat Waktu,1.0,0.0
MHS007556,2023,,2.86,2.85,103,45,135,-32,Tepat Waktu,1.0,0.0
MHS007850,2024,,2.75,2.16,56,22,95,-39,Tepat Waktu,1.0,0.0
MHS008362,2023,,3.19,2.18,89,37,135,-46,Tepat Waktu,1.0,0.0
MHS009785,2023,,2.25,2.57,104,43,135,-31,Tepat Waktu,1.0,0.0
MHS010387,2021,,2.81,2.82,143,54,144,-1,Terlambat,0.0031,0.9969
MHS010757,2023,,3.72,3.73,108,42,135,-27,Tepat Waktu,1.0,0.0
MHS010835,2022,,3.26,2.78,120,45,144,-24,Tepat Waktu,1.0,0.0
MHS010983,2024,,2.96,2.57,58,24,95,-37,Tepat Waktu,1.0,0.0
MHS011109,2024,,2.92,2.77,60,23,95,-35,Tepat Waktu,1.0,0.0
MHS011156,2024,,2.93,2.09,60,23,95,-35,Tepat Waktu,1.0,0.0
MHS011338,2023,,3.7,3.71,110,42,135,-25,Tepat Waktu,1.0,0.0
MHS012039,2024,,2.98,2.22,57,22,95,-38,Tepat Waktu,1.0,0.0
MHS006700,2024,,2.73,2.36,58,22,95,-37,Tepat Waktu,1.0,0.0
MHS007156,2024,,2.71,2.09,59,22,95,-36,Tepat Waktu,1.0,0.0
MHS007345,2024,,2.69,2.19,56,22,95,-39,Tepat Waktu,1.0,0.0
MHS007660,2024,,2.72,2.44,59,22,95,-36,Tepat Waktu,1.0,0.0
MHS008466,2024,,2.77,1.65,56,23,95,-39,Tepat Waktu,1.0,0.0
MHS008523,2024,,2.84,2.26,58,22,95,-37,Tepat Waktu,1.0,0.0
MHS008910,2023,,2.98,2.98,104,42,135,-31,Tepat Waktu,1.0,0.0
MHS008938,2024,,2.83,2.71,57,22,95,-38,Tepat Waktu,1.0,0.0
MHS009294,2024,,2.86,2.61,57,25,95,-38,Tepat Waktu,1.0,0.0
MHS009690,2024,,2.97,2.56,54,19,95,-41,Tepat Waktu,1.0,0.0
MHS010236,2024,,2.94,2.43,58,24,95,-37,Tepat Waktu,1.0,0.0
MHS010728,2024,,2.87,2.48,56,21,95,-39,Tepat Waktu,1.0,0.0
MHS010790,2024,,2.94,2.38,57,22,95,-38,Tepat Waktu,1.0,0.0
MHS010892,2023,,2.95,2.9,109,44,135,-26,Tepat Waktu,1.0,0.0
MHS011137,2023,,2.88,2.6,102,46,135,-33,Tepat Waktu,1.0,0.0
MHS012106,2024,,2.92,2.51,59,23,95,-36,Tepat Waktu,1.0,0.0
MHS012273,2024,,2.93,2.4,59,23,95,-36,Tepat Waktu,1.0,0.0
MHS006931,2023,,2.68,2.38,100,37,135,-35,Tepat Waktu,1.0,0.0
MHS007171,2024,,2.68,1.7,56,23,95,-39,Tepat Waktu,1.0,0.0
MHS007656,2024,,2.77,2.35,57,22,95,-38,Tepat Waktu,1.0,0.0
MHS008890,2024,,2.8,2.17,56,23,95,-39,Tepat Waktu,1.0,0.0
MHS008893,2024,,2.8,1.94,56,23,95,-39,Tepat Waktu,1.0,0.0
MHS009290,2024,,2.81,2.55,60,26,95,-35,Tepat Waktu,1.0,0.0
MHS009537,2023,,2.85,2.56,98,39,135,-37,Tepat Waktu,1.0,0.0
MHS009703,2023,,2.77,2.48,100,43,135,-35,Tepat Waktu,1.0,0.0
MHS010354,2020,,2.72,2.65,143,54,144,-1,Terlambat,0.0003,0.9997
MHS010778,2024,,2.96,2.54,58,24,95,-37,Tepat Waktu,1.0,0.0
MHS011233,2024,,2.97,2.23,58,24,95,-37,Tepat Waktu,1.0,0.0
MHS011474,2023,,2.26,2.4,103,41,135,-32,Tepat Waktu,1.0,0.0
MHS011475,2024,,2.95,2.17,60,23,95,-35,Tepat Waktu,1.0,0.0
MHS011827,2024,,2.9,2.23,59,23,95,-36,Tepat Waktu,1.0,0.0
MHS006159,2024,,2.72,2.23,58,24,95,-37,Tepat Waktu,1.0,0.0
MHS006544,2024,,2.63,2.37,56,22,95,-39,Tepat Waktu,1.0,0.0
MHS006986,2022,,2.64,2.69,140,60,144,-4,Terlambat,0.0003,0.9997
MHS007289,2022,,2.79,2.78,142,54,144,-2,Terlambat,0.0014,0.9986
MHS007891,2024,,2.8,2.14,58,24,95,-37,Tepat Waktu,1.0,0.0
MHS007995,2023,,2.53,2.58,103,49,135,-32,Tepat Waktu,1.0,0.0
MHS008891,2023,,2.72,2.65,102,38,135,-33,Tepat Waktu,1.0,0.0
MHS010491,2023,,3.07,3.08,110,51,135,-25,Tepat Waktu,1.0,0.0
MHS010544,2023,,2.47,2.7,105,42,135,-30,Tepat Waktu,1.0,0.0
MHS010593,2020,,2.29,2.2,142,55,144,-2,Terlambat,0.0,1.0
MHS011281,2023,,2.92,2.43,101,38,135,-34,Tepat Waktu,1.0,0.0
MHS011903,2023,,2.83,2.76,107,42,135,-28,Tepat Waktu,1.0,0.0
MHS012040,2024,,2.91,2.14,56,24,95,-39,Tepat Waktu,1.0,0.0
MHS006153,2024,,2.56,2.27,60,28,95,-35,Tepat Waktu,1.0,0.0
MHS006523,2024,,2.67,2.22,59,22,95,-36,Tepat Waktu,1.0,0.0
MHS007786,2023,,2.68,2.63,104,45,135,-31,Tepat Waktu,1.0,0.0
MHS007940,2024,,2.74,2.38,60,23,95,-35,Tepat Waktu,1.0,0.0
MHS009854,2023,,2.88,2.28,98,37,135,-37,Tepat Waktu,1.0,0.0
MHS011295,2023,,2.96,2.73,104,43,135,-31,Tepat Waktu,1.0,0.0
MHS011881,2023,,2.89,1.7,94,37,135,-41,Tepat Waktu,1.0,0.0
MHS006346,2024,,2.72,2.68,58,24,95,-37,Tepat Waktu,1.0,0.0
MHS006628,2024,,2.73,2.48,58,23,95,-37,Tepat Waktu,1.0,0.0
MHS007390,2023,,2.75,2.76,99,43,135,-36,Tepat Waktu,1.0,0.0
MHS007513,2024,,2.75,1.78,57,22,95,-38,Tepat Waktu,1.0,0.0
MHS007578,2024,,2.76,2.17,57,22,95,-38,Tepat Waktu,1.0,0.0
MHS007832,2024,,2.79,2.21,58,24,95,-37,Tepat Waktu,1.0,0.0
MHS008284,2023,,2.86,2.86,107,43,135,-28,Tepat Waktu,1.0,0.0
MHS008659,2023,,2.79,1.24,88,36,135,-47,Tepat Waktu,1.0,0.0
MHS008736,2023,,2.27,2.43,104,46,135,-31,Tepat Waktu,1.0,0.0
MHS009325,2024,,2.81,2.65,60,26,95,-35,Tepat Waktu,1.0,0.0
MHS010238,2023,,2.44,2.51,106,43,135,-29,Tepat Waktu,1.0,0.0
MHS010465,2024,,3.02,0.0,19,7,95,-76,Tepat Waktu,1.0,0.0
MHS010579,2024,,2.92,2.35,57,22,95,-38,Tepat Waktu,1.0,0.0
MHS010963,2023,,2.93,2.82,103,43,135,-32,Tepat Waktu,1.0,0.0
MHS011365,2020,,2.3,1.97,139,50,144,-5,Terlambat,0.0,1.0
MHS011478,2023,,2.92,2.6,102,40,135,-33,Tepat Waktu,1.0,0.0
MHS011553,2024,,2.9,1.93,56,21,95,-39,Tepat Waktu,1.0,0.0
MHS011741,2024,,2.93,1.82,55,21,95,-40,Tepat Waktu,1.0,0.0
MHS012172,2024,,2.95,2.15,60,23,95,-35,Tepat Waktu,1.0,0.0
MHS007989,2023,,2.88,2.88,104,45,135,-31,Tepat Waktu,1.0,0.0
MHS008068,2023,,2.27,2.39,101,48,135,-34,Tepat Waktu,1.0,0.0
MHS009028,2022,,2.39,1.98,125,46,144,-19,Terlambat,0.0,1.0
MHS009123,2024,,2.86,2.45,58,25,95,-37,Tepat Waktu,1.0,0.0
MHS010598,2023,,2.65,1.82,92,34,135,-43,Tepat Waktu,1.0,0.0
MHS011481,2023,,2.98,2.81,106,44,135,-29,Tepat Waktu,1.0,0.0
MHS011567,2023,,2.36,2.35,105,40,135,-30,Tepat Waktu,1.0,0.0
MHS006229,2024,,2.72,2.23,58,24,95,-37,Tepat Waktu,1.0,0.0
MHS006735,2023,,2.29,2.39,101,44,135,-34,Tepat Waktu,1.0,0.0
MHS007086,2023,,2.67,2.36,97,42,135,-38,Tepat Waktu,1.0,0.0
MHS007636,2023,,2.74,2.73,103,38,135,-32,Tepat Waktu,1.0,0.0
MHS008306,2024,,2.59,0.0,18,7,95,-77,Tepat Waktu,1.0,0.0
MHS010271,2023,,2.63,2.75,108,44,135,-27,Tepat Waktu,1.0,0.0
MHS010703,2021,,2.94,1.03,123,49,144,-21,Terlambat,0.0,1.0
MHS010766,2024,,2.9,2.14,60,23,95,-35,Tepat Waktu,1.0,0.0
MHS011856,2023,,1.77,2.08,102,39,135,-33,Tepat Waktu,0.9981,0.0019
MHS006461,2023,,2.88,2.87,101,44,135,-34,Tepat Waktu,1.0,0.0
MHS006836,2023,,2.58,2.48,101,44,135,-34,Tepat Waktu,1.0,0.0
MHS007545,2024,,2.72,2.18,59,22,95,-36,Tepat Waktu,1.0,0.0
MHS007741,2023,,3.07,3.07,105,44,135,-30,Tepat Waktu,1.0,0.0
MHS007771,2023,,2.94,2.93,105,44,135,-30,Tepat Waktu,1.0,0.0
MHS008148,2023,,2.83,2.83,99,43,135,-36,Tepat Waktu,1.0,0.0
MHS008478,2024,,2.78,1.27,56,23,95,-39,Tepat Waktu,1.0,0.0
MHS008587,2023,,2.62,2.63,106,43,135,-29,Tepat Waktu,1.0,0.0
MHS009837,2024,,2.88,2.63,57,25,95,-38,Tepat Waktu,1.0,0.0
MHS009843,2024,,2.93,2.2,58,26,95,-37,Tepat Waktu,1.0,0.0
MHS010267,2023,,3.05,2.08,96,38,135,-39,Tepat Waktu,1.0,0.0
MHS010495,2023,,2.83,2.77,102,36,135,-33,Tepat Waktu,1.0,0.0
MHS010713,2021,,2.31,1.83,142,57,144,-2,Terlambat,0.0,1.0
MHS011062,2024,,2.89,2.35,56,21,95,-39,Tepat Waktu,1.0,0.0
MHS011644,2021,,2.79,2.5,139,53,144,-5,Terlambat,0.0002,0.9998
MHS011956,2023,,2.94,2.59,103,46,135,-32,Tepat Waktu,1.0,0.0
MHS007353,2024,,2.77,2.15,58,24,95,-37,Tepat Waktu,1.0,0.0
MHS007542,2024,,2.53,0.0,18,7,95,-77,Tepat Waktu,1.0,0.0
MHS007954,2023,,2.94,2.94,107,40,135,-28,Tepat Waktu,1.0,0.0
MHS008153,2024,,2.76,1.64,55,24,95,-40,Tepat Waktu,1.0,0.0
MHS008996,2023,,2.81,2.76,104,37,135,-31,Tepat Waktu,1.0,0.0
MHS009091,2024,,2.8,2.34,60,23,95,-35,Tepat Waktu,1.0,0.0
MHS009962,2023,,2.81,2.8,102,36,135,-33,Tepat Waktu,1.0,0.0
MHS011970,2024,,2.91,1.48,56,24,95,-39,Tepat Waktu,1.0,0.0
MHS006235,2023,,3.01,3.01,103,40,135,-32,Tepat Waktu,1.0,0.0
MHS007195,2023,,2.68,2.68,106,46,135,-29,Tepat Waktu,1.0,0.0
MHS007956,2024,,2.74,2.54,60,23,95,-35,Tepat Waktu,1.0,0.0
MHS008346,2024,,2.74,2.03,59,27,95,-36,Tepat Waktu,1.0,0.0
MHS008373,2023,,2.88,2.85,112,52,135,-23,Tepat Waktu,1.0,0.0
MHS008707,2023,,2.67,2.5,102,44,135,-33,Tepat Waktu,1.0,0.0
MHS009403,2024,,2.89,2.01,58,26,95,-37,Tepat Waktu,1.0,0.0
MHS009894,2023,,2.97,2.97,101,44,135,-34,Tepat Waktu,1.0,0.0
MHS011371,2024,,2.88,2.28,59,25,95,-36,Tepat Waktu,1.0,0.0
MHS012279,2024,,3.01,2.21,58,23,95,-37,Tepat Waktu,1.0,0.0
MHS006424,2023,,2.69,2.31,98,41,135,-37,Tepat Waktu,1.0,0.0
MHS006817,2024,,1.53,1.81,61,28,95,-34,Tepat Waktu,1.0,0.0
MHS006997,2022,,2.7,2.7,143,58,144,-1,Terlambat,0.0002,0.9998
MHS007112,2024,,2.76,2.22,58,24,95,-37,Tepat Waktu,1.0,0.0
MHS007344,2023,,2.8,2.79,97,42,135,-38,Tepat Waktu,1.0,0.0
MHS007657,2024,,2.72,2.39,59,22,95,-36,Tepat Waktu,1.0,0.0
MHS007763,2024,,2.73,2.1,56,21,95,-39,Tepat Waktu,1.0,0.0
MHS008088,2024,,2.81,2.38,58,24,95,-37,Tepat Waktu,1.0,0.0
MHS008220,2024,,2.74,2.27,59,23,95,-36,Tepat Waktu,1.0,0.0
MHS008360,2023,,2.78,2.48,99,35,135,-36,Tepat Waktu,1.0,0.0
MHS009222,2023,,2.18,2.42,101,38,135,-34,Tepat Waktu,1.0,0.0
MHS009740,2024,,2.83,2.2,56,21,95,-39,Tepat Waktu,1.0,0.0
MHS009907,2024,,2.89,2.29,57,22,95,-38,Tepat Waktu,1.0,0.0
MHS010152,2023,,1.76,2.25,99,35,135,-36,Tepat Waktu,1.0,0.0
MHS010435,2024,,2.74,0.0,17,6,95,-78,Tepat Waktu,1.0,0.0
MHS010691,2024,,2.96,2.45,58,24,95,-37,Tepat Waktu,1.0,0.0
MHS010917,2024,,2.91,2.2,60,23,95,-35,Tepat Waktu,1.0,0.0
MHS011117,2024,,2.92,1.94,60,23,95,-35,Tepat Waktu,1.0,0.0
MHS012187,2020,,2.38,2.48,141,56,144,-3,Terlambat,0.0,1.0
MHS012242,2023,,2.98,3.0,110,41,135,-25,Tepat Waktu,1.0,0.0
MHS006984,2023,,2.95,2.95,103,45,135,-32,Tepat Waktu,1.0,0.0
MHS007107,2023,,2.9,2.9,105,37,135,-30,Tepat Waktu,1.0,0.0
MHS008106,2022,,3.45,3.45,143,55,144,-1,Tepat Waktu,0.7586,0.2414
MHS008140,2024,,2.76,2.01,56,23,95,-39,Tepat Waktu,1.0,0.0
MHS008514,2022,,2.79,2.19,133,53,144,-11,Terlambat,0.0,1.0
MHS008705,2023,,2.58,2.58,109,40,135,-26,Tepat Waktu,1.0,0.0
MHS009370,2023,,2.79,1.65,94,37,135,-41,Tepat Waktu,1.0,0.0
MHS010674,2024,,2.87,1.86,56,21,95,-39,Tepat Waktu,1.0,0.0
MHS010767,2019,,2.35,2.35,143,57,144,-1,Terlambat,0.0,1.0
MHS011503,2024,,2.99,2.62,58,24,95,-37,Tepat Waktu,1.0,0.0
MHS011996,2023,,2.99,2.99,107,45,135,-28,Tepat Waktu,1.0,0.0
MHS006204,2024,,2.65,2.05,57,25,95,-38,Tepat Waktu,1.0,0.0
MHS006361,2023,,2.55,2.08,93,34,135,-42,Tepat Waktu,1.0,0.0
MHS006952,2023,,2.97,2.97,96,37,135,-39,Tepat Waktu,1.0,0.0
MHS007004,2022,,2.54,2.45,133,53,144,-11,Terlambat,0.0001,0.9999
MHS008083,2023,,2.94,2.04,83,33,135,-52,Tepat Waktu,1.0,0.0
MHS009389,2024,,2.81,2.31,56,22,95,-39,Tepat Waktu,1.0,0.0
MHS010512,2021,,3.28,3.27,143,56,144,-1,Terlambat,0.4873,0.5127
MHS010673,2024,,2.89,2.39,55,22,95,-40,Tepat Waktu,1.0,0.0
MHS010857,2024,,2.89,2.21,55,22,95,-40,Tepat Waktu,1.0,0.0
MHS011097,2023,,2.92,2.15,97,38,135,-38,Tepat Waktu,1.0,0.0
MHS011297,2023,,2.95,2.02,93,37,135,-42,Tepat Waktu,1.0,0.0
MHS011787,2024,,2.9,2.66,59,23,95,-36,Tepat Waktu,1.0,0.0
MHS006733,2024,,1.45,1.58,38,14,95,-57,Tepat Waktu,1.0,0.0
MHS006765,2024,,2.73,2.73,60,23,95,-35,Tepat Waktu,1.0,0.0
MHS007296,2024,,2.76,2.27,58,24,95,-37,Tepat Waktu,1.0,0.0
MHS007539,2023,,2.53,2.54,103,45,135,-32,Tepat Waktu,1.0,0.0
MHS007690,2023,,2.44,2.43,103,39,135,-32,Tepat Waktu,1.0,0.0
MHS007853,2023,,2.69,2.6,101,48,135,-34,Tepat Waktu,1.0,0.0
MHS008927,2023,,2.58,2.58,108,43,135,-27,Tepat Waktu,1.0,0.0
MHS009231,2023,,2.87,2.62,104,43,135,-31,Tepat Waktu,1.0,0.0
MHS009497,2024,,2.78,2.14,59,23,95,-36,Tepat Waktu,1.0,0.0
MHS010059,2024,,2.94,2.19,58,24,95,-37,Tepat Waktu,1.0,0.0
MHS011010,2023,,1.94,2.31,101,38,135,-34,Tepat Waktu,1.0,0.0
MHS012231,2024,,2.94,1.73,55,24,95,-40,Tepat Waktu,1.0,0.0
MHS006519,2022,,3.43,3.43,142,54,144,-2,Tepat Waktu,0.7804,0.2196
MHS006651,2024,,2.67,2.01,59,22,95,-36,Tepat Waktu,1.0,0.0
MHS007352,2024,,2.7,2.21,56,22,95,-39,Tepat Waktu,1.0,0.0
MHS008756,2023,,2.75,2.74,107,42,135,-28,Tepat Waktu,1.0,0.0
MHS009353,2024,,2.81,2.27,56,22,95,-39,Tepat Waktu,1.0,0.0
MHS009933,2024,,2.87,2.31,60,23,95,-35,Tepat Waktu,1.0,0.0
MHS009966,2021,,2.78,2.12,134,53,144,-10,Terlambat,0.0,1.0
MHS010958,2023,,2.99,2.99,103,40,135,-32,Tepat Waktu,1.0,0.0
MHS011189,2024,,2.91,2.4,55,22,95,-40,Tepat Waktu,1.0,0.0
MHS011216,2024,,2.93,1.67,55,21,95,-40,Tepat Waktu,1.0,0.0
MHS011523,2023,,2.41,2.7,106,44,135,-29,Tepat Waktu,1.0,0.0
MHS006613,2023,,3.14,3.14,104,39,135,-31,Tepat Waktu,1.0,0.0
MHS007360,2024,,2.78,2.26,58,24,95,-37,Tepat Waktu,1.0,0.0
MHS007615,2024,,2.92,2.45,61,28,95,-34,Tepat Waktu,1.0,0.0
MHS007907,2023,,2.69,2.02,94,38,135,-41,Tepat Waktu,1.0,0.0
MHS008066,2024,,2.57,2.28,18,7,95,-77,Tepat Waktu,1.0,0.0
MHS008623,2023,,2.94,2.86,105,44,135,-30,Tepat Waktu,1.0,0.0
MHS008643,2020,,2.96,1.86,137,48,144,-7,Terlambat,0.0,1.0
MHS009214,2024,,2.86,2.12,57,25,95,-38,Tepat Waktu,1.0,0.0
MHS009363,2024,,2.72,2.38,62,23,95,-33,Tepat Waktu,1.0,0.0
MHS009379,2024,,2.89,2.2,58,22,95,-37,Tepat Waktu,1.0,0.0
MHS010707,2023,,2.88,2.45,97,37,135,-38,Tepat Waktu,1.0,0.0
MHS011333,2024,,2.93,2.15,60,23,95,-35,Tepat Waktu,1.0,0.0
MHS012019,2024,,3.08,2.5,54,19,95,-41,Tepat Waktu,1.0,0.0
MHS006154,2024,,2.64,2.39,59,22,95,-36,Tepat Waktu,1.0,0.0
MHS006421,2023,,3.07,1.76,70,27,135,-65,Tepat Waktu,1.0,0.0
MHS006677,2022,,2.56,2.28,140,55,144,-4,Terlambat,0.0,1.0
MHS007039,2024,,3.2,1.28,51,21,95,-44,Tepat Waktu,1.0,0.0
MHS007509,2023,,2.67,2.62,104,41,135,-31,Tepat Waktu,1.0,0.0
MHS007984,2024,,2.75,1.65,56,21,95,-39,Tepat Waktu,1.0,0.0
MHS008697,2023,,3.19,3.18,106,43,135,-29,Tepat Waktu,1.0,0.0
MHS009976,2023,,2.49,2.65,105,47,135,-30,Tepat Waktu,1.0,0.0
MHS010369,2020,,2.97,2.24,137,56,144,-7,Terlambat,0.0,1.0
MHS010448,2023,,2.82,2.76,102,36,135,-33,Tepat Waktu,1.0,0.0
MHS010867,2021,,1.94,1.95,141,56,144,-3,Terlambat,0.0,1.0
MHS011357,2024,,2.94,2.24,60,23,95,-35,Tepat Waktu,1.0,0.0
MHS011409,2024,,2.94,2.18,60,23,95,-35,Tepat Waktu,1.0,0.0
MHS007587,2024,,2.75,1.75,55,22,95,-40,Tepat Waktu,1.0,0.0
MHS007700,2024,,2.73,2.27,56,23,95,-39,Tepat Waktu,1.0,0.0
MHS008722,2023,,3.24,3.24,104,42,135,-31,Tepat Waktu,1.0,0.0
MHS008793,2023,,2.45,2.43,103,41,135,-32,Tepat Waktu,1.0,0.0
MHS009136,2024,,2.8,2.31,56,22,95,-39,Tepat Waktu,1.0,0.0
MHS010511,2024,,2.92,2.44,57,22,95,-38,Tepat Waktu,1.0,0.0
MHS010953,2023,,2.9,1.05,95,37,135,-40,Tepat Waktu,0.9999,0.0001
MHS011043,2024,,2.85,2.66,59,25,95,-36,Tepat Waktu,1.0,0.0
MHS006262,2024,,2.65,2.3,57,25,95,-38,Tepat Waktu,1.0,0.0
MHS006453,2024,,2.67,2.38,61,28,95,-34,Tepat Waktu,1.0,0.0
MHS006982,2022,,2.72,2.58,135,52,144,-9,Terlambat,0.0017,0.9983
MHS007797,2024,,2.74,2.06,56,21,95,-39,Tepat Waktu,1.0,0.0
MHS007801,2024,,2.79,2.3,58,24,95,-37,Tepat Waktu,1.0,0.0
MHS008369,2024,,2.74,2.17,59,27,95,-36,Tepat Waktu,1.0,0.0
MHS008943,2023,,2.92,2.91,104,37,135,-31,Tepat Waktu,1.0,0.0
MHS008975,2024,,2.85,2.27,58,22,95,-37,Tepat Waktu,1.0,0.0
MHS009029,2023,,2.82,2.6,101,38,135,-34,Tepat Waktu,1.0,0.0
MHS009270,2022,,3.5,3.5,139,54,144,-5,Tepat Waktu,0.8691,0.1309
MHS009416,2023,,2.84,2.83,103,43,135,-32,Tepat Waktu,1.0,0.0
MHS009591,2024,,2.91,1.5,58,26,95,-37,Tepat Waktu,1.0,0.0
MHS010266,2022,,2.89,2.66,127,51,144,-17,Tepat Waktu,0.7015,0.2985
MHS010477,2024,,2.91,2.21,57,22,95,-38,Tepat Waktu,1.0,0.0
MHS011766,2020,,2.8,1.69,139,57,144,-5,Terlambat,0.0,1.0
MHS006351,2024,,2.61,2.21,56,22,95,-39,Tepat Waktu,1.0,0.0
MHS006439,2024,,2.72,2.43,58,24,95,-37,Tepat Waktu,1.0,0.0
MHS006583,2024,,2.6,2.28,60,23,95,-35,Tepat Waktu,1.0,0.0
MHS006906,2024,,2.7,2.34,59,22,95,-36,Tepat Waktu,1.0,0.0
MHS007376,2023,,2.9,2.9,108,51,135,-27,Tepat Waktu,1.0,0.0
MHS008731,2024,,2.67,2.22,62,23,95,-33,Tepat Waktu,1.0,0.0
MHS010220,2023,,3.16,3.16,103,43,135,-32,Tepat Waktu,1.0,0.0
MHS010362,2023,,2.92,2.8,103,43,135,-32,Tepat Waktu,1.0,0.0
MHS010524,2023,,2.91,2.35,99,44,135,-36,Tepat Waktu,1.0,0.0
MHS010584,2023,,2.61,2.67,108,44,135,-27,Tepat Waktu,1.0,0.0
MHS006372,2022,,3.33,3.33,142,57,144,-2,Tepat Waktu,0.6427,0.3573
MHS007011,2023,,2.7,2.44,100,37,135,-35,Tepat Waktu,1.0,0.0
MHS007317,2023,,2.62,2.62,108,51,135,-27,Tepat Waktu,1.0,0.0
MHS007936,2023,,2.82,2.8,103,49,135,-32,Tepat Waktu,1.0,0.0
MHS008612,2024,,0.83,1.78,60,22,95,-35,Tepat Waktu,1.0,0.0
MHS010396,2021,,3.05,2.14,136,56,144,-8,Terlambat,0.0,1.0
MHS010852,2024,,2.84,2.27,59,26,95,-36,Tepat Waktu,1.0,0.0
MHS012054,2024,,2.98,2.59,57,22,95,-38,Tepat Waktu,1.0,0.0
MHS012286,2021,,2.53,2.57,143,55,144,-1,Terlambat,0.0,1.0
MHS006625,2024,,2.68,1.82,57,21,95,-38,Tepat Waktu,1.0,0.0
MHS008408,2023,,2.91,2.9,105,44,135,-30,Tepat Waktu,1.0,0.0
MHS008824,2023,,2.72,2.48,102,38,135,-33,Tepat Waktu,1.0,0.0
MHS008936,2024,,2.66,0.44,18,8,95,-77,Tepat Waktu,1.0,0.0
MHS009266,2024,,2.87,2.53,58,25,95,-37,Tepat Waktu,1.0,0.0
MHS009539,2023,,3.02,3.02,109,40,135,-26,Tepat Waktu,1.0,0.0
MHS009784,2022,,2.71,2.78,138,55,144,-6,Terlambat,0.003,0.997
MHS009871,2024,,2.84,2.13,56,21,95,-39,Tepat Waktu,1.0,0.0
MHS010348,2023,,2.94,2.0,93,37,135,-42,Tepat Waktu,1.0,0.0
MHS010668,2024,,2.83,2.62,59,26,95,-36,Tepat Waktu,1.0,0.0
MHS010775,2023,,2.84,2.48,102,42,135,-33,Tepat Waktu,1.0,0.0
MHS011393,2020,,1.38,1.75,141,59,144,-3,Terlambat,0.0,1.0
MHS006447,2024,,2.58,2.25,62,23,95,-33,Tepat Waktu,1.0,0.0
MHS007723,2023,,2.33,2.47,104,45,135,-31,Tepat Waktu,1.0,0.0
MHS008233,2023,,2.54,2.06,80,30,135,-55,Tepat Waktu,1.0,0.0
MHS008375,2023,,3.18,3.18,108,42,135,-27,Tepat Waktu,1.0,0.0
MHS009105,2023,,2.44,2.48,106,45,135,-29,Tepat Waktu,1.0,0.0
MHS009380,2024,,2.89,0.82,58,21,95,-37,Tepat Waktu,1.0,0.0
MHS009385,2023,,2.51,2.66,105,43,135,-30,Tepat Waktu,1.0,0.0
MHS009511,2024,,2.91,2.53,54,19,95,-41,Tepat Waktu,1.0,0.0
MHS009786,2023,,2.81,2.34,94,36,135,-41,Tepat Waktu,1.0,0.0
MHS010055,2023,,2.81,2.39,102,42,135,-33,Tepat Waktu,1.0,0.0
MHS010804,2024,,3.03,2.59,54,19,95,-41,Tepat Waktu,1.0,0.0
MHS011022,2024,,2.85,2.56,59,23,95,-36,Tepat Waktu,1.0,0.0
MHS011239,2024,,2.89,2.13,56,24,95,-39,Tepat Waktu,1.0,0.0
MHS011294,2023,,2.89,2.47,102,40,135,-33,Tepat Waktu,1.0,0.0
MHS011544,2021,,2.53,2.56,143,55,144,-1,Terlambat,0.0,1.0
MHS007918,2021,,3.16,1.83,117,46,144,-27,Tepat Waktu,0.6079,0.3921
MHS008848,2024,,2.77,2.43,59,22,95,-36,Tepat Waktu,1.0,0.0
MHS008851,2020,,2.98,1.72,136,54,144,-8,Terlambat,0.0,1.0
MHS008985,2024,,2.8,2.02,56,22,95,-39,Tepat Waktu,1.0,0.0
MHS009354,2023,,2.88,2.62,104,43,135,-31,Tepat Waktu,1.0,0.0
MHS009517,2024,,2.78,2.43,59,23,95,-36,Tepat Waktu,1.0,0.0
MHS011358,2024,,2.88,2.57,59,23,95,-36,Tepat Waktu,1.0,0.0
MHS011871,2023,,2.25,2.54,103,46,135,-32,Tepat Waktu,1.0,0.0
MHS012263,2024,,3.89,3.9,56,21,95,-39,Tepat Waktu,1.0,0.0
MHS007135,2022,,2.45,2.44,139,53,144,-5,Terlambat,0.0,1.0
MHS007212,2024,,3.75,3.69,36,14,95,-59,Tepat Waktu,1.0,0.0
MHS007291,2023,,2.67,2.04,94,38,135,-41,Tepat Waktu,1.0,0.0
MHS008430,2024,,2.88,2.23,54,19,95,-41,Tepat Waktu,1.0,0.0
MHS008473,2023,,2.93,2.93,104,37,135,-31,Tepat Waktu,1.0,0.0
MHS008846,2022,,2.73,2.41,134,51,144,-10,Terlambat,0.0003,0.9997
MHS008963,2023,,2.5,2.45,103,41,135,-32,Tepat Waktu,1.0,0.0
MHS010694,2024,,2.87,0.24,17,6,95,-78,Tepat Waktu,1.0,0.0
MHS010698,2019,,2.76,1.28,115,46,144,-29,Terlambat,0.0,1.0
MHS011543,2023,,3.14,3.14,108,42,135,-27,Tepat Waktu,1.0,0.0
MHS011767,2024,,2.97,2.4,57,22,95,-38,Tepat Waktu,1.0,0.0
MHS011878,2023,,2.92,2.27,98,39,135,-37,Tepat Waktu,1.0,0.0
MHS006521,2024,,2.67,2.35,59,22,95,-36,Tepat Waktu,1.0,0.0
MHS007017,2021,,2.76,1.72,114,45,144,-30,Terlambat,0.3716,0.6284
MHS007525,2023,,2.72,2.45,98,43,135,-37,Tepat Waktu,1.0,0.0
MHS007550,2023,,3.22,3.22,103,45,135,-32,Tepat Waktu,1.0,0.0
MHS007819,2023,,2.64,2.63,107,40,135,-28,Tepat Waktu,1.0,0.0
MHS008113,2023,,3.05,3.05,103,49,135,-32,Tepat Waktu,1.0,0.0
MHS008903,2023,,2.78,2.7,106,43,135,-29,Tepat Waktu,1.0,0.0
MHS008907,2023,,2.82,2.13,95,41,135,-40,Tepat Waktu,1.0,0.0
MHS009246,2023,,2.83,2.73,99,43,135,-36,Tepat Waktu,1.0,0.0
MHS009611,2023,,3.06,3.06,102,43,135,-33,Tepat Waktu,1.0,0.0
MHS009995,2024,,2.93,2.37,58,22,95,-37,Tepat Waktu,1.0,0.0
MHS011045,2020,,2.81,2.81,142,62,144,-2,Terlambat,0.0056,0.9944
MHS006987,2024,,2.75,2.21,58,24,95,-37,Tepat Waktu,1.0,0.0
MHS007327,2019,,3.06,3.04,126,48,144,-18,Tepat Waktu,0.9985,0.0015
MHS007479,2021,,2.35,2.47,122,46,144,-22,Terlambat,0.2442,0.7558
MHS007753,2023,,2.44,2.43,103,44,135,-32,Tepat Waktu,1.0,0.0
MHS007812,2024,,2.77,2.27,57,22,95,-38,Tepat Waktu,1.0,0.0
MHS008127,2023,,2.5,2.5,105,44,135,-30,Tepat Waktu,1.0,0.0
MHS008413,2024,,2.83,2.04,58,22,95,-37,Tepat Waktu,1.0,0.0
MHS008519,2024,,2.84,2.4,58,22,95,-37,Tepat Waktu,1.0,0.0
MHS008754,2023,,2.77,2.29,97,37,135,-38,Tepat Waktu,1.0,0.0
MHS009668,2023,,2.81,2.14,97,41,135,-38,Tepat Waktu,1.0,0.0
MHS009800,2023,,2.5,2.62,105,40,135,-30,Tepat Waktu,1.0,0.0
MHS010389,2023,,2.77,2.75,107,43,135,-28,Tepat Waktu,1.0,0.0
MHS011470,2023,,2.92,2.03,98,39,135,-37,Tepat Waktu,1.0,0.0
MHS011533,2024,,2.9,1.98,56,24,95,-39,Tepat Waktu,1.0,0.0
MHS011972,2023,,2.97,2.48,101,45,135,-34,Tepat Waktu,1.0,0.0
MHS006213,2024,,2.72,2.08,58,24,95,-37,Tepat Waktu,1.0,0.0
MHS006751,2024,,2.68,1.84,57,26,95,-38,Tepat Waktu,1.0,0.0
MHS006913,2021,,2.94,2.78,40,15,144,-104,Tepat Waktu,1.0,0.0
MHS006938,2023,,2.7,1.88,95,39,135,-40,Tepat Waktu,1.0,0.0
MHS008809,2023,,3.07,3.06,105,44,135,-30,Tepat Waktu,1.0,0.0
MHS009150,2023,,2.82,2.57,104,43,135,-31,Tepat Waktu,1.0,0.0
MHS009177,2023,,2.77,2.73,108,44,135,-27,Tepat Waktu,1.0,0.0
MHS011936,2024,,2.95,2.22,60,23,95,-35,Tepat Waktu,1.0,0.0
MHS012051,2023,,2.19,2.55,103,46,135,-32,Tepat Waktu,1.0,0.0
MHS006316,2022,,2.46,2.45,131,52,144,-13,Terlambat,0.0001,0.9999
MHS008175,2022,,2.62,2.55,138,56,144,-6,Terlambat,0.0001,0.9999
MHS009075,2024,,2.85,2.09,57,22,95,-38,Tepat Waktu,1.0,0.0
MHS009394,2023,,2.88,2.82,104,37,135,-31,Tepat Waktu,1.0,0.0
MHS009612,2023,,2.34,2.52,103,43,135,-32,Tepat Waktu,1.0,0.0
MHS009652,2023,,2.11,2.41,101,41,135,-34,Tepat Waktu,1.0,0.0
MHS009906,2024,,2.93,2.11,58,26,95,-37,Tepat Waktu,1.0,0.0
MHS010264,2023,,2.92,2.76,103,43,135,-32,Tepat Waktu,1.0,0.0
MHS011666,2023,,2.93,2.66,102,40,135,-33,Tepat Waktu,1.0,0.0
MHS012243,2024,,2.83,2.14,62,23,95,-33,Tepat Waktu,1.0,0.0
MHS006401,2021,,2.93,2.14,136,56,144,-8,Terlambat,0.0,1.0
MHS007040,2023,,2.97,2.98,97,42,135,-38,Tepat Waktu,1.0,0.0
MHS007752,2023,,2.71,2.24,97,38,135,-38,Tepat Waktu,1.0,0.0
MHS008141,2024,,2.76,2.05,56,21,95,-39,Tepat Waktu,1.0,0.0
MHS008152,2024,,2.82,2.75,58,24,95,-37,Tepat Waktu,1.0,0.0
MHS008453,2024,,2.75,2.07,59,27,95,-36,Tepat Waktu,1.0,0.0
MHS008603,2024,,2.89,2.53,54,19,95,-41,Tepat Waktu,1.0,0.0
MHS009195,2024,,2.81,2.33,56,22,95,-39,Tepat Waktu,1.0,0.0
MHS009383,2020,,2.71,2.65,143,57,144,-1,Terlambat,0.0002,0.9998
MHS009663,2024,,2.74,1.94,62,23,95,-33,Tepat Waktu,1.0,0.0
MHS010036,2024,,2.94,2.16,58,24,95,-37,Tepat Waktu,1.0,0.0
MHS010294,2023,,2.9,2.67,99,41,135,-36,Tepat Waktu,1.0,0.0
MHS011340,2021,,2.34,2.17,142,55,144,-2,Terlambat,0.0,1.0
MHS011398,2024,,3.08,2.31,61,28,95,-34,Tepat Waktu,1.0,0.0
MHS006659,2024,,1.11,1.78,59,27,95,-36,Tepat Waktu,1.0,0.0
MHS006743,2022,,3.22,3.22,142,57,144,-2,Terlambat,0.4225,0.5775
MHS007669,2023,,2.76,2.76,103,39,135,-32,Tepat Waktu,1.0,0.0
MHS009139,2023,,2.97,2.87,105,44,135,-30,Tepat Waktu,1.0,0.0
MHS009223,2024,,2.81,2.65,60,26,95,-35,Tepat Waktu,1.0,0.0
MHS009224,2023,,3.03,1.89,96,38,135,-39,Tepat Waktu,1.0,0.0
MHS010376,2021,,2.26,1.94,139,55,144,-5,Terlambat,0.0,1.0
MHS010386,2024,,2.81,2.62,59,26,95,-36,Tepat Waktu,1.0,0.0
MHS010501,2024,,2.86,2.25,56,21,95,-39,Tepat Waktu,1.0,0.0
MHS010573,2023,,2.47,2.7,105,42,135,-30,Tepat Waktu,1.0,0.0
MHS010647,2021,,2.85,1.51,114,42,144,-30,Terlambat,0.0386,0.9614
MHS010922,2020,,2.45,2.53,139,54,144,-5,Terlambat,0.0,1.0
MHS010999,2023,,2.92,2.59,101,44,135,-34,Tepat Waktu,1.0,0.0
MHS011104,2021,,2.83,2.09,130,54,144,-14,Terlambat,0.0001,0.9999
MHS011865,2021,,2.95,1.45,123,48,144,-21,Terlambat,0.0,1.0
MHS006186,2023,,2.83,2.28,96,37,135,-39,Tepat Waktu,1.0,0.0
MHS006670,2023,,2.83,2.84,101,41,135,-34,Tepat Waktu,1.0,0.0
MHS007016,2024,,2.72,2.48,57,23,95,-38,Tepat Waktu,1.0,0.0
MHS007948,2022,,2.75,2.76,138,53,144,-6,Terlambat,0.0041,0.9959
MHS008048,2024,,2.81,2.5,58,24,95,-37,Tepat Waktu,1.0,0.0
MHS008222,2023,,2.72,2.42,100,38,135,-35,Tepat Waktu,1.0,0.0
MHS008428,2022,,2.97,2.97,143,57,144,-1,Terlambat,0.0323,0.9677
MHS008567,2023,,2.8,2.11,95,41,135,-40,Tepat Waktu,1.0,0.0
MHS008800,2024,,2.84,2.32,58,24,95,-37,Tepat Waktu,1.0,0.0
MHS009789,2024,,2.98,2.8,54,19,95,-41,Tepat Waktu,1.0,0.0
MHS010324,2024,,2.95,2.45,58,24,95,-37,Tepat Waktu,1.0,0.0
MHS010473,2023,,2.91,2.35,99,37,135,-36,Tepat Waktu,1.0,0.0
MHS010521,2023,,3.0,2.99,106,38,135,-29,Tepat Waktu,1.0,0.0
MHS011230,2020,,1.88,1.98,143,57,144,-1,Terlambat,0.0,1.0
MHS011316,2024,,2.95,2.35,57,22,95,-38,Tepat Waktu,1.0,0.0
MHS011646,2023,,2.93,2.77,102,40,135,-33,Tepat Waktu,1.0,0.0
MHS011983,2023,,2.94,2.33,102,39,135,-33,Tepat Waktu,1.0,0.0
MHS012045,2023,,3.05,3.05,100,41,135,-35,Tepat Waktu,1.0,0.0
MHS012061,2024,,2.43,0.98,36,14,95,-59,Tepat Waktu,1.0,0.0
MHS006730,2024,,2.45,0.0,18,7,95,-77,Tepat Waktu,1.0,0.0
MHS006809,2024,,2.63,2.28,60,23,95,-35,Tepat Waktu,1.0,0.0
MHS007990,2022,,3.69,3.68,141,54,144,-3,Tepat Waktu,0.8966,0.1034
MHS008111,2024,,2.73,2.63,59,22,95,-36,Tepat Waktu,1.0,0.0
MHS010384,2022,,3.5,3.53,141,54,144,-3,Tepat Waktu,0.8053,0.1947
MHS007613,2024,,2.79,2.41,58,24,95,-37,Tepat Waktu,1.0,0.0
MHS008099,2023,,2.9,2.82,105,44,135,-30,Tepat Waktu,1.0,0.0
MHS008261,2024,,2.79,2.26,57,22,95,-38,Tepat Waktu,1.0,0.0
MHS008505,2023,,2.78,2.14,98,40,135,-37,Tepat Waktu,1.0,0.0
MHS009192,2023,,2.35,2.48,103,43,135,-32,Tepat Waktu,1.0,0.0
MHS009352,2024,,2.88,2.65,58,24,95,-37,Tepat Waktu,1.0,0.0
MHS009873,2023,,3.08,2.15,83,31,135,-52,Tepat Waktu,1.0,0.0
MHS010146,2021,,1.49,1.69,126,53,144,-18,Terlambat,0.0,1.0
MHS010231,2023,,1.75,2.24,99,40,135,-36,Tepat Waktu,1.0,0.0
MHS010725,2023,,2.92,2.87,101,42,135,-34,Tepat Waktu,1.0,0.0
MHS010842,2021,,3.06,1.71,133,54,144,-11,Terlambat,0.0,1.0
MHS011699,2023,,2.82,2.75,107,42,135,-28,Tepat Waktu,1.0,0.0
MHS011719,2021,,2.89,2.88,143,55,144,-1,Terlambat,0.0136,0.9864
MHS011906,2024,,2.97,2.24,57,22,95,-38,Tepat Waktu,1.0,0.0
MHS006683,2023,,2.54,2.34,92,34,135,-43,Tepat Waktu,1.0,0.0
MHS006857,2024,,2.75,2.11,58,24,95,-37,Tepat Waktu,1.0,0.0
MHS007180,2023,,2.61,2.65,110,51,135,-25,Tepat Waktu,1.0,0.0
MHS008135,2024,,2.79,2.54,57,22,95,-38,Tepat Waktu,1.0,0.0
MHS009062,2024,,2.84,2.38,57,22,95,-38,Tepat Waktu,1.0,0.0
MHS009326,2019,,2.73,1.48,134,52,144,-10,Terlambat,0.0,1.0
MHS009548,2023,,2.65,2.68,107,43,135,-28,Tepat Waktu,1.0,0.0
MHS009664,2024,,2.79,2.02,59,26,95,-36,Tepat Waktu,1.0,0.0
MHS010413,2024,,2.82,2.44,59,26,95,-36,Tepat Waktu,1.0,0.0
MHS011190,2024,,2.87,2.59,59,25,95,-36,Tepat Waktu,1.0,0.0
MHS011954,2023,,3.0,2.9,104,40,135,-31,Tepat Waktu,1.0,0.0
MHS006719,2022,,2.74,2.72,140,56,144,-4,Terlambat,0.0008,0.9992
MHS007423,2023,,2.62,2.62,106,40,135,-29,Tepat Waktu,1.0,0.0
MHS007775,2023,,2.71,2.14,97,40,135,-38,Tepat Waktu,1.0,0.0
MHS007877,2024,,2.77,2.27,57,22,95,-38,Tepat Waktu,1.0,0.0
MHS008295,2024,,2.77,2.04,56,23,95,-39,Tepat Waktu,1.0,0.0
MHS010015,2024,,2.85,2.44,56,21,95,-39,Tepat Waktu,1.0,0.0
MHS010188,2024,,2.81,2.29,59,26,95,-36,Tepat Waktu,1.0,0.0
MHS011195,2024,,2.95,2.32,57,22,95,-38,Tepat Waktu,1.0,0.0
MHS011630,2023,,2.17,2.55,104,40,135,-31,Tepat Waktu,1.0,0.0
MHS011847,2021,,2.85,1.41,134,55,144,-10,Terlambat,0.0,1.0
MHS011857,2022,,1.22,1.34,105,41,144,-39,Terlambat,0.0,1.0
MHS007314,2023,,2.95,2.95,106,40,135,-29,Tepat Waktu,1.0,0.0
MHS008602,2024,,2.83,2.31,57,22,95,-38,Tepat Waktu,1.0,0.0
MHS012120,2023,,2.94,2.48,100,41,135,-35,Tepat Waktu,1.0,0.0
MHS012278,2024,,2.98,2.29,57,22,95,-38,Tepat Waktu,1.0,0.0
MHS006315,2023,,2.58,2.48,101,41,135,-34,Tepat Waktu,1.0,0.0
MHS006411,2024,,2.77,2.78,61,28,95,-34,Tepat Waktu,1.0,0.0
MHS006430,2023,,2.56,2.54,106,46,135,-29,Tepat Waktu,1.0,0.0
MHS006861,2024,,2.84,2.26,61,28,95,-34,Tepat Waktu,1.0,0.0
MHS007809,2022,,3.52,3.52,143,54,144,-1,Tepat Waktu,0.8155,0.1845
MHS008203,2024,,2.77,2.05,60,23,95,-35,Tepat Waktu,1.0,0.0
MHS008688,2022,,2.76,2.71,140,53,144,-4,Terlambat,0.0015,0.9985
MHS009298,2022,,3.38,3.37,139,53,144,-5,Tepat Waktu,0.7943,0.2057
MHS009948,2020,,2.78,2.55,134,54,144,-10,Terlambat,0.0026,0.9974
MHS010811,2021,,2.97,2.42,137,54,144,-7,Terlambat,0.0005,0.9995
MHS011907,2023,,2.25,2.48,103,46,135,-32,Tepat Waktu,1.0,0.0
MHS006513,2023,,2.63,2.58,99,43,135,-36,Tepat Waktu,1.0,0.0
MHS006819,2024,,1.05,1.91,61,28,95,-34,Tepat Waktu,1.0,0.0
MHS009313,2022,,2.62,2.57,142,55,144,-2,Terlambat,0.0,1.0
MHS009851,2024,,2.88,2.34,57,22,95,-38,Tepat Waktu,1.0,0.0
MHS011052,2024,,2.89,2.75,56,21,95,-39,Tepat Waktu,1.0,0.0
MHS011911,2023,,2.94,2.52,102,39,135,-33,Tepat Waktu,1.0,0.0
MHS011964,2024,,2.97,2.21,57,22,95,-38,Tepat Waktu,1.0,0.0
MHS007435,2022,,2.82,2.82,143,54,144,-1,Terlambat,0.0034,0.9966
MHS007732,2024,,2.73,2.15,56,22,95,-39,Tepat Waktu,1.0,0.0
MHS009282,2022,,2.68,2.68,141,52,144,-3,Terlambat,0.0005,0.9995
MHS009433,2024,,2.82,2.32,56,22,95,-39,Tepat Waktu,1.0,0.0
MHS009466,2023,,2.82,2.58,101,41,135,-34,Tepat Waktu,1.0,0.0
MHS009866,2024,,2.87,2.7,60,22,95,-35,Tepat Waktu,1.0,0.0
MHS010156,2023,,3.09,3.09,104,37,135,-31,Tepat Waktu,1.0,0.0
MHS010552,2024,,2.96,2.32,58,24,95,-37,Tepat Waktu,1.0,0.0
MHS011525,2024,,2.95,2.23,60,23,95,-35,Tepat Waktu,1.0,0.0
MHS006211,2021,,2.78,1.33,85,35,144,-59,Tepat Waktu,1.0,0.0
MHS006590,2024,,2.67,1.53,57,26,95,-38,Tepat Waktu,1.0,0.0
MHS006868,2022,,3.11,3.11,142,57,144,-2,Terlambat,0.1903,0.8097
MHS007367,2023,,2.72,2.07,98,40,135,-37,Tepat Waktu,1.0,0.0
MHS008651,2023,,2.78,2.67,99,43,135,-36,Tepat Waktu,1.0,0.0
MHS010002,2020,,2.6,1.35,130,50,144,-14,Terlambat,0.0,1.0
MHS010141,2023,,2.89,2.87,103,43,135,-32,Tepat Waktu,1.0,0.0
MHS010182,2024,,2.86,1.31,55,21,95,-40,Tepat Waktu,1.0,0.0
MHS011698,2023,,2.7,2.83,109,44,135,-26,Tepat Waktu,1.0,0.0
MHS011768,2024,,2.9,2.09,56,24,95,-39,Tepat Waktu,1.0,0.0
MHS011891,2023,,2.77,2.85,75,30,135,-60,Tepat Waktu,1.0,0.0
MHS012097,2019,,2.97,2.97,143,59,144,-1,Terlambat,0.0292,0.9708
MHS007714,2024,,2.67,2.15,60,23,95,-35,Tepat Waktu,1.0,0.0
MHS007838,2024,,2.77,2.38,57,22,95,-38,Tepat Waktu,1.0,0.0
MHS007969,2023,,2.65,2.64,102,44,135,-33,Tepat Waktu,1.0,0.0
MHS008376,2024,,2.77,1.53,56,23,95,-39,Tepat Waktu,1.0,0.0
MHS008550,2023,,2.75,2.41,100,42,135,-35,Tepat Waktu,1.0,0.0
MHS008915,2024,,2.89,2.74,54,19,95,-41,Tepat Waktu,1.0,0.0
MHS009289,2024,,2.78,2.51,59,22,95,-36,Tepat Waktu,1.0,0.0
MHS009440,2024,,2.78,2.41,59,22,95,-36,Tepat Waktu,1.0,0.0
MHS009543,2024,,2.78,2.58,59,26,95,-36,Tepat Waktu,1.0,0.0
MHS009674,2023,,2.8,2.58,102,43,135,-33,Tepat Waktu,1.0,0.0
MHS010244,2021,,2.83,1.95,130,54,144,-14,Terlambat,0.0,1.0
MHS010260,2023,,2.92,2.78,103,43,135,-32,Tepat Waktu,1.0,0.0
MHS010575,2023,,2.42,2.61,105,39,135,-30,Tepat Waktu,1.0,0.0
MHS010610,2024,,2.89,2.25,55,22,95,-40,Tepat Waktu,1.0,0.0
MHS011211,2024,,2.93,2.25,60,23,95,-35,Tepat Waktu,1.0,0.0
MHS011701,2024,,3.0,2.48,58,23,95,-37,Tepat Waktu,1.0,0.0
MHS007067,2023,,2.89,2.88,105,41,135,-30,Tepat Waktu,1.0,0.0
MHS007520,2022,,2.85,2.85,143,57,144,-1,Terlambat,0.0053,0.9947
MHS008058,2024,,2.79,2.14,57,22,95,-38,Tepat Waktu,1.0,0.0
MHS009333,2024,,2.7,2.66,62,23,95,-33,Tepat Waktu,1.0,0.0
MHS009809,2024,,2.83,2.8,60,25,95,-35,Tepat Waktu,1.0,0.0
MHS009920,2023,,2.49,2.74,105,42,135,-30,Tepat Waktu,1.0,0.0
MHS010316,2024,,2.95,2.53,58,24,95,-37,Tepat Waktu,1.0,0.0
MHS011329,2024,,2.89,1.82,56,24,95,-39,Tepat Waktu,1.0,0.0
MHS007579,2024,,2.65,2.53,60,23,95,-35,Tepat Waktu,1.0,0.0
MHS008003,2023,,2.71,2.38,100,43,135,-35,Tepat Waktu,1.0,0.0
MHS008549,2024,,2.78,1.99,56,23,95,-39,Tepat Waktu,1.0,0.0
MHS008644,2023,,2.78,2.5,99,43,135,-36,Tepat Waktu,1.0,0.0
MHS009421,2023,,3.02,3.02,104,43,135,-31,Tepat Waktu,1.0,0.0
MHS009970,2023,,2.89,2.71,99,36,135,-36,Tepat Waktu,1.0,0.0
MHS010205,2024,,2.81,2.34,59,26,95,-36,Tepat Waktu,1.0,0.0
MHS011207,2023,,2.96,2.61,104,43,135,-31,Tepat Waktu,1.0,0.0
MHS011359,2023,,2.27,2.37,103,41,135,-32,Tepat Waktu,1.0,0.0
MHS007639,2024,,2.79,2.37,58,24,95,-37,Tepat Waktu,1.0,0.0
MHS008128,2022,,2.53,2.55,141,57,144,-3,Terlambat,0.0,1.0
MHS008163,2024,,2.79,2.23,57,22,95,-38,Tepat Waktu,1.0,0.0
MHS008390,2024,,2.78,2.45,60,22,95,-35,Tepat Waktu,1.0,0.0
MHS008679,2023,,2.94,2.2,96,40,135,-39,Tepat Waktu,1.0,0.0
MHS009950,2023,,2.64,2.61,75,30,135,-60,Tepat Waktu,1.0,0.0
MHS010539,2023,,2.82,2.7,107,43,135,-28,Tepat Waktu,1.0,0.0
MHS012001,2024,,3.01,2.52,58,23,95,-37,Tepat Waktu,1.0,0.0
MHS006579,2024,,2.81,2.38,61,28,95,-34,Tepat Waktu,1.0,0.0
MHS007336,2022,,2.54,1.97,131,46,144,-13,Terlambat,0.0,1.0
MHS007356,2021,,2.72,1.49,124,48,144,-20,Terlambat,0.0,1.0
MHS007821,2023,,2.31,2.49,104,45,135,-31,Tepat Waktu,1.0,0.0
MHS008399,2024,,2.65,0.0,18,7,95,-77,Tepat Waktu,1.0,0.0
MHS010339,2023,,3.13,3.12,104,37,135,-31,Tepat Waktu,1.0,0.0
MHS010498,2023,,2.93,2.81,104,37,135,-31,Tepat Waktu,1.0,0.0
MHS012216,2024,,2.93,2.46,59,23,95,-36,Tepat Waktu,1.0,0.0
MHS007862,2024,,2.86,2.72,54,19,95,-41,Tepat Waktu,1.0,0.0
MHS008355,2022,,3.3,3.32,138,53,144,-6,Tepat Waktu,0.8386,0.1614
MHS009124,2024,,2.85,2.29,57,22,95,-38,Tepat Waktu,1.0,0.0
MHS009213,2021,,2.44,1.82,111,45,144,-33,Tepat Waktu,0.9098,0.0902
MHS009533,2024,,2.87,2.5,57,22,95,-38,Tepat Waktu,1.0,0.0
MHS009817,2023,,3.17,3.17,102,42,135,-33,Tepat Waktu,1.0,0.0
MHS010318,2023,,2.78,2.38,100,42,135,-35,Tepat Waktu,1.0,0.0
MHS010684,2024,,2.96,2.29,58,24,95,-37,Tepat Waktu,1.0,0.0
MHS011185,2024,,2.97,2.36,58,24,95,-37,Tepat Waktu,1.0,0.0
MHS011395,2021,,2.43,2.24,142,53,144,-2,Terlambat,0.0,1.0
MHS006216,2024,,2.64,2.1,59,22,95,-36,Tepat Waktu,1.0,0.0
MHS006568,2024,,2.67,2.53,56,22,95,-39,Tepat Waktu,1.0,0.0
MHS008053,2024,,2.76,2.1,56,22,95,-39,Tepat Waktu,1.0,0.0
MHS008145,2023,,3.19,3.19,108,51,135,-27,Tepat Waktu,1.0,0.0
MHS008197,2024,,2.74,2.44,59,22,95,-36,Tepat Waktu,1.0,0.0
MHS009550,2020,,2.57,2.59,143,55,144,-1,Terlambat,0.0,1.0
MHS009918,2024,,2.8,2.25,59,26,95,-36,Tepat Waktu,1.0,0.0
MHS009999,2024,,2.89,2.31,57,22,95,-38,Tepat Waktu,1.0,0.0
MHS010629,2024,,2.93,2.58,57,22,95,-38,Tepat Waktu,1.0,0.0
MHS010944,2023,,2.94,2.7,104,43,135,-31,Tepat Waktu,1.0,0.0
MHS011727,2023,,3.18,1.38,83,34,135,-52,Tepat Waktu,1.0,0.0
MHS006164,2024,,2.64,2.28,59,22,95,-36,Tepat Waktu,1.0,0.0
MHS007191,2022,,2.84,2.82,141,57,144,-3,Terlambat,0.0054,0.9946
MHS007318,2019,,2.89,1.76,137,54,144,-7,Terlambat,0.0,1.0
MHS007842,2023,,2.68,2.51,104,42,135,-31,Tepat Waktu,1.0,0.0
MHS008077,2022,,2.44,1.12,121,46,144,-23,Terlambat,0.0,1.0
MHS008157,2024,,2.82,2.29,58,24,95,-37,Tepat Waktu,1.0,0.0
MHS008341,2023,,2.29,2.5,104,42,135,-31,Tepat Waktu,1.0,0.0
MHS008740,2023,,0.92,1.58,98,41,135,-37,Terlambat,0.0,1.0
MHS009765,2024,,2.92,2.46,58,25,95,-37,Tepat Waktu,1.0,0.0
MHS010174,2024,,2.94,2.39,58,23,95,-37,Tepat Waktu,1.0,0.0
MHS010582,2023,,2.94,2.66,104,43,135,-31,Tepat Waktu,1.0,0.0
MHS010760,2023,,2.91,2.77,99,43,135,-36,Tepat Waktu,1.0,0.0
MHS010972,2024,,2.88,2.38,56,21,95,-39,Tepat Waktu,1.0,0.0
MHS011121,2023,,2.94,2.92,103,43,135,-32,Tepat Waktu,1.0,0.0
MHS011520,2023,,2.94,2.76,99,42,135,-36,Tepat Waktu,1.0,0.0
MHS006475,2024,,2.62,1.88,56,23,95,-39,Tepat Waktu,1.0,0.0
MHS006796,2023,,2.68,2.7,106,46,135,-29,Tepat Waktu,1.0,0.0
MHS009319,2024,,2.88,2.06,58,25,95,-37,Tepat Waktu,1.0,0.0
MHS009858,2024,,2.93,2.16,58,24,95,-37,Tepat Waktu,1.0,0.0
MHS010278,2024,,2.81,2.62,59,26,95,-36,Tepat Waktu,1.0,0.0
MHS010969,2023,,2.41,2.54,105,42,135,-30,Tepat Waktu,1.0,0.0
MHS011078,2021,,3.03,2.3,137,52,144,-7,Terlambat,0.0002,0.9998
MHS011302,2023,,3.04,2.19,90,34,135,-45,Tepat Waktu,1.0,0.0
MHS011480,2024,,2.99,2.23,58,24,95,-37,Tepat Waktu,1.0,0.0
MHS006239,2023,,2.6,2.4,95,38,135,-40,Tepat Waktu,1.0,0.0
MHS006667,2023,,2.53,2.54,103,45,135,-32,Tepat Waktu,1.0,0.0
MHS007041,2023,,2.65,2.65,104,45,135,-31,Tepat Waktu,1.0,0.0
MHS007414,2024,,2.74,1.68,57,21,95,-38,Tepat Waktu,1.0,0.0
MHS008248,2023,,2.73,2.63,104,39,135,-31,Tepat Waktu,1.0,0.0
MHS008801,2023,,2.39,2.39,103,41,135,-32,Tepat Waktu,1.0,0.0
MHS008819,2023,,2.96,2.96,105,44,135,-30,Tepat Waktu,1.0,0.0
MHS008920,2024,,2.83,2.41,57,22,95,-38,Tepat Waktu,1.0,0.0
MHS009027,2023,,2.9,1.79,90,36,135,-45,Tepat Waktu,1.0,0.0
MHS009458,2024,,2.9,1.9,58,21,95,-37,Tepat Waktu,1.0,0.0
MHS009482,2024,,2.86,2.3,57,25,95,-38,Tepat Waktu,1.0,0.0
MHS009660,2024,,2.87,2.46,57,25,95,-38,Tepat Waktu,1.0,0.0
MHS011202,2024,,3.06,2.53,54,19,95,-41,Tepat Waktu,1.0,0.0
MHS011775,2023,,3.06,2.88,106,44,135,-29,Tepat Waktu,1.0,0.0
MHS011863,2022,,2.8,2.86,142,57,144,-2,Terlambat,0.0046,0.9954
MHS006167,2022,,2.34,2.28,131,50,144,-13,Terlambat,0.0,1.0
MHS006443,2023,,2.62,2.47,99,43,135,-36,Tepat Waktu,1.0,0.0
MHS006511,2023,,2.6,2.6,106,46,135,-29,Tepat Waktu,1.0,0.0
MHS006801,2022,,1.7,1.86,139,53,144,-5,Terlambat,0.0,1.0
MHS008092,2023,,2.75,2.11,97,43,135,-38,Tepat Waktu,1.0,0.0
MHS008994,2023,,1.75,2.23,100,42,135,-35,Tepat Waktu,1.0,0.0
MHS010016,2021,,2.7,2.14,130,51,144,-14,Terlambat,0.0,1.0
MHS011859,2024,,2.9,2.41,59,23,95,-36,Tepat Waktu,1.0,0.0
MHS011912,2024,,2.9,2.48,59,23,95,-36,Tepat Waktu,1.0,0.0
MHS006785,2024,,2.68,2.11,59,27,95,-36,Tepat Waktu,1.0,0.0
MHS006793,2023,,2.86,2.86,104,45,135,-31,Tepat Waktu,1.0,0.0
MHS006885,2022,,2.06,2.09,133,51,144,-11,Terlambat,0.0,1.0
MHS007820,2023,,2.67,2.69,106,43,135,-29,Tepat Waktu,1.0,0.0
MHS007945,2023,,2.89,2.9,108,51,135,-27,Tepat Waktu,1.0,0.0
MHS008802,2021,,2.33,1.05,122,50,144,-22,Terlambat,0.0,1.0
MHS009019,2023,,2.78,2.79,106,45,135,-29,Tepat Waktu,1.0,0.0
MHS009603,2023,,2.89,2.68,104,43,135,-31,Tepat Waktu,1.0,0.0
MHS009969,2023,,2.96,2.96,104,37,135,-31,Tepat Waktu,1.0,0.0
MHS009984,2024,,2.77,2.36,62,23,95,-33,Tepat Waktu,1.0,0.0
MHS009988,2021,,2.24,2.11,143,57,144,-1,Terlambat,0.0,1.0
MHS010148,2023,,2.82,2.25,97,41,135,-38,Tepat Waktu,1.0,0.0
MHS010635,2023,,2.89,2.81,98,38,135,-37,Tepat Waktu,1.0,0.0
MHS010813,2023,,2.97,2.87,106,38,135,-29,Tepat Waktu,1.0,0.0
MHS011186,2024,,2.86,2.48,59,23,95,-36,Tepat Waktu,1.0,0.0
MHS011275,2023,,2.25,2.6,104,43,135,-31,Tepat Waktu,1.0,0.0
MHS012159,2023,,3.07,3.07,99,42,135,-36,Tepat Waktu,1.0,0.0
MHS006561,2023,,2.86,2.84,104,39,135,-31,Tepat Waktu,1.0,0.0
MHS006709,2024,,2.58,2.13,62,23,95,-33,Tepat Waktu,1.0,0.0
MHS008051,2024,,2.54,1.39,18,7,95,-77,Tepat Waktu,1.0,0.0
MHS008317,2024,,2.64,2.37,62,23,95,-33,Tepat Waktu,1.0,0.0
MHS008745,2023,,2.26,2.39,104,44,135,-31,Tepat Waktu,1.0,0.0
MHS008960,2024,,2.8,2.39,60,25,95,-35,Tepat Waktu,1.0,0.0
MHS009916,2024,,2.14,2.62,37,15,95,-58,Tepat Waktu,1.0,0.0
MHS010661,2024,,2.96,2.36,58,24,95,-37,Tepat Waktu,1.0,0.0
MHS010910,2024,,2.88,2.35,56,21,95,-39,Tepat Waktu,1.0,0.0
MHS012195,2023,,2.66,2.8,109,42,135,-26,Tepat Waktu,1.0,0.0
MHS006203,2023,,2.95,2.97,108,51,135,-27,Tepat Waktu,1.0,0.0
MHS007288,2023,,2.62,2.62,106,46,135,-29,Tepat Waktu,1.0,0.0
MHS007416,2024,,0.33,1.33,57,21,95,-38,Tepat Waktu,1.0,0.0
MHS007854,2024,,2.75,1.79,56,23,95,-39,Tepat Waktu,1.0,0.0
MHS007856,2024,,2.85,2.51,54,19,95,-41,Tepat Waktu,1.0,0.0
MHS008585,2023,,2.76,2.57,100,41,135,-35,Tepat Waktu,1.0,0.0
MHS009017,2024,,3.61,3.59,38,14,95,-57,Tepat Waktu,1.0,0.0
MHS010022,2023,,2.86,2.76,101,44,135,-34,Tepat Waktu,1.0,0.0
MHS010054,2023,,2.81,2.54,102,42,135,-33,Tepat Waktu,1.0,0.0
MHS011231,2024,,2.87,2.53,59,25,95,-36,Tepat Waktu,1.0,0.0
MHS011598,2021,,2.33,2.63,40,15,144,-104,Tepat Waktu,1.0,0.0
MHS011710,2022,,2.72,2.54,142,56,144,-2,Terlambat,0.0001,0.9999
MHS006210,2023,,2.64,2.62,104,39,135,-31,Tepat Waktu,1.0,0.0
MHS006846,2021,,2.91,1.24,117,47,144,-27,Terlambat,0.0,1.0
MHS007359,2023,,2.89,2.75,105,42,135,-30,Tepat Waktu,1.0,0.0
MHS008468,2024,,2.82,2.32,57,22,95,-38,Tepat Waktu,1.0,0.0
MHS009551,2024,,2.81,2.81,55,24,95,-40,Tepat Waktu,1.0,0.0
MHS010427,2024,,2.88,2.06,60,23,95,-35,Tepat Waktu,1.0,0.0
MHS011083,2023,,2.91,2.4,100,44,135,-35,Tepat Waktu,1.0,0.0
MHS011089,2023,,1.64,2.18,99,44,135,-36,Tepat Waktu,0.9998,0.0002
MHS011212,2024,,2.87,2.3,59,25,95,-36,Tepat Waktu,1.0,0.0
MHS011266,2021,,1.93,1.95,141,58,144,-3,Terlambat,0.0,1.0
MHS011429,2024,,2.83,2.1,62,23,95,-33,Tepat Waktu,1.0,0.0
MHS012201,2023,,3.01,2.61,104,41,135,-31,Tepat Waktu,1.0,0.0
MHS006438,2024,,2.66,2.14,59,27,95,-36,Tepat Waktu,1.0,0.0
MHS006701,2021,,0.94,1.36,122,45,144,-22,Terlambat,0.0,1.0
MHS008159,2023,,2.72,2.54,104,39,135,-31,Tepat Waktu,1.0,0.0
MHS009636,2024,,2.83,2.28,56,21,95,-39,Tepat Waktu,1.0,0.0
MHS010346,2023,,2.93,2.76,104,37,135,-31,Tepat Waktu,1.0,0.0
MHS010675,2024,,2.93,2.41,57,22,95,-38,Tepat Waktu,1.0,0.0
MHS011222,2023,,2.93,2.25,99,44,135,-36,Tepat Waktu,1.0,0.0
MHS011349,2024,,2.1,1.45,38,14,95,-57,Tepat Waktu,1.0,0.0
MHS011580,2024,,2.99,2.57,58,23,95,-37,Tepat Waktu,1.0,0.0
MHS006573,2024,,2.67,1.93,55,21,95,-40,Tepat Waktu,1.0,0.0
MHS007583,2022,,3.17,3.16,141,53,144,-3,Terlambat,0.3788,0.6212
MHS008856,2024,,2.84,2.63,58,22,95,-37,Tepat Waktu,1.0,0.0
MHS009448,2024,,2.9,1.99,58,26,95,-37,Tepat Waktu,1.0,0.0
MHS009857,2024,,2.93,2.29,58,23,95,-37,Tepat Waktu,1.0,0.0
MHS010284,2022,,2.67,2.24,131,49,144,-13,Terlambat,0.0002,0.9998
MHS012150,2023,,3.01,2.93,104,42,135,-31,Tepat Waktu,1.0,0.0
MHS006928,2023,,2.94,2.94,104,39,135,-31,Tepat Waktu,1.0,0.0
MHS006999,2024,,2.7,2.16,59,27,95,-36,Tepat Waktu,1.0,0.0
MHS008978,2022,,2.95,2.25,128,49,144,-16,Terlambat,0.0118,0.9882
MHS009731,2023,,2.86,2.82,103,43,135,-32,Tepat Waktu,1.0,0.0
MHS009912,2023,,2.86,2.57,101,44,135,-34,Tepat Waktu,1.0,0.0
MHS009915,2023,,3.07,3.06,102,36,135,-33,Tepat Waktu,1.0,0.0
MHS010069,2023,,2.81,2.63,102,36,135,-33,Tepat Waktu,1.0,0.0
MHS010233,2023,,2.87,2.13,95,42,135,-40,Tepat Waktu,1.0,0.0
MHS010304,2024,,2.86,2.21,56,21,95,-39,Tepat Waktu,1.0,0.0
MHS010533,2023,,3.04,3.05,102,36,135,-33,Tepat Waktu,1.0,0.0
MHS011833,2023,,2.82,2.77,107,38,135,-28,Tepat Waktu,1.0,0.0
MHS006225,2024,,2.64,2.6,59,22,95,-36,Tepat Waktu,1.0,0.0
MHS006257,2022,,2.66,2.66,141,57,144,-3,Terlambat,0.0002,0.9998
MHS006707,2022,,2.76,2.76,141,57,144,-3,Terlambat,0.0016,0.9984
MHS006909,2024,,2.68,2.03,56,23,95,-39,Tepat Waktu,1.0,0.0
MHS007922,2024,,2.8,2.16,58,24,95,-37,Tepat Waktu,1.0,0.0
MHS008308,2024,,2.81,2.31,57,22,95,-38,Tepat Waktu,1.0,0.0
MHS008635,2023,,2.62,2.38,102,39,135,-33,Tepat Waktu,1.0,0.0
MHS008812,2024,,2.77,2.24,59,22,95,-36,Tepat Waktu,1.0,0.0
MHS009202,2023,,2.97,2.94,105,44,135,-30,Tepat Waktu,1.0,0.0
MHS009212,2020,,2.29,2.3,143,59,144,-1,Terlambat,0.0,1.0
MHS010806,2023,,2.85,2.48,102,39,135,-33,Tepat Waktu,1.0,0.0
MHS011733,2022,,2.73,2.58,142,56,144,-2,Terlambat,0.0001,0.9999
MHS012191,2021,,2.94,2.26,139,55,144,-5,Terlambat,0.0,1.0
MHS006604,2022,,3.33,3.34,143,59,144,-1,Tepat Waktu,0.5382,0.4618
MHS006617,2024,,2.67,1.51,57,21,95,-38,Tepat Waktu,1.0,0.0
MHS008142,2022,,2.93,2.93,141,56,144,-3,Terlambat,0.0262,0.9738
MHS008278,2024,,2.8,2.45,57,22,95,-38,Tepat Waktu,1.0,0.0
MHS009845,2024,,2.8,2.31,59,26,95,-36,Tepat Waktu,1.0,0.0
MHS010201,2023,,2.84,2.24,97,39,135,-38,Tepat Waktu,1.0,0.0
MHS010250,2024,,2.9,2.34,57,22,95,-38,Tepat Waktu,1.0,0.0
MHS010685,2022,,2.7,2.1,131,52,144,-13,Terlambat,0.0,1.0
MHS010965,2024,,2.89,2.36,55,22,95,-40,Tepat Waktu,1.0,0.0
MHS010998,2023,,3.02,2.95,108,42,135,-27,Tepat Waktu,1.0,0.0
MHS011090,2023,,2.97,2.94,106,44,135,-29,Tepat Waktu,1.0,0.0
MHS011612,2020,,2.67,1.76,139,54,144,-5,Terlambat,0.0,1.0
MHS011720,2024,,2.95,2.26,60,22,95,-35,Tepat Waktu,1.0,0.0
MHS006292,2024,,2.58,2.19,60,28,95,-35,Tepat Waktu,1.0,0.0
MHS006712,2024,,2.74,2.16,58,24,95,-37,Tepat Waktu,1.0,0.0
MHS006886,2024,,2.7,2.21,57,23,95,-38,Tepat Waktu,1.0,0.0
MHS007331,2024,,2.71,1.97,59,27,95,-36,Tepat Waktu,1.0,0.0
MHS007811,2023,,2.69,2.57,101,48,135,-34,Tepat Waktu,1.0,0.0
MHS008043,2022,,2.84,2.88,142,57,144,-2,Terlambat,0.005,0.995
MHS008216,2024,,2.75,2.76,36,14,95,-59,Tepat Waktu,1.0,0.0
MHS009956,2024,,2.81,2.36,59,26,95,-36,Tepat Waktu,1.0,0.0
MHS010577,2024,,2.83,2.77,59,26,95,-36,Tepat Waktu,1.0,0.0
MHS011403,2023,,2.96,2.63,104,43,135,-31,Tepat Waktu,1.0,0.0
MHS011688,2022,,2.72,2.54,142,53,144,-2,Terlambat,0.0001,0.9999
MHS011992,2024,,2.95,2.03,60,23,95,-35,Tepat Waktu,1.0,0.0
MHS012065,2024,,2.92,2.05,56,24,95,-39,Tepat Waktu,1.0,0.0
MHS012184,2024,,2.95,2.46,60,22,95,-35,Tepat Waktu,1.0,0.0
MHS012198,2024,,2.96,2.15,60,23,95,-35,Tepat Waktu,1.0,0.0
MHS007747,2024,,2.93,2.24,61,28,95,-34,Tepat Waktu,1.0,0.0
MHS008112,2024,,2.75,2.42,60,23,95,-35,Tepat Waktu,1.0,0.0
MHS008470,2024,,3.11,3.11,36,14,95,-59,Tepat Waktu,1.0,0.0
MHS008764,2022,,2.9,2.32,129,50,144,-15,Terlambat,0.0095,0.9905
MHS009148,2023,,2.74,2.4,102,43,135,-33,Tepat Waktu,1.0,0.0
MHS010000,2022,,3.19,3.19,138,53,144,-6,Tepat Waktu,0.5463,0.4537
MHS010042,2023,,2.9,2.86,104,37,135,-31,Tepat Waktu,1.0,0.0
MHS010206,2024,,2.85,1.92,56,21,95,-39,Tepat Waktu,1.0,0.0
MHS010256,2023,,2.64,2.66,107,43,135,-28,Tepat Waktu,1.0,0.0
MHS010288,2024,,2.88,2.69,60,23,95,-35,Tepat Waktu,1.0,0.0
MHS010483,2024,,2.86,1.98,56,21,95,-39,Tepat Waktu,1.0,0.0
MHS010921,2024,,3.04,2.49,54,19,95,-41,Tepat Waktu,1.0,0.0
MHS010976,2024,,2.96,2.35,58,24,95,-37,Tepat Waktu,1.0,0.0
MHS011406,2024,,2.83,2.44,18,8,95,-77,Tepat Waktu,1.0,0.0
MHS011511,2023,,2.98,2.75,106,44,135,-29,Tepat Waktu,1.0,0.0
MHS011879,2024,,2.91,2.0,56,21,95,-39,Tepat Waktu,1.0,0.0
MHS006218,2023,,2.89,2.88,103,40,135,-32,Tepat Waktu,1.0,0.0
MHS007902,2021,,2.93,1.9,137,55,144,-7,Terlambat,0.0,1.0
MHS009063,2023,,2.39,2.48,103,41,135,-32,Tepat Waktu,1.0,0.0
MHS009510,2022,,2.67,2.62,142,54,144,-2,Terlambat,0.0001,0.9999
MHS009810,2024,,2.83,2.09,56,21,95,-39,Tepat Waktu,1.0,0.0
MHS010816,2024,,2.87,2.22,56,21,95,-39,Tepat Waktu,1.0,0.0
MHS010819,2023,,2.33,2.42,103,42,135,-32,Tepat Waktu,1.0,0.0
MHS011428,2022,,3.08,2.6,136,51,144,-8,Terlambat,0.0204,0.9796
MHS006329,2021,,2.85,2.71,127,48,144,-17,Tepat Waktu,0.8927,0.1073
MHS007071,2024,,2.59,2.0,62,23,95,-33,Tepat Waktu,1.0,0.0
MHS007927,2023,,2.78,2.68,103,49,135,-32,Tepat Waktu,1.0,0.0
MHS010259,2020,,2.77,2.77,143,57,144,-1,Terlambat,0.0014,0.9986
MHS010631,2024,,2.93,2.22,57,22,95,-38,Tepat Waktu,1.0,0.0
MHS010755,2023,,2.91,2.5,99,42,135,-36,Tepat Waktu,1.0,0.0
MHS011029,2024,,2.8,2.67,18,7,95,-77,Tepat Waktu,1.0,0.0
MHS011529,2023,,3.1,1.97,96,38,135,-39,Tepat Waktu,1.0,0.0
MHS011680,2022,,2.47,1.77,125,51,144,-19,Terlambat,0.0,1.0
MHS006232,2024,,2.56,2.36,60,28,95,-35,Tepat Waktu,1.0,0.0
MHS006322,2024,,2.65,2.18,55,21,95,-40,Tepat Waktu,1.0,0.0
MHS006459,2024,,2.67,2.46,57,25,95,-38,Tepat Waktu,1.0,0.0
MHS006536,2024,,0.11,1.32,56,21,95,-39,Tepat Waktu,1.0,0.0
MHS006957,2024,,2.75,2.21,58,24,95,-37,Tepat Waktu,1.0,0.0
MHS007096,2022,,2.77,2.36,135,55,144,-9,Terlambat,0.0001,0.9999
MHS007705,2022,,3.08,3.08,141,57,144,-3,Terlambat,0.1179,0.8821
MHS007798,2023,,2.66,2.65,106,43,135,-29,Tepat Waktu,1.0,0.0
MHS008657,2023,,2.22,2.39,101,48,135,-34,Tepat Waktu,1.0,0.0
MHS010058,2024,,2.94,2.34,58,25,95,-37,Tepat Waktu,1.0,0.0
MHS010908,2023,,2.73,2.34,92,37,135,-43,Tepat Waktu,1.0,0.0
MHS011007,2023,,2.93,2.7,103,43,135,-32,Tepat Waktu,1.0,0.0
MHS011999,2023,,3.01,2.76,105,41,135,-30,Tepat Waktu,1.0,0.0
MHS006434,2022,,2.89,2.88,131,49,144,-13,Tepat Waktu,0.6609,0.3391
MHS006467,2023,,2.86,2.26,96,37,135,-39,Tepat Waktu,1.0,0.0
MHS008323,2023,,3.17,3.17,106,43,135,-29,Tepat Waktu,1.0,0.0
MHS008600,2022,,2.46,2.47,141,53,144,-3,Terlambat,0.0,1.0
MHS010444,2023,,2.94,2.84,106,38,135,-29,Tepat Waktu,1.0,0.0
MHS011465,2024,,2.89,2.7,59,23,95,-36,Tepat Waktu,1.0,0.0
MHS011679,2024,,2.89,2.6,59,23,95,-36,Tepat Waktu,1.0,0.0
MHS012190,2024,,3.01,2.61,58,23,95,-37,Tepat Waktu,1.0,0.0
MHS007767,2024,,2.94,2.21,61,28,95,-34,Tepat Waktu,1.0,0.0
MHS008589,2023,,2.77,2.63,104,42,135,-31,Tepat Waktu,1.0,0.0
MHS009665,2024,,2.79,1.78,59,26,95,-36,Tepat Waktu,1.0,0.0
MHS010038,2024,,2.86,2.86,59,26,95,-36,Tepat Waktu,1.0,0.0
MHS010187,2023,,2.93,2.65,104,43,135,-31,Tepat Waktu,1.0,0.0
MHS010258,2024,,2.95,2.03,58,24,95,-37,Tepat Waktu,1.0,0.0
MHS010780,2023,,2.92,2.38,99,39,135,-36,Tepat Waktu,1.0,0.0
MHS010988,2023,,2.92,2.5,101,36,135,-34,Tepat Waktu,1.0,0.0
MHS007144,2023,,2.71,2.38,100,37,135,-35,Tepat Waktu,1.0,0.0
MHS007844,2022,,2.88,2.17,128,52,144,-16,Terlambat,0.0008,0.9992
MHS009338,2024,,2.82,2.57,60,26,95,-35,Tepat Waktu,1.0,0.0
MHS009764,2022,,2.62,2.46,138,54,144,-6,Terlambat,0.0,1.0
MHS011164,2023,,3.01,3.01,106,38,135,-29,Tepat Waktu,1.0,0.0
MHS006290,2024,,2.66,2.41,57,25,95,-38,Tepat Waktu,1.0,0.0
MHS006806,2022,,2.43,2.42,142,53,144,-2,Terlambat,0.0,1.0
MHS007715,2023,,2.94,2.93,101,48,135,-34,Tepat Waktu,1.0,0.0
MHS007744,2023,,2.69,2.56,101,48,135,-34,Tepat Waktu,1.0,0.0
MHS007836,2024,,2.95,2.18,61,28,95,-34,Tepat Waktu,1.0,0.0
MHS009682,2024,,2.92,2.63,58,26,95,-37,Tepat Waktu,1.0,0.0
MHS009707,2024,,2.83,2.36,60,25,95,-35,Tepat Waktu,1.0,0.0
MHS009880,2023,,2.33,2.56,103,43,135,-32,Tepat Waktu,1.0,0.0
MHS011177,2024,,3.07,2.5,61,28,95,-34,Tepat Waktu,1.0,0.0
MHS011255,2023,,3.08,2.16,96,38,135,-39,Tepat Waktu,1.0,0.0
MHS011979,2024,,3.07,2.6,54,19,95,-41,Tepat Waktu,1.0,0.0
MHS012256,2023,,3.15,3.15,100,41,135,-35,Tepat Waktu,1.0,0.0
MHS006721,2022,,3.02,3.03,142,57,144,-2,Terlambat,0.0521,0.9479
MHS007078,2024,,2.64,2.05,60,23,95,-35,Tepat Waktu,1.0,0.0
MHS007612,2023,,2.99,2.99,103,45,135,-32,Tepat Waktu,1.0,0.0
MHS007627,2023,,3.03,3.03,106,40,135,-29,Tepat Waktu,1.0,0.0
MHS007848,2023,,3.31,1.7,35,13,135,-100,Tepat Waktu,1.0,0.0
MHS008026,2023,,2.9,2.83,105,44,135,-30,Tepat Waktu,1.0,0.0
MHS009430,2024,,2.82,2.13,56,22,95,-39,Tepat Waktu,1.0,0.0
MHS009903,2023,,2.81,2.24,97,41,135,-38,Tepat Waktu,1.0,0.0
MHS010010,2024,,2.89,2.38,57,24,95,-38,Tepat Waktu,1.0,0.0
MHS010063,2023,,3.08,3.09,107,42,135,-28,Tepat Waktu,1.0,0.0
MHS010583,2024,,2.88,1.21,55,25,95,-40,Tepat Waktu,1.0,0.0
MHS006863,2023,,2.98,2.36,89,32,135,-46,Tepat Waktu,1.0,0.0
MHS008333,2023,,2.74,2.62,99,43,135,-36,Tepat Waktu,1.0,0.0
MHS008575,2022,,2.83,2.87,142,57,144,-2,Terlambat,0.0064,0.9936
MHS008601,2023,,2.94,1.83,96,40,135,-39,Tepat Waktu,1.0,0.0
MHS009020,2023,,2.83,2.37,98,40,135,-37,Tepat Waktu,1.0,0.0
MHS009021,2020,,2.72,1.18,115,46,144,-29,Terlambat,0.0,1.0
MHS009913,2023,,2.81,2.81,107,43,135,-28,Tepat Waktu,1.0,0.0
MHS011820,2024,,2.9,2.2,56,24,95,-39,Tepat Waktu,1.0,0.0
MHS006293,2024,,2.61,2.16,56,22,95,-39,Tepat Waktu,1.0,0.0
MHS007330,2024,,2.69,1.48,56,23,95,-39,Tepat Waktu,1.0,0.0
MHS007634,2024,,2.6,2.14,62,23,95,-33,Tepat Waktu,1.0,0.0
MHS008044,2024,,2.78,2.33,57,22,95,-38,Tepat Waktu,1.0,0.0
MHS009040,2024,,2.77,2.05,59,22,95,-36,Tepat Waktu,1.0,0.0
MHS009835,2024,,2.83,1.71,55,24,95,-40,Tepat Waktu,1.0,0.0
MHS010517,2023,,2.91,2.36,99,44,135,-36,Tepat Waktu,1.0,0.0
MHS010864,2021,,2.57,2.61,143,55,144,-1,Terlambat,0.0001,0.9999
MHS011306,2021,,2.81,1.85,134,51,144,-10,Terlambat,0.0,1.0
MHS008500,2024,,2.83,2.03,58,22,95,-37,Tepat Waktu,1.0,0.0
MHS008610,2024,,2.77,2.0,55,24,95,-40,Tepat Waktu,1.0,0.0
MHS008971,2023,,2.79,2.03,94,37,135,-41,Tepat Waktu,1.0,0.0
MHS009446,2024,,2.9,2.09,58,26,95,-37,Tepat Waktu,1.0,0.0
MHS009587,2024,,2.91,2.32,58,26,95,-37,Tepat Waktu,1.0,0.0
MHS010001,2023,,2.94,1.44,88,32,135,-47,Tepat Waktu,1.0,0.0
MHS010092,2023,,2.94,2.89,106,43,135,-29,Tepat Waktu,1.0,0.0
MHS010326,2024,,3.02,2.72,54,19,95,-41,Tepat Waktu,1.0,0.0
MHS011170,2022,,3.06,2.34,136,57,144,-8,Terlambat,0.0003,0.9997
MHS011237,2024,,2.88,2.29,59,25,95,-36,Tepat Waktu,1.0,0.0
MHS011781,2024,,2.9,2.56,59,23,95,-36,Tepat Waktu,1.0,0.0
MHS011854,2023,,2.26,2.53,103,46,135,-32,Tepat Waktu,1.0,0.0
MHS012050,2024,,2.92,2.75,59,23,95,-36,Tepat Waktu,1.0,0.0
MHS006294,2022,,2.75,2.75,140,56,144,-4,Terlambat,0.0017,0.9983
MHS007574,2023,,2.53,2.58,103,38,135,-32,Tepat Waktu,1.0,0.0
MHS008062,2024,,2.81,2.35,58,24,95,-37,Tepat Waktu,1.0,0.0
MHS008699,2024,,2.79,1.92,56,23,95,-39,Tepat Waktu,1.0,0.0
MHS008720,2023,,2.79,2.12,98,40,135,-37,Tepat Waktu,1.0,0.0
MHS009883,2024,,2.89,2.18,57,22,95,-38,Tepat Waktu,1.0,0.0
MHS010624,2023,,2.89,2.79,101,42,135,-34,Tepat Waktu,1.0,0.0
MHS011091,2024,,3.05,2.52,61,28,95,-34,Tepat Waktu,1.0,0.0
MHS011179,2023,,2.95,2.74,104,43,135,-31,Tepat Waktu,1.0,0.0
MHS007301,2023,,2.58,2.62,103,45,135,-32,Tepat Waktu,1.0,0.0
MHS008650,2024,,2.83,2.22,57,22,95,-38,Tepat Waktu,1.0,0.0
MHS008969,2023,,2.72,2.5,102,43,135,-33,Tepat Waktu,1.0,0.0
MHS009776,2021,,2.26,1.8,142,57,144,-2,Terlambat,0.0,1.0
MHS010160,2023,,2.91,2.74,103,43,135,-32,Tepat Waktu,1.0,0.0
MHS010254,2024,,2.88,2.42,60,23,95,-35,Tepat Waktu,1.0,0.0
MHS010665,2021,,2.34,2.33,143,63,144,-1,Terlambat,0.0,1.0
MHS011272,2023,,2.28,2.45,103,39,135,-32,Tepat Waktu,1.0,0.0
MHS011344,2021,,1.01,1.66,142,57,144,-2,Terlambat,0.0,1.0
MHS011461,2023,,2.93,2.63,99,42,135,-36,Tepat Waktu,1.0,0.0
MHS006969,2024,,2.63,2.53,60,23,95,-35,Tepat Waktu,1.0,0.0
MHS007394,2022,,2.68,2.02,129,51,144,-15,Terlambat,0.0,1.0
MHS008187,2023,,3.03,1.32,83,34,135,-52,Tepat Waktu,1.0,0.0
MHS008977,2023,,2.81,2.63,104,37,135,-31,Tepat Waktu,1.0,0.0
MHS009461,2024,,2.82,2.02,56,22,95,-39,Tepat Waktu,1.0,0.0
MHS009646,2024,,2.93,2.36,54,19,95,-41,Tepat Waktu,1.0,0.0
MHS009717,2024,,2.83,2.83,59,26,95,-36,Tepat Waktu,1.0,0.0
MHS009928,2023,,2.78,2.72,108,44,135,-27,Tepat Waktu,1.0,0.0
MHS010056,2024,,2.84,1.71,55,20,95,-40,Tepat Waktu,1.0,0.0
MHS011670,2023,,2.88,1.93,94,39,135,-41,Tepat Waktu,1.0,0.0
MHS011861,2022,,1.22,1.4,105,42,144,-39,Terlambat,0.0,1.0
MHS012080,2023,,2.94,2.67,102,38,135,-33,Tepat Waktu,1.0,0.0
MHS006655,2024,,2.73,2.4,58,24,95,-37,Tepat Waktu,1.0,0.0
MHS007244,2023,,2.52,2.56,105,41,135,-30,Tepat Waktu,1.0,0.0
MHS008279,2023,,2.67,2.66,107,43,135,-28,Tepat Waktu,1.0,0.0
MHS009754,2023,,2.96,2.96,106,43,135,-29,Tepat Waktu,1.0,0.0
MHS010239,2023,,1.74,2.25,99,40,135,-36,Tepat Waktu,1.0,0.0
MHS010514,2023,,2.97,2.97,104,37,135,-31,Tepat Waktu,1.0,0.0
MHS010534,2023,,2.93,2.6,104,43,135,-31,Tepat Waktu,1.0,0.0
MHS010935,2022,,2.92,2.17,129,60,144,-15,Terlambat,0.0005,0.9995
MHS011157,2024,,2.82,2.08,62,23,95,-33,Tepat Waktu,1.0,0.0
MHS006921,2023,,2.65,2.48,100,37,135,-35,Tepat Waktu,1.0,0.0
MHS006941,2024,,2.71,1.78,57,21,95,-38,Tepat Waktu,1.0,0.0
MHS007506,2024,,2.65,2.32,60,23,95,-35,Tepat Waktu,1.0,0.0
MHS007855,2024,,2.75,2.02,55,22,95,-40,Tepat Waktu,1.0,0.0
MHS007951,2022,,2.85,2.81,141,56,144,-3,Terlambat,0.0053,0.9947
MHS008129,2024,,2.73,2.32,59,22,95,-36,Tepat Waktu,1.0,0.0
MHS008529,2024,,2.75,2.09,59,27,95,-36,Tepat Waktu,1.0,0.0
MHS009574,2024,,2.78,2.01,55,24,95,-40,Tepat Waktu,1.0,0.0
MHS009869,2023,,3.13,3.13,103,43,135,-32,Tepat Waktu,1.0,0.0
MHS010232,2024,,2.9,1.98,57,24,95,-38,Tepat Waktu,1.0,0.0
MHS011220,2024,,2.89,2.1,56,21,95,-39,Tepat Waktu,1.0,0.0
MHS006933,2023,,2.68,2.24,95,38,135,-40,Tepat Waktu,1.0,0.0
MHS007366,2023,,2.89,2.78,105,42,135,-30,Tepat Waktu,1.0,0.0
MHS007718,2023,,2.92,2.92,105,44,135,-30,Tepat Waktu,1.0,0.0
MHS008263,2022,,2.33,1.98,130,50,144,-14,Terlambat,0.0,1.0
MHS008932,2024,,2.8,2.28,60,27,95,-35,Tepat Waktu,1.0,0.0
MHS009022,2022,,3.59,3.56,143,55,144,-1,Tepat Waktu,0.7633,0.2367
MHS009032,2024,,2.85,2.22,58,25,95,-37,Tepat Waktu,1.0,0.0
MHS009129,2021,,2.67,2.66,143,55,144,-1,Terlambat,0.0003,0.9997
MHS009590,2020,,2.85,3.01,163,61,144,19,Tepat Waktu,0.7442,0.2558
MHS010222,2023,,2.89,2.89,102,36,135,-33,Tepat Waktu,1.0,0.0
MHS011184,2022,,3.07,2.45,136,54,144,-8,Terlambat,0.0014,0.9986
MHS006398,2024,,2.67,2.03,57,25,95,-38,Tepat Waktu,1.0,0.0
MHS006510,2023,,2.65,2.06,95,35,135,-40,Tepat Waktu,1.0,0.0
MHS006780,2024,,2.68,1.98,59,27,95,-36,Tepat Waktu,1.0,0.0
MHS007189,2023,,2.65,2.52,104,45,135,-31,Tepat Waktu,1.0,0.0
MHS009582,2023,,2.81,2.76,106,43,135,-29,Tepat Waktu,1.0,0.0
MHS010530,2024,,2.86,2.31,56,21,95,-39,Tepat Waktu,1.0,0.0
MHS010977,2023,,3.13,3.12,108,42,135,-27,Tepat Waktu,1.0,0.0
MHS011641,2023,,2.26,2.45,103,45,135,-32,Tepat Waktu,1.0,0.0
MHS006816,2024,,2.68,2.26,56,22,95,-39,Tepat Waktu,1.0,0.0
MHS006979,2023,,2.81,2.8,101,41,135,-34,Tepat Waktu,1.0,0.0
MHS007722,2023,,2.85,2.85,102,44,135,-33,Tepat Waktu,1.0,0.0
MHS008136,2024,,2.82,2.24,58,24,95,-37,Tepat Waktu,1.0,0.0
MHS011016,2023,,2.92,2.32,99,39,135,-36,Tepat Waktu,1.0,0.0
MHS011162,2024,,2.97,2.56,58,24,95,-37,Tepat Waktu,1.0,0.0
MHS011225,2023,,2.94,2.15,97,38,135,-38,Tepat Waktu,1.0,0.0
MHS011363,2024,,3.08,2.19,61,28,95,-34,Tepat Waktu,1.0,0.0
MHS006190,2023,,2.84,2.03,96,37,135,-39,Tepat Waktu,1.0,0.0
MHS006264,2022,,2.87,2.87,141,53,144,-3,Terlambat,0.0123,0.9877
MHS006789,2022,,2.82,2.85,139,56,144,-5,Terlambat,0.0067,0.9933
MHS008221,2023,,2.76,2.14,74,29,135,-61,Tepat Waktu,1.0,0.0
MHS008940,2024,,2.8,2.57,60,25,95,-35,Tepat Waktu,1.0,0.0
MHS010566,2019,,3.05,2.21,136,51,144,-8,Terlambat,0.0001,0.9999
MHS010651,2020,,3.04,2.33,132,49,144,-12,Terlambat,0.0082,0.9918
MHS011165,2024,,2.86,2.57,59,23,95,-36,Tepat Waktu,1.0,0.0
MHS011300,2023,,2.97,2.8,106,44,135,-29,Tepat Waktu,1.0,0.0
MHS012010,2024,,2.83,2.43,62,23,95,-33,Tepat Waktu,1.0,0.0
MHS012132,2024,,2.92,2.65,59,23,95,-36,Tepat Waktu,1.0,0.0
MHS008160,2022,,2.57,2.43,138,53,144,-6,Terlambat,0.0,1.0
MHS008397,2024,,2.74,2.2,59,27,95,-36,Tepat Waktu,1.0,0.0
MHS010356,2021,,2.4,2.41,142,59,144,-2,Terlambat,0.0,1.0
MHS011399,2020,,2.7,2.58,142,56,144,-2,Terlambat,0.0002,0.9998
MHS011914,2023,,3.01,2.88,105,45,135,-30,Tepat Waktu,1.0,0.0
MHS007132,2024,,2.71,2.46,59,22,95,-36,Tepat Waktu,1.0,0.0
MHS007259,2022,,3.42,3.42,137,52,144,-7,Tepat Waktu,0.9442,0.0558
MHS007453,2023,,2.58,2.58,103,42,135,-32,Tepat Waktu,1.0,0.0
MHS008558,2023,,2.53,2.6,103,42,135,-32,Tepat Waktu,1.0,0.0
MHS008905,2023,,2.57,2.11,91,39,135,-44,Tepat Waktu,1.0,0.0
MHS009051,2023,,2.96,2.84,105,44,135,-30,Tepat Waktu,1.0,0.0
MHS009535,2023,,2.64,2.62,107,43,135,-28,Tepat Waktu,1.0,0.0
MHS009586,2021,,3.03,1.24,136,56,144,-8,Terlambat,0.0,1.0
MHS009874,2020,,2.32,2.32,142,56,144,-2,Terlambat,0.0,1.0
MHS009958,2024,,2.89,2.49,57,22,95,-38,Tepat Waktu,1.0,0.0
MHS010466,2024,,2.96,2.2,58,24,95,-37,Tepat Waktu,1.0,0.0
MHS011555,2021,,2.9,2.68,138,49,144,-6,Terlambat,0.0108,0.9892
MHS012110,2024,,3.45,1.76,48,18,95,-47,Tepat Waktu,1.0,0.0
MHS006494,2023,,2.69,1.84,93,34,135,-42,Tepat Waktu,1.0,0.0
MHS006807,2023,,2.28,2.38,101,44,135,-34,Tepat Waktu,1.0,0.0
MHS006926,2022,,3.38,3.37,141,54,144,-3,Tepat Waktu,0.7611,0.2389
MHS007313,2023,,3.11,2.96,80,32,135,-55,Tepat Waktu,1.0,0.0
MHS007919,2022,,2.88,2.15,128,52,144,-16,Terlambat,0.0006,0.9994
MHS008543,2023,,2.82,2.69,103,42,135,-32,Tepat Waktu,1.0,0.0
MHS008991,2022,,2.59,2.49,140,53,144,-4,Terlambat,0.0,1.0
MHS010158,2023,,2.78,2.43,100,42,135,-35,Tepat Waktu,1.0,0.0
MHS010518,2023,,2.89,2.57,101,42,135,-34,Tepat Waktu,1.0,0.0
MHS010920,2023,,3.14,3.14,108,39,135,-27,Tepat Waktu,1.0,0.0
MHS012177,2024,,3.01,2.26,58,22,95,-37,Tepat Waktu,1.0,0.0
MHS006615,2023,,2.58,2.35,100,37,135,-35,Tepat Waktu,1.0,0.0
MHS007619,2023,,2.68,2.51,104,43,135,-31,Tepat Waktu,1.0,0.0
MHS007901,2024,,2.72,2.61,60,23,95,-35,Tepat Waktu,1.0,0.0
MHS007938,2024,,2.73,2.42,60,23,95,-35,Tepat Waktu,1.0,0.0
MHS008098,2023,,2.71,2.47,99,43,135,-36,Tepat Waktu,1.0,0.0
MHS008219,2024,,2.31,1.5,36,14,95,-59,Tepat Waktu,1.0,0.0
MHS009158,2021,,2.89,2.39,127,48,144,-17,Terlambat,0.1907,0.8093
MHS009884,2024,,2.89,2.32,57,22,95,-38,Tepat Waktu,1.0,0.0
MHS009981,2023,,2.9,2.72,104,37,135,-31,Tepat Waktu,1.0,0.0
MHS010130,2023,,2.66,2.77,108,44,135,-27,Tepat Waktu,1.0,0.0
MHS010317,2021,,3.22,3.23,119,48,144,-25,Tepat Waktu,1.0,0.0
MHS010608,2024,,2.93,2.21,57,22,95,-38,Tepat Waktu,1.0,0.0
MHS011066,2023,,3.08,3.09,107,43,135,-28,Tepat Waktu,1.0,0.0
MHS006169,2023,,2.87,2.87,104,39,135,-31,Tepat Waktu,1.0,0.0
MHS006284,2024,,2.66,2.08,57,25,95,-38,Tepat Waktu,1.0,0.0
MHS007728,2022,,2.57,2.29,138,57,144,-6,Terlambat,0.0,1.0
MHS008247,2023,,2.71,2.68,101,48,135,-34,Tepat Waktu,1.0,0.0
MHS008389,2020,,2.86,2.36,124,47,144,-20,Tepat Waktu,0.5703,0.4297
MHS008532,2024,,0.78,1.73,59,22,95,-36,Tepat Waktu,1.0,0.0
MHS008885,2023,,2.72,2.53,102,38,135,-33,Tepat Waktu,1.0,0.0
MHS009083,2023,,2.97,2.8,105,44,135,-30,Tepat Waktu,1.0,0.0
MHS009419,2021,,2.76,2.44,134,52,144,-10,Terlambat,0.001,0.999
MHS010194,2024,,2.88,2.2,60,23,95,-35,Tepat Waktu,1.0,0.0
MHS010836,2024,,2.88,2.14,56,21,95,-39,Tepat Waktu,1.0,0.0
MHS011676,2023,,2.94,2.09,95,37,135,-40,Tepat Waktu,1.0,0.0
MHS006270,2023,,3.1,3.1,103,40,135,-32,Tepat Waktu,1.0,0.0
MHS006297,2022,,2.5,2.48,133,50,144,-11,Terlambat,0.0002,0.9998
MHS006310,2023,,2.81,2.8,99,43,135,-36,Tepat Waktu,1.0,0.0
MHS007125,2023,,2.71,2.01,98,40,135,-37,Tepat Waktu,1.0,0.0
MHS008755,2023,,2.79,2.79,104,42,135,-31,Tepat Waktu,1.0,0.0
MHS009173,2023,,2.79,2.89,108,47,135,-27,Tepat Waktu,1.0,0.0
MHS009217,2024,,2.86,2.2,57,25,95,-38,Tepat Waktu,1.0,0.0
MHS010505,2021,,2.86,1.6,135,50,144,-9,Terlambat,0.0,1.0
MHS010706,2024,,2.83,2.35,59,26,95,-36,Tepat Waktu,1.0,0.0
MHS010940,2023,,2.33,2.62,103,39,135,-32,Tepat Waktu,1.0,0.0
MHS011152,2023,,2.91,2.24,100,41,135,-35,Tepat Waktu,1.0,0.0
MHS011215,2024,,2.42,0.81,36,13,95,-59,Tepat Waktu,1.0,0.0
MHS011468,2023,,3.01,3.0,106,44,135,-29,Tepat Waktu,1.0,0.0
MHS007687,2023,,2.89,2.9,108,51,135,-27,Tepat Waktu,1.0,0.0
MHS009121,2024,,2.8,2.65,60,27,95,-35,Tepat Waktu,1.0,0.0
MHS010027,2024,,2.94,2.3,58,26,95,-37,Tepat Waktu,1.0,0.0
MHS010208,2023,,2.63,2.68,108,44,135,-27,Tepat Waktu,1.0,0.0
MHS010451,2024,,2.95,2.23,58,24,95,-37,Tepat Waktu,1.0,0.0
MHS010927,2024,,2.85,2.37,59,25,95,-36,Tepat Waktu,1.0,0.0
MHS011093,2022,,3.27,1.6,120,52,144,-24,Terlambat,0.0002,0.9998
MHS007486,2023,,2.82,2.82,104,45,135,-31,Tepat Waktu,1.0,0.0
MHS007564,2024,,2.73,1.67,56,23,95,-39,Tepat Waktu,1.0,0.0
MHS007721,2023,,1.83,2.17,100,43,135,-35,Tepat Waktu,1.0,0.0
MHS009960,2022,,2.52,2.51,141,55,144,-3,Terlambat,0.0,1.0
MHS010091,2020,,2.39,2.38,142,57,144,-2,Terlambat,0.0,1.0
MHS011192,2020,,2.47,2.53,142,57,144,-2,Terlambat,0.0,1.0
MHS007079,2024,,2.71,2.1,59,22,95,-36,Tepat Waktu,1.0,0.0
MHS008297,2023,,2.74,2.52,99,43,135,-36,Tepat Waktu,1.0,0.0
MHS008788,2023,,2.78,2.12,94,37,135,-41,Tepat Waktu,1.0,0.0
MHS008827,2024,,2.78,1.95,60,22,95,-35,Tepat Waktu,1.0,0.0
MHS009160,2024,,2.8,2.71,60,27,95,-35,Tepat Waktu,1.0,0.0
MHS010012,2024,,2.84,2.04,55,23,95,-40,Tepat Waktu,1.0,0.0
MHS010066,2023,,1.78,2.19,99,41,135,-36,Tepat Waktu,1.0,0.0
MHS010382,2023,,2.88,2.75,101,44,135,-34,Tepat Waktu,1.0,0.0
MHS010432,2024,,2.89,2.13,60,23,95,-35,Tepat Waktu,1.0,0.0
MHS010489,2024,,2.96,2.16,58,24,95,-37,Tepat Waktu,1.0,0.0
MHS011510,2024,,2.99,2.21,58,23,95,-37,Tepat Waktu,1.0,0.0
MHS011531,2023,,2.95,2.57,101,38,135,-34,Tepat Waktu,1.0,0.0
MHS011594,2023,,2.96,2.09,97,38,135,-38,Tepat Waktu,1.0,0.0
MHS011828,2024,,2.95,2.4,60,23,95,-35,Tepat Waktu,1.0,0.0
MHS006172,2024,,2.72,1.91,58,22,95,-37,Tepat Waktu,1.0,0.0
MHS006342,2023,,2.49,2.16,93,37,135,-42,Tepat Waktu,1.0,0.0
MHS006350,2024,,2.65,2.64,59,22,95,-36,Tepat Waktu,1.0,0.0
MHS007239,2024,,2.88,2.45,61,28,95,-34,Tepat Waktu,1.0,0.0
MHS007965,2023,,2.64,2.64,107,40,135,-28,Tepat Waktu,1.0,0.0
MHS008070,2023,,2.77,2.05,98,40,135,-37,Tepat Waktu,1.0,0.0
MHS008253,2023,,2.72,2.49,99,43,135,-36,Tepat Waktu,1.0,0.0
MHS008492,2024,,2.83,2.29,58,22,95,-37,Tepat Waktu,1.0,0.0
MHS008795,2023,,2.78,2.7,104,42,135,-31,Tepat Waktu,1.0,0.0
MHS008806,2023,,2.98,2.98,101,48,135,-34,Tepat Waktu,1.0,0.0
MHS008968,2024,,2.83,2.3,57,22,95,-38,Tepat Waktu,1.0,0.0
MHS008981,2023,,2.92,2.92,102,43,135,-33,Tepat Waktu,1.0,0.0
MHS009137,2024,,2.86,1.76,58,21,95,-37,Tepat Waktu,1.0,0.0
MHS009251,2023,,2.61,1.96,91,38,135,-44,Tepat Waktu,1.0,0.0
MHS010895,2023,,2.99,2.99,104,43,135,-31,Tepat Waktu,1.0,0.0
MHS011027,2023,,2.6,2.64,110,42,135,-25,Tepat Waktu,1.0,0.0
MHS011449,2024,,2.96,2.16,57,22,95,-38,Tepat Waktu,1.0,0.0
MHS011472,2023,,2.97,2.98,107,43,135,-28,Tepat Waktu,1.0,0.0
MHS012147,2024,,2.92,2.45,59,23,95,-36,Tepat Waktu,1.0,0.0
MHS007365,2024,,2.7,2.1,56,23,95,-39,Tepat Waktu,1.0,0.0
MHS008010,2022,,2.78,2.71,135,54,144,-9,Terlambat,0.0062,0.9938
MHS008130,2023,,1.8,2.14,100,43,135,-35,Tepat Waktu,0.9999,0.0001
MHS008250,2023,,2.74,2.12,94,37,135,-41,Tepat Waktu,1.0,0.0
MHS008552,2024,,2.78,1.88,56,23,95,-39,Tepat Waktu,1.0,0.0
MHS009162,2023,,2.86,2.42,95,38,135,-40,Tepat Waktu,1.0,0.0
MHS009638,2024,,2.83,2.27,60,25,95,-35,Tepat Waktu,1.0,0.0
MHS009855,2024,,2.86,2.49,60,25,95,-35,Tepat Waktu,1.0,0.0
MHS010528,2024,,2.96,2.11,58,24,95,-37,Tepat Waktu,1.0,0.0
MHS011780,2024,,2.89,2.54,59,23,95,-36,Tepat Waktu,1.0,0.0
MHS006392,2024,,2.61,1.66,56,21,95,-39,Tepat Waktu,1.0,0.0
MHS006974,2024,,2.64,2.47,60,23,95,-35,Tepat Waktu,1.0,0.0
MHS006989,2024,,2.68,1.86,56,22,95,-39,Tepat Waktu,1.0,0.0
MHS007056,2019,,3.35,1.69,170,63,144,26,Terlambat,0.0001,0.9999
MHS007609,2024,,2.78,2.17,58,24,95,-37,Tepat Waktu,1.0,0.0
MHS007699,2023,,2.69,2.56,101,48,135,-34,Tepat Waktu,1.0,0.0
MHS007859,2024,,2.72,1.86,60,23,95,-35,Tepat Waktu,1.0,0.0
MHS008096,2024,,2.76,1.42,56,23,95,-39,Tepat Waktu,1.0,0.0
MHS008234,2024,,2.82,2.12,58,24,95,-37,Tepat Waktu,1.0,0.0
MHS008326,2024,,2.83,2.2,58,25,95,-37,Tepat Waktu,1.0,0.0
MHS008734,2023,,2.8,2.8,104,42,135,-31,Tepat Waktu,1.0,0.0
MHS009141,2022,,3.02,3.03,142,57,144,-2,Terlambat,0.0772,0.9228
MHS010162,2023,,2.81,2.47,94,36,135,-41,Tepat Waktu,1.0,0.0
MHS010292,2024,,2.81,2.4,59,26,95,-36,Tepat Waktu,1.0,0.0
MHS010327,2023,,2.94,2.69,106,44,135,-29,Tepat Waktu,1.0,0.0
MHS010692,2023,,2.57,2.69,107,43,135,-28,Tepat Waktu,1.0,0.0
MHS010974,2023,,3.09,3.09,106,38,135,-29,Tepat Waktu,1.0,0.0
MHS012125,2023,,3.02,2.97,105,45,135,-30,Tepat Waktu,1.0,0.0
MHS012227,2023,,2.94,2.55,102,38,135,-33,Tepat Waktu,1.0,0.0
MHS006177,2023,,2.67,2.41,97,39,135,-38,Tepat Waktu,1.0,0.0
MHS007725,2023,,2.82,2.86,106,40,135,-29,Tepat Waktu,1.0,0.0
MHS007977,2024,,2.78,2.15,57,22,95,-38,Tepat Waktu,1.0,0.0
MHS007992,2024,,2.76,1.89,56,21,95,-39,Tepat Waktu,1.0,0.0
MHS008154,2022,,3.25,1.89,117,44,144,-27,Tepat Waktu,0.9128,0.0872
MHS008648,2022,,2.67,2.69,138,54,144,-6,Terlambat,0.0006,0.9994
MHS008965,2020,,2.95,2.34,164,65,144,20,Terlambat,0.03,0.97
MHS009375,2021,,2.73,1.71,123,48,144,-21,Terlambat,0.0,1.0
MHS010247,2024,,2.85,2.19,56,21,95,-39,Tepat Waktu,1.0,0.0
MHS010678,2024,,2.83,2.62,59,26,95,-36,Tepat Waktu,1.0,0.0
MHS011595,2023,,2.98,2.58,104,40,135,-31,Tepat Waktu,1.0,0.0
MHS011757,2021,,2.79,2.2,139,53,144,-5,Terlambat,0.0,1.0
MHS006390,2022,,3.03,1.8,118,43,144,-26,Terlambat,0.3064,0.6936
MHS006854,2023,,2.59,2.54,101,41,135,-34,Tepat Waktu,1.0,0.0
MHS006878,2024,,2.68,1.64,56,22,95,-39,Tepat Waktu,1.0,0.0
MHS007312,2024,,2.77,1.88,58,24,95,-37,Tepat Waktu,1.0,0.0
MHS008456,2023,,3.1,3.08,112,52,135,-23,Tepat Waktu,1.0,0.0
MHS009056,2024,,2.86,2.2,58,25,95,-37,Tepat Waktu,1.0,0.0
MHS009165,2023,,2.19,2.32,101,38,135,-34,Tepat Waktu,1.0,0.0
MHS010070,2020,,2.98,1.31,116,46,144,-28,Terlambat,0.0,1.0
MHS010799,2023,,2.74,2.74,109,44,135,-26,Tepat Waktu,1.0,0.0
MHS010825,2021,,2.95,2.2,140,60,144,-4,Terlambat,0.0,1.0
MHS011689,2024,,3.0,2.33,58,24,95,-37,Tepat Waktu,1.0,0.0
MHS011896,2023,,2.67,2.76,109,44,135,-26,Tepat Waktu,1.0,0.0
MHS007216,2023,,2.93,2.93,108,51,135,-27,Tepat Waktu,1.0,0.0
MHS007284,2024,,2.82,2.4,54,19,95,-41,Tepat Waktu,1.0,0.0
MHS007368,2023,,2.58,2.61,103,45,135,-32,Tepat Waktu,1.0,0.0
MHS007606,2024,,2.72,2.1,59,22,95,-36,Tepat Waktu,1.0,0.0
MHS007673,2023,,2.68,2.66,101,48,135,-34,Tepat Waktu,1.0,0.0
MHS008632,2024,,2.78,1.94,56,23,95,-39,Tepat Waktu,1.0,0.0
MHS010442,2023,,2.39,2.39,105,40,135,-30,Tepat Waktu,1.0,0.0
MHS010752,2020,,2.32,1.9,142,58,144,-2,Terlambat,0.0,1.0
MHS011020,2023,,3.02,2.88,108,42,135,-27,Tepat Waktu,1.0,0.0
MHS011586,2023,,2.94,2.64,103,46,135,-32,Tepat Waktu,1.0,0.0
MHS011942,2024,,2.91,2.35,59,23,95,-36,Tepat Waktu,1.0,0.0
MHS012233,2024,,2.96,2.12,60,23,95,-35,Tepat Waktu,1.0,0.0
MHS006556,2024,,2.67,2.45,57,23,95,-38,Tepat Waktu,1.0,0.0
MHS006694,2021,,2.93,1.98,132,46,144,-12,Terlambat,0.0,1.0
MHS006800,2023,,2.76,2.74,101,41,135,-34,Tepat Waktu,1.0,0.0
MHS007897,2023,,2.72,2.59,104,39,135,-31,Tepat Waktu,1.0,0.0
MHS009218,2023,,2.83,2.34,98,37,135,-37,Tepat Waktu,1.0,0.0
MHS009344,2024,,2.86,2.23,57,25,95,-38,Tepat Waktu,1.0,0.0
MHS009374,2023,,2.81,2.71,106,45,135,-29,Tepat Waktu,1.0,0.0
MHS009672,2024,,2.94,2.55,54,19,95,-41,Tepat Waktu,1.0,0.0
MHS011077,2024,,2.89,2.41,56,21,95,-39,Tepat Waktu,1.0,0.0
MHS006899,2024,,2.75,2.01,58,24,95,-37,Tepat Waktu,1.0,0.0
MHS007590,2022,,3.7,3.71,141,54,144,-3,Tepat Waktu,0.8963,0.1037
MHS007803,2023,,2.78,2.78,106,43,135,-29,Tepat Waktu,1.0,0.0
MHS009261,2024,,2.81,2.53,60,26,95,-35,Tepat Waktu,1.0,0.0
MHS010286,2023,,3.07,3.06,105,40,135,-30,Tepat Waktu,1.0,0.0
MHS010734,2023,,2.84,1.91,94,37,135,-41,Tepat Waktu,1.0,0.0
MHS011033,2023,,2.87,2.77,102,41,135,-33,Tepat Waktu,1.0,0.0
MHS011515,2024,,2.96,2.71,57,22,95,-38,Tepat Waktu,1.0,0.0
MHS006212,2023,,3.16,3.16,103,40,135,-32,Tepat Waktu,1.0,0.0
MHS006645,2024,,2.83,2.4,61,28,95,-34,Tepat Waktu,1.0,0.0
MHS006892,2022,,2.83,2.8,141,52,144,-3,Terlambat,0.0055,0.9945
MHS008305,2024,,2.81,2.23,57,22,95,-38,Tepat Waktu,1.0,0.0
MHS008511,2023,,2.07,2.31,102,44,135,-33,Tepat Waktu,1.0,0.0
MHS008672,2023,,2.75,2.82,109,40,135,-26,Tepat Waktu,1.0,0.0
MHS009031,2024,,2.85,2.24,58,25,95,-37,Tepat Waktu,1.0,0.0
MHS009066,2023,,2.82,2.52,99,43,135,-36,Tepat Waktu,1.0,0.0
MHS009234,2024,,2.9,2.43,54,19,95,-41,Tepat Waktu,1.0,0.0
MHS011366,2020,,2.83,1.19,115,49,144,-29,Terlambat,0.0,1.0
MHS011401,2023,,2.96,2.16,97,38,135,-38,Tepat Waktu,1.0,0.0
MHS011858,2022,,2.82,2.87,142,55,144,-2,Terlambat,0.0039,0.9961
MHS006206,2023,,2.58,2.09,95,38,135,-40,Tepat Waktu,1.0,0.0
MHS007299,2023,,2.64,2.64,102,38,135,-33,Tepat Waktu,1.0,0.0
MHS007824,2023,,2.55,2.31,91,37,135,-44,Tepat Waktu,1.0,0.0
MHS008018,2024,,2.73,2.23,59,22,95,-36,Tepat Waktu,1.0,0.0
MHS008286,2024,,2.83,2.41,58,22,95,-37,Tepat Waktu,1.0,0.0
MHS009071,2022,,2.81,2.81,143,54,144,-1,Terlambat,0.0029,0.9971
MHS009117,2023,,2.83,2.86,108,43,135,-27,Tepat Waktu,1.0,0.0
MHS010733,2024,,2.9,2.6,60,23,95,-35,Tepat Waktu,1.0,0.0
MHS011707,2024,,2.97,2.32,57,22,95,-38,Tepat Waktu,1.0,0.0
MHS006155,2024,,2.57,1.89,62,23,95,-33,Tepat Waktu,1.0,0.0
MHS006321,2023,,3.08,3.08,103,40,135,-32,Tepat Waktu,1.0,0.0
MHS007129,2024,,2.68,1.54,56,23,95,-39,Tepat Waktu,1.0,0.0
MHS007487,2024,,2.72,1.96,56,23,95,-39,Tepat Waktu,1.0,0.0
MHS007740,2024,,2.79,2.13,58,24,95,-37,Tepat Waktu,1.0,0.0
MHS008494,2023,,2.77,2.61,104,42,135,-31,Tepat Waktu,1.0,0.0
MHS008854,2023,,2.79,2.68,104,42,135,-31,Tepat Waktu,1.0,0.0
MHS009069,2023,,2.39,2.48,103,37,135,-32,Tepat Waktu,1.0,0.0
MHS009761,2024,,2.97,2.46,54,19,95,-41,Tepat Waktu,1.0,0.0
MHS010878,2023,,1.94,2.17,101,36,135,-34,Tepat Waktu,1.0,0.0
MHS010890,2024,,2.94,2.48,57,22,95,-38,Tepat Waktu,1.0,0.0
MHS011634,2022,,3.12,2.25,67,27,144,-77,Tepat Waktu,1.0,0.0
MHS011695,2022,,3.14,2.43,136,53,144,-8,Terlambat,0.0017,0.9983
MHS006236,2023,,2.66,2.5,76,28,135,-59,Tepat Waktu,1.0,0.0
MHS007448,2024,,2.71,1.85,56,22,95,-39,Tepat Waktu,1.0,0.0
MHS008229,2023,,2.73,2.44,100,40,135,-35,Tepat Waktu,1.0,0.0
MHS008615,2022,,3.18,1.95,120,49,144,-24,Terlambat,0.2291,0.7709
MHS009015,2023,,2.67,2.69,107,42,135,-28,Tepat Waktu,1.0,0.0
MHS009680,2022,,3.23,2.44,120,51,144,-24,Tepat Waktu,0.9974,0.0026
MHS010177,2024,,2.94,2.22,58,24,95,-37,Tepat Waktu,1.0,0.0
MHS010597,2024,,2.83,2.5,59,26,95,-36,Tepat Waktu,1.0,0.0
MHS007018,2024,,2.7,2.48,59,22,95,-36,Tepat Waktu,1.0,0.0
MHS008108,2024,,2.87,2.41,54,19,95,-41,Tepat Waktu,1.0,0.0
MHS008830,2023,,2.72,2.72,107,43,135,-28,Tepat Waktu,1.0,0.0
MHS009278,2023,,3.04,2.02,96,38,135,-39,Tepat Waktu,1.0,0.0
MHS009315,2023,,2.94,2.94,103,43,135,-32,Tepat Waktu,1.0,0.0
MHS009465,2024,,3.02,2.14,61,28,95,-34,Tepat Waktu,1.0,0.0
MHS009932,2021,,2.99,2.05,132,54,144,-12,Terlambat,0.0,1.0
MHS010551,2024,,2.86,2.16,56,21,95,-39,Tepat Waktu,1.0,0.0
MHS011270,2023,,2.79,2.24,92,31,135,-43,Tepat Waktu,1.0,0.0
MHS011545,2023,,3.02,2.99,108,42,135,-27,Tepat Waktu,1.0,0.0
MHS012257,2023,,2.91,1.79,94,39,135,-41,Tepat Waktu,1.0,0.0
MHS006160,2023,,2.57,2.66,105,43,135,-30,Tepat Waktu,1.0,0.0
MHS007055,2023,,2.64,2.62,104,45,135,-31,Tepat Waktu,1.0,0.0
MHS007225,2024,,1.06,1.82,59,22,95,-36,Tepat Waktu,1.0,0.0
MHS008225,2023,,2.91,2.9,105,44,135,-30,Tepat Waktu,1.0,0.0
MHS008636,2023,,2.75,2.43,97,42,135,-38,Tepat Waktu,1.0,0.0
MHS009322,2022,,2.56,2.29,131,53,144,-13,Terlambat,0.0001,0.9999
MHS009584,2023,,2.98,2.98,104,37,135,-31,Tepat Waktu,1.0,0.0
MHS009634,2023,,2.32,1.77,75,31,135,-60,Tepat Waktu,1.0,0.0
MHS010122,2024,,2.94,2.4,58,24,95,-37,Tepat Waktu,1.0,0.0
MHS010325,2024,,2.77,2.33,62,23,95,-33,Tepat Waktu,1.0,0.0
MHS010615,2024,,2.86,2.28,56,21,95,-39,Tepat Waktu,1.0,0.0
MHS010686,2023,,2.89,2.07,95,43,135,-40,Tepat Waktu,1.0,0.0
MHS011107,2024,,2.78,2.07,62,23,95,-33,Tepat Waktu,1.0,0.0
MHS011915,2020,,2.77,2.77,143,55,144,-1,Terlambat,0.0021,0.9979
MHS012173,2021,,3.31,3.31,141,55,144,-3,Tepat Waktu,0.7391,0.2609
MHS006792,2024,,2.68,2.04,59,22,95,-36,Tepat Waktu,1.0,0.0
MHS007029,2024,,2.7,2.32,59,22,95,-36,Tepat Waktu,1.0,0.0
MHS007323,2024,,2.59,1.93,62,23,95,-33,Tepat Waktu,1.0,0.0
MHS008324,2023,,2.88,2.88,101,48,135,-34,Tepat Waktu,1.0,0.0
MHS008870,2024,,2.79,1.93,56,23,95,-39,Tepat Waktu,1.0,0.0
MHS008918,2024,,2.8,2.14,56,23,95,-39,Tepat Waktu,1.0,0.0
MHS009462,2023,,2.35,2.48,103,43,135,-32,Tepat Waktu,1.0,0.0
MHS009628,2024,,2.91,2.07,58,24,95,-37,Tepat Waktu,1.0,0.0
MHS011166,2019,,2.96,2.57,140,56,144,-4,Terlambat,0.0009,0.9991
MHS012141,2024,,2.92,2.76,59,23,95,-36,Tepat Waktu,1.0,0.0
MHS006927,2022,,2.61,2.59,142,59,144,-2,Terlambat,0.0,1.0
MHS007402,2024,,2.64,2.29,60,23,95,-35,Tepat Waktu,1.0,0.0
MHS007857,2024,,2.79,2.12,58,24,95,-37,Tepat Waktu,1.0,0.0
MHS008599,2024,,2.82,2.28,57,22,95,-38,Tepat Waktu,1.0,0.0
MHS008700,2023,,2.78,2.69,101,48,135,-34,Tepat Waktu,1.0,0.0
MHS008926,2023,,2.81,2.54,104,43,135,-31,Tepat Waktu,1.0,0.0
MHS009135,2023,,1.92,2.27,102,43,135,-33,Tepat Waktu,0.9999,0.0001
MHS009762,2022,,2.9,2.48,133,50,144,-11,Terlambat,0.0075,0.9925
MHS009943,2022,,2.46,2.48,139,55,144,-5,Terlambat,0.0,1.0
MHS010676,2024,,2.9,2.29,60,23,95,-35,Tepat Waktu,1.0,0.0
MHS011127,2024,,2.97,2.41,58,24,95,-37,Tepat Waktu,1.0,0.0
MHS011613,2022,,2.74,2.76,142,55,144,-2,Terlambat,0.0011,0.9989
MHS011806,2024,,3.06,3.06,36,14,95,-59,Tepat Waktu,1.0,0.0
MHS011938,2024,,2.91,2.79,59,23,95,-36,Tepat Waktu,1.0,0.0
MHS006191,2023,,2.52,2.54,107,41,135,-28,Tepat Waktu,1.0,0.0
MHS006407,2024,,2.61,1.93,56,22,95,-39,Tepat Waktu,1.0,0.0
MHS007104,2023,,2.78,2.78,102,38,135,-33,Tepat Waktu,1.0,0.0
MHS007131,2024,,2.76,2.25,58,24,95,-37,Tepat Waktu,1.0,0.0
MHS007870,2024,,2.73,2.73,59,22,95,-36,Tepat Waktu,1.0,0.0
MHS008443,2023,,2.78,2.52,99,43,135,-36,Tepat Waktu,1.0,0.0
MHS009474,2021,,2.84,1.44,116,45,144,-28,Terlambat,0.0002,0.9998
MHS009852,2024,,2.89,2.07,57,24,95,-38,Tepat Waktu,1.0,0.0
MHS010447,2023,,2.82,2.31,100,38,135,-35,Tepat Waktu,1.0,0.0
MHS010740,2023,,2.6,2.76,108,44,135,-27,Tepat Waktu,1.0,0.0
MHS010781,2024,,2.83,2.23,59,26,95,-36,Tepat Waktu,1.0,0.0
MHS011935,2023,,3.06,2.92,106,44,135,-29,Tepat Waktu,1.0,0.0
MHS012175,2023,,3.01,2.73,104,41,135,-31,Tepat Waktu,1.0,0.0
MHS006804,2024,,2.67,1.91,56,22,95,-39,Tepat Waktu,1.0,0.0
MHS008356,2023,,2.7,1.07,88,36,135,-47,Tepat Waktu,1.0,0.0
MHS009179,2024,,2.81,2.22,56,22,95,-39,Tepat Waktu,1.0,0.0
MHS009204,2023,,3.02,2.14,96,39,135,-39,Tepat Waktu,1.0,0.0
MHS009391,2021,,2.47,2.47,143,58,144,-1,Terlambat,0.0,1.0
MHS009890,2023,,2.85,2.86,107,43,135,-28,Tepat Waktu,1.0,0.0
MHS010937,2024,,2.91,2.6,60,23,95,-35,Tepat Waktu,1.0,0.0
MHS006240,2023,,2.97,2.97,102,38,135,-33,Tepat Waktu,1.0,0.0
MHS007149,2024,,2.76,2.31,58,24,95,-37,Tepat Waktu,1.0,0.0
MHS008133,2023,,2.74,2.69,106,43,135,-29,Tepat Waktu,1.0,0.0
MHS009167,2024,,2.8,2.23,56,22,95,-39,Tepat Waktu,1.0,0.0
MHS009220,2023,,2.82,2.56,104,43,135,-31,Tepat Waktu,1.0,0.0
MHS011080,2023,,2.9,2.24,97,38,135,-38,Tepat Waktu,1.0,0.0
MHS011193,2024,,2.92,1.78,55,21,95,-40,Tepat Waktu,1.0,0.0
MHS011196,2021,,3.1,3.08,138,54,144,-6,Terlambat,0.453,0.547
MHS011223,2023,,2.93,2.93,107,43,135,-28,Tepat Waktu,1.0,0.0
MHS006451,2024,,2.72,2.22,58,23,95,-37,Tepat Waktu,1.0,0.0
MHS007473,2024,,2.78,2.06,58,24,95,-37,Tepat Waktu,1.0,0.0
MHS007884,2024,,2.75,1.48,56,21,95,-39,Tepat Waktu,1.0,0.0
MHS008380,2024,,2.78,1.87,60,22,95,-35,Tepat Waktu,1.0,0.0
MHS008840,2024,,2.89,2.68,54,19,95,-41,Tepat Waktu,1.0,0.0
MHS008928,2024,,2.85,2.64,58,22,95,-37,Tepat Waktu,1.0,0.0
MHS009101,2023,,2.81,2.59,104,43,135,-31,Tepat Waktu,1.0,0.0
MHS009983,2023,,2.83,1.52,84,35,135,-51,Tepat Waktu,1.0,0.0
MHS010881,2024,,2.88,2.53,56,21,95,-39,Tepat Waktu,1.0,0.0
MHS011028,2024,,2.94,2.03,57,22,95,-38,Tepat Waktu,1.0,0.0
MHS011345,2024,,2.99,2.19,58,24,95,-37,Tepat Waktu,1.0,0.0
MHS011573,2023,,2.93,2.17,95,37,135,-40,Tepat Waktu,1.0,0.0
MHS011663,2024,,2.9,2.21,56,24,95,-39,Tepat Waktu,1.0,0.0
MHS006747,2022,,3.5,3.49,143,55,144,-1,Tepat Waktu,0.7925,0.2075
MHS006749,2024,,2.67,2.14,59,27,95,-36,Tepat Waktu,1.0,0.0
MHS006895,2023,,2.68,2.16,95,38,135,-40,Tepat Waktu,1.0,0.0
MHS007233,2023,,2.14,2.27,102,39,135,-33,Tepat Waktu,1.0,0.0
MHS007930,2024,,2.8,2.34,58,24,95,-37,Tepat Waktu,1.0,0.0
MHS009368,2024,,2.81,2.33,56,22,95,-39,Tepat Waktu,1.0,0.0
MHS009496,2023,,2.89,2.8,104,43,135,-31,Tepat Waktu,1.0,0.0
MHS009788,2024,,2.83,2.36,56,21,95,-39,Tepat Waktu,1.0,0.0
MHS009860,2024,,3.01,2.2,54,19,95,-41,Tepat Waktu,1.0,0.0
MHS010457,2023,,2.89,2.72,101,42,135,-34,Tepat Waktu,1.0,0.0
MHS011382,2019,,2.86,2.25,138,54,144,-6,Terlambat,0.0,1.0
MHS006586,2022,,2.66,2.66,138,55,144,-6,Terlambat,0.0004,0.9996
MHS008013,2023,,3.19,3.19,105,44,135,-30,Tepat Waktu,1.0,0.0
MHS008065,2023,,2.78,1.95,95,38,135,-40,Tepat Waktu,1.0,0.0
MHS008089,2019,,2.72,1.96,169,67,144,25,Terlambat,0.0004,0.9996
MHS008411,2023,,2.97,2.97,105,44,135,-30,Tepat Waktu,1.0,0.0
MHS008631,2023,,3.05,3.05,106,43,135,-29,Tepat Waktu,1.0,0.0
MHS008742,2023,,2.76,2.17,97,38,135,-38,Tepat Waktu,1.0,0.0
MHS008759,2024,,2.78,2.04,60,22,95,-35,Tepat Waktu,1.0,0.0
MHS010904,2024,,2.91,2.16,60,23,95,-35,Tepat Waktu,1.0,0.0
MHS012121,2023,,2.93,2.3,98,37,135,-37,Tepat Waktu,1.0,0.0
MHS012164,2024,,2.92,1.54,56,24,95,-39,Tepat Waktu,1.0,0.0
MHS007871,2024,,2.79,2.2,58,24,95,-37,Tepat Waktu,1.0,0.0
MHS007908,2022,,2.83,2.16,87,34,144,-57,Tepat Waktu,1.0,0.0
MHS008446,2024,,2.65,2.21,62,23,95,-33,Tepat Waktu,1.0,0.0
MHS009967,2021,,2.8,1.87,134,52,144,-10,Terlambat,0.0,1.0
MHS010165,2023,,2.65,2.66,107,43,135,-28,Tepat Waktu,1.0,0.0
MHS006650,2023,,2.56,2.53,106,46,135,-29,Tepat Waktu,1.0,0.0
MHS006782,2024,,2.62,2.14,60,23,95,-35,Tepat Waktu,1.0,0.0
MHS008218,2024,,2.88,2.69,54,19,95,-41,Tepat Waktu,1.0,0.0
MHS009133,2024,,2.85,2.41,57,22,95,-38,Tepat Waktu,1.0,0.0
MHS009156,2022,,2.96,2.05,128,52,144,-16,Terlambat,0.0002,0.9998
MHS009770,2023,,2.86,2.2,98,41,135,-37,Tepat Waktu,1.0,0.0
MHS009807,2023,,2.85,2.09,93,37,135,-42,Tepat Waktu,1.0,0.0
MHS006532,2024,,2.72,2.15,61,28,95,-34,Tepat Waktu,1.0,0.0
MHS007529,2023,,2.81,2.81,103,45,135,-32,Tepat Waktu,1.0,0.0
MHS007851,2020,,2.93,1.93,120,49,144,-24,Terlambat,0.0472,0.9528
MHS008029,2024,,2.81,2.29,58,24,95,-37,Tepat Waktu,1.0,0.0
MHS008931,2023,,2.72,2.51,102,41,135,-33,Tepat Waktu,1.0,0.0
MHS009004,2024,,2.83,1.99,57,22,95,-38,Tepat Waktu,1.0,0.0
MHS009235,2023,,2.98,2.93,105,44,135,-30,Tepat Waktu,1.0,0.0
MHS009360,2023,,2.87,1.87,95,42,135,-40,Tepat Waktu,1.0,0.0
MHS009506,2023,,1.89,2.25,99,39,135,-36,Tepat Waktu,1.0,0.0
MHS011804,2023,,2.39,2.61,106,44,135,-29,Tepat Waktu,1.0,0.0
MHS012277,2023,,2.93,2.19,94,36,135,-41,Tepat Waktu,1.0,0.0
MHS006435,2023,,2.75,2.76,99,43,135,-36,Tepat Waktu,1.0,0.0
MHS006551,2023,,2.64,2.64,99,43,135,-36,Tepat Waktu,1.0,0.0
MHS007186,2023,,2.69,2.69,102,44,135,-33,Tepat Waktu,1.0,0.0
MHS007646,2023,,2.72,2.14,93,37,135,-42,Tepat Waktu,1.0,0.0
MHS008073,2022,,2.94,2.29,128,53,144,-16,Terlambat,0.0103,0.9897
MHS008381,2023,,2.92,1.42,87,35,135,-48,Tepat Waktu,1.0,0.0
MHS008724,2023,,2.45,2.43,103,45,135,-32,Tepat Waktu,1.0,0.0
MHS010050,2023,,2.47,2.72,105,47,135,-30,Tepat Waktu,1.0,0.0
MHS010154,2021,,2.27,1.92,142,52,144,-2,Terlambat,0.0,1.0
MHS010554,2024,,2.78,2.27,62,23,95,-33,Tepat Waktu,1.0,0.0
MHS012237,2020,,2.47,2.19,125,51,144,-19,Terlambat,0.0007,0.9993
MHS006254,2022,,2.87,2.3,137,51,144,-7,Terlambat,0.0001,0.9999
MHS010137,2024,,2.88,2.61,60,23,95,-35,Tepat Waktu,1.0,0.0
MHS011110,2022,,2.53,1.69,126,57,144,-18,Terlambat,0.0,1.0
MHS011400,2024,,2.94,2.09,60,23,95,-35,Tepat Waktu,1.0,0.0
MHS012137,2024,,2.92,2.34,59,23,95,-36,Tepat Waktu,1.0,0.0
MHS006507,2024,,2.6,2.45,60,23,95,-35,Tepat Waktu,1.0,0.0
MHS006525,2022,,2.53,2.53,141,53,144,-3,Terlambat,0.0,1.0
MHS006558,2024,,2.63,1.96,56,22,95,-39,Tepat Waktu,1.0,0.0
MHS007062,2023,,2.74,2.73,108,51,135,-27,Tepat Waktu,1.0,0.0
MHS007498,2023,,2.82,2.84,106,40,135,-29,Tepat Waktu,1.0,0.0
MHS007677,2024,,2.77,2.12,57,22,95,-38,Tepat Waktu,1.0,0.0
MHS009023,2022,,2.47,2.52,139,51,144,-5,Terlambat,0.0,1.0
MHS011094,2024,,2.97,2.49,58,24,95,-37,Tepat Waktu,1.0,0.0
MHS007165,2022,,2.13,2.2,133,52,144,-11,Terlambat,0.0,1.0
MHS007624,2022,,3.12,3.13,141,57,144,-3,Terlambat,0.2554,0.7446
MHS008460,2023,,2.74,2.64,104,42,135,-31,Tepat Waktu,1.0,0.0
MHS009093,2021,,2.55,1.51,123,48,144,-21,Terlambat,0.0,1.0
MHS009250,2021,,3.66,3.88,40,15,144,-104,Tepat Waktu,1.0,0.0
MHS009738,2022,,2.51,2.53,142,54,144,-2,Terlambat,0.0,1.0
MHS009865,2024,,2.83,2.0,56,21,95,-39,Tepat Waktu,1.0,0.0
MHS011188,2023,,1.61,2.19,99,44,135,-36,Tepat Waktu,0.9997,0.0003
MHS011432,2024,,2.95,2.56,57,22,95,-38,Tepat Waktu,1.0,0.0
MHS012102,2022,,2.74,2.75,142,58,144,-2,Terlambat,0.0011,0.9989
MHS006914,2023,,2.65,2.66,100,43,135,-35,Tepat Waktu,1.0,0.0
MHS007342,2023,,2.86,2.86,108,51,135,-27,Tepat Waktu,1.0,0.0
MHS007858,2024,,2.72,2.51,60,23,95,-35,Tepat Waktu,1.0,0.0
MHS008236,2023,,2.74,2.21,94,38,135,-41,Tepat Waktu,1.0,0.0
MHS008402,2023,,2.78,1.96,94,39,135,-41,Tepat Waktu,1.0,0.0
MHS010585,2024,,2.96,2.55,58,24,95,-37,Tepat Waktu,1.0,0.0
MHS011418,2024,,2.99,2.19,58,24,95,-37,Tepat Waktu,1.0,0.0
MHS011551,2022,,3.14,2.34,133,58,144,-11,Terlambat,0.0018,0.9982
MHS011796,2024,,2.9,2.67,59,23,95,-36,Tepat Waktu,1.0,0.0
MHS006406,2022,,2.92,2.33,76,29,144,-68,Tepat Waktu,1.0,0.0
MHS008208,2024,,2.79,2.28,57,22,95,-38,Tepat Waktu,1.0,0.0
MHS009562,2024,,2.91,2.03,58,21,95,-37,Tepat Waktu,1.0,0.0
MHS009820,2023,,2.9,1.85,93,40,135,-42,Tepat Waktu,1.0,0.0
MHS010295,2023,,3.02,2.95,108,44,135,-27,Tepat Waktu,1.0,0.0
MHS011485,2021,,3.43,3.12,40,15,144,-104,Tepat Waktu,1.0,0.0
MHS011602,2024,,2.96,2.35,57,22,95,-38,Tepat Waktu,1.0,0.0
MHS011959,2023,,2.96,2.49,101,45,135,-34,Tepat Waktu,1.0,0.0
MHS007620,2022,,2.74,2.73,141,59,144,-3,Terlambat,0.0011,0.9989
MHS007662,2023,,2.67,2.64,101,48,135,-34,Tepat Waktu,1.0,0.0
MHS007712,2023,,2.78,2.78,102,44,135,-33,Tepat Waktu,1.0,0.0
MHS008091,2023,,2.29,2.42,104,39,135,-31,Tepat Waktu,1.0,0.0
MHS009227,2024,,2.87,2.46,58,25,95,-37,Tepat Waktu,1.0,0.0
MHS009940,2023,,2.89,2.36,99,41,135,-36,Tepat Waktu,1.0,0.0
MHS011217,2023,,2.93,2.79,99,42,135,-36,Tepat Waktu,1.0,0.0
MHS012117,2023,,3.06,2.72,106,44,135,-29,Tepat Waktu,1.0,0.0
MHS006302,2022,,2.64,2.67,140,58,144,-4,Terlambat,0.0003,0.9997
MHS006495,2024,,2.73,2.34,58,24,95,-37,Tepat Waktu,1.0,0.0
MHS006591,2024,,2.58,2.1,62,23,95,-33,Tepat Waktu,1.0,0.0
MHS011247,2023,,2.42,2.69,106,44,135,-29,Tepat Waktu,1.0,0.0
MHS006242,2023,,2.86,2.76,96,37,135,-39,Tepat Waktu,1.0,0.0
MHS007489,2024,,2.74,1.39,57,21,95,-38,Tepat Waktu,1.0,0.0
MHS008006,2024,,2.81,2.81,59,22,95,-36,Tepat Waktu,1.0,0.0
MHS008014,2024,,2.75,2.46,60,23,95,-35,Tepat Waktu,1.0,0.0
MHS008211,2023,,2.67,2.65,102,44,135,-33,Tepat Waktu,1.0,0.0
MHS008212,2023,,2.72,2.73,102,44,135,-33,Tepat Waktu,1.0,0.0
MHS011011,2024,,2.92,2.55,60,23,95,-35,Tepat Waktu,1.0,0.0
MHS011260,2019,,3.12,2.53,133,52,144,-11,Terlambat,0.0462,0.9538
MHS011694,2023,,2.99,2.08,95,37,135,-40,Tepat Waktu,1.0,0.0
MHS012119,2023,,2.97,1.96,93,37,135,-42,Tepat Waktu,1.0,0.0
MHS006929,2023,,2.83,2.77,105,41,135,-30,Tepat Waktu,1.0,0.0
MHS007561,2024,,2.72,2.62,59,22,95,-36,Tepat Waktu,1.0,0.0
MHS007953,2023,,2.94,2.96,108,51,135,-27,Tepat Waktu,1.0,0.0
MHS008071,2023,,2.58,2.59,107,43,135,-28,Tepat Waktu,1.0,0.0
MHS009806,2023,,2.75,2.71,107,43,135,-28,Tepat Waktu,1.0,0.0
MHS010173,2023,,2.83,1.06,94,37,135,-41,Tepat Waktu,1.0,0.0
MHS011208,2023,,2.43,2.68,106,44,135,-29,Tepat Waktu,1.0,0.0
MHS011412,2024,,2.94,2.62,60,22,95,-35,Tepat Waktu,1.0,0.0
MHS011887,2024,,2.9,2.48,59,23,95,-36,Tepat Waktu,1.0,0.0
MHS006261,2024,,2.65,2.17,59,22,95,-36,Tepat Waktu,1.0,0.0
MHS006428,2023,,2.73,2.73,103,42,135,-32,Tepat Waktu,1.0,0.0
MHS009113,2023,,2.76,2.76,102,43,135,-33,Tepat Waktu,1.0,0.0
MHS009359,2024,,2.83,2.68,60,26,95,-35,Tepat Waktu,1.0,0.0
MHS009597,2023,,2.8,2.41,102,43,135,-33,Tepat Waktu,1.0,0.0
MHS011044,2024,,2.9,2.62,55,22,95,-40,Tepat Waktu,1.0,0.0
MHS011105,2024,,2.97,2.45,58,24,95,-37,Tepat Waktu,1.0,0.0
MHS011416,2023,,2.25,2.55,104,43,135,-31,Tepat Waktu,1.0,0.0
MHS006971,2024,,2.71,2.53,57,23,95,-38,Tepat Waktu,1.0,0.0
MHS007683,2022,,3.64,3.63,142,54,144,-2,Tepat Waktu,0.8721,0.1279
MHS008598,2023,,2.78,2.5,99,43,135,-36,Tepat Waktu,1.0,0.0
MHS008730,2023,,2.77,2.38,100,42,135,-35,Tepat Waktu,1.0,0.0
MHS009308,2023,,2.8,2.38,102,42,135,-33,Tepat Waktu,1.0,0.0
MHS009801,2024,,2.87,2.87,59,26,95,-36,Tepat Waktu,1.0,0.0
MHS010198,2023,,2.94,2.88,106,43,135,-29,Tepat Waktu,1.0,0.0
MHS010947,2021,,2.38,2.47,141,56,144,-3,Terlambat,0.0,1.0
MHS011440,2023,,2.96,2.15,97,38,135,-38,Tepat Waktu,1.0,0.0
MHS012027,2023,,2.17,2.54,104,40,135,-31,Tepat Waktu,1.0,0.0
MHS006162,2022,,2.86,2.87,123,50,144,-21,Tepat Waktu,0.998,0.002
MHS006682,2023,,2.81,2.77,105,44,135,-30,Tepat Waktu,1.0,0.0
MHS007512,2023,,2.89,2.85,105,42,135,-30,Tepat Waktu,1.0,0.0
MHS007949,2024,,2.81,2.42,58,24,95,-37,Tepat Waktu,1.0,0.0
MHS008331,2024,,2.81,2.39,57,22,95,-38,Tepat Waktu,1.0,0.0
MHS008939,2023,,2.36,2.36,103,41,135,-32,Tepat Waktu,1.0,0.0
MHS009145,2022,,2.43,2.41,130,49,144,-14,Terlambat,0.0002,0.9998
MHS009604,2022,,3.08,3.09,133,54,144,-11,Tepat Waktu,0.8251,0.1749
MHS009715,2022,,2.86,2.8,141,56,144,-3,Terlambat,0.0034,0.9966
MHS010715,2023,,2.92,2.82,101,42,135,-34,Tepat Waktu,1.0,0.0
MHS011758,2023,,3.04,2.76,106,44,135,-29,Tepat Waktu,1.0,0.0
MHS007361,2024,,2.9,2.13,61,28,95,-34,Tepat Waktu,1.0,0.0
MHS007739,2024,,2.77,2.56,57,22,95,-38,Tepat Waktu,1.0,0.0
MHS009002,2023,,2.52,2.62,103,41,135,-32,Tepat Waktu,1.0,0.0
MHS009126,2023,,2.86,2.87,103,37,135,-32,Tepat Waktu,1.0,0.0
MHS009434,2023,,2.86,2.64,103,43,135,-32,Tepat Waktu,1.0,0.0
MHS011819,2024,,2.97,2.53,57,22,95,-38,Tepat Waktu,1.0,0.0
MHS007322,2024,,2.69,1.91,56,23,95,-39,Tepat Waktu,1.0,0.0
MHS007538,2022,,2.93,2.9,142,54,144,-2,Terlambat,0.0182,0.9818
MHS009316,2024,,2.81,2.62,60,26,95,-35,Tepat Waktu,1.0,0.0
MHS009441,2024,,2.78,2.29,59,26,95,-36,Tepat Waktu,1.0,0.0
MHS009759,2024,,2.92,2.12,58,23,95,-37,Tepat Waktu,1.0,0.0
MHS010420,2024,,2.91,2.35,57,22,95,-38,Tepat Waktu,1.0,0.0
MHS011405,2023,,3.04,3.03,110,41,135,-25,Tepat Waktu,1.0,0.0
MHS011592,2024,,2.89,2.38,59,23,95,-36,Tepat Waktu,1.0,0.0
MHS011932,2024,,2.91,2.51,56,21,95,-39,Tepat Waktu,1.0,0.0
MHS006460,2023,,2.45,2.47,106,46,135,-29,Tepat Waktu,1.0,0.0
MHS006588,2024,,2.67,2.27,59,22,95,-36,Tepat Waktu,1.0,0.0
MHS007184,2024,,2.64,2.23,60,23,95,-35,Tepat Waktu,1.0,0.0
MHS007197,2024,,2.71,2.29,59,22,95,-36,Tepat Waktu,1.0,0.0
MHS007444,2023,,3.11,3.11,106,40,135,-29,Tepat Waktu,1.0,0.0
MHS007480,2024,,2.72,1.92,56,23,95,-39,Tepat Waktu,1.0,0.0
MHS007569,2023,,2.65,2.65,102,38,135,-33,Tepat Waktu,1.0,0.0
MHS008024,2023,,2.78,2.79,106,43,135,-29,Tepat Waktu,1.0,0.0
MHS008126,2023,,2.82,2.73,103,42,135,-32,Tepat Waktu,1.0,0.0
MHS008837,2023,,2.95,2.94,105,44,135,-30,Tepat Waktu,1.0,0.0
MHS009484,2023,,2.64,1.32,91,36,135,-44,Tepat Waktu,1.0,0.0
MHS009493,2020,,2.77,1.07,134,52,144,-10,Terlambat,0.0,1.0
MHS009919,2024,,2.84,2.24,56,21,95,-39,Tepat Waktu,1.0,0.0
MHS009946,2024,,2.84,2.3,56,21,95,-39,Tepat Waktu,1.0,0.0
MHS010185,2023,,2.98,2.98,103,43,135,-32,Tepat Waktu,1.0,0.0
MHS010215,2024,,2.35,0.92,52,22,95,-43,Tepat Waktu,1.0,0.0
MHS010596,2023,,2.42,2.66,105,42,135,-30,Tepat Waktu,1.0,0.0
MHS011611,2021,,2.19,2.21,141,55,144,-3,Terlambat,0.0,1.0
MHS011809,2023,,2.99,2.89,104,40,135,-31,Tepat Waktu,1.0,0.0
MHS012167,2023,,2.97,2.97,102,38,135,-33,Tepat Waktu,1.0,0.0
MHS012200,2024,,2.96,2.25,60,23,95,-35,Tepat Waktu,1.0,0.0
MHS012234,2024,,3.09,2.59,54,19,95,-41,Tepat Waktu,1.0,0.0
MHS006504,2023,,2.87,2.03,96,38,135,-39,Tepat Waktu,1.0,0.0
MHS006950,2023,,2.78,2.79,103,45,135,-32,Tepat Waktu,1.0,0.0
MHS007557,2024,,2.72,1.98,59,22,95,-36,Tepat Waktu,1.0,0.0
MHS007912,2023,,2.81,2.81,103,49,135,-32,Tepat Waktu,1.0,0.0
MHS008542,2023,,3.01,3.01,110,51,135,-25,Tepat Waktu,1.0,0.0
MHS009176,2023,,2.77,2.48,102,43,135,-33,Tepat Waktu,1.0,0.0
MHS009199,2024,,2.78,1.91,59,22,95,-36,Tepat Waktu,1.0,0.0
MHS009346,2022,,2.66,2.71,141,57,144,-3,Terlambat,0.0004,0.9996
MHS009811,2024,,2.83,2.13,56,21,95,-39,Tepat Waktu,1.0,0.0
MHS010394,2024,,2.95,2.3,58,24,95,-37,Tepat Waktu,1.0,0.0
MHS011123,2022,,3.06,2.4,136,51,144,-8,Terlambat,0.001,0.999
MHS011311,2019,,2.29,1.89,139,54,144,-5,Terlambat,0.0,1.0
MHS007276,2023,,2.67,2.62,101,48,135,-34,Tepat Waktu,1.0,0.0
MHS007952,2024,,2.78,2.29,57,22,95,-38,Tepat Waktu,1.0,0.0
MHS008437,2024,,2.75,2.26,59,27,95,-36,Tepat Waktu,1.0,0.0
MHS008461,2023,,2.75,2.63,100,41,135,-35,Tepat Waktu,1.0,0.0
MHS008790,2023,,2.78,2.68,104,42,135,-31,Tepat Waktu,1.0,0.0
MHS008984,2023,,2.84,2.02,95,37,135,-40,Tepat Waktu,1.0,0.0
MHS009174,2023,,2.83,2.44,99,43,135,-36,Tepat Waktu,1.0,0.0
MHS009277,2024,,2.86,2.31,57,25,95,-38,Tepat Waktu,1.0,0.0
MHS010434,2024,,2.75,0.0,18,7,95,-77,Tepat Waktu,1.0,0.0
MHS010441,2023,,2.63,2.69,108,44,135,-27,Tepat Waktu,1.0,0.0
MHS012091,2023,,3.01,2.57,104,39,135,-31,Tepat Waktu,1.0,0.0
MHS012217,2024,,2.37,1.62,38,15,95,-57,Tepat Waktu,1.0,0.0
MHS006378,2022,,2.32,2.17,75,24,144,-69,Tepat Waktu,1.0,0.0
MHS006454,2024,,2.62,1.95,56,23,95,-39,Tepat Waktu,1.0,0.0
MHS006760,2023,,2.8,2.79,101,41,135,-34,Tepat Waktu,1.0,0.0
MHS007231,2023,,2.9,2.89,110,51,135,-25,Tepat Waktu,1.0,0.0
MHS007536,2023,,2.81,2.8,106,40,135,-29,Tepat Waktu,1.0,0.0
MHS008032,2022,,3.06,3.06,141,57,144,-3,Terlambat,0.1375,0.8625
MHS008226,2023,,2.7,2.47,101,48,135,-34,Tepat Waktu,1.0,0.0
MHS008622,2023,,2.88,2.88,104,37,135,-31,Tepat Waktu,1.0,0.0
MHS008823,2024,,2.78,2.16,60,22,95,-35,Tepat Waktu,1.0,0.0
MHS008997,2023,,3.02,2.05,96,40,135,-39,Tepat Waktu,1.0,0.0
MHS009763,2023,,3.12,3.12,104,37,135,-31,Tepat Waktu,1.0,0.0
MHS009767,2023,,2.95,2.96,106,43,135,-29,Tepat Waktu,1.0,0.0
MHS010414,2024,,2.91,2.5,57,22,95,-38,Tepat Waktu,1.0,0.0
MHS011168,2023,,3.08,3.08,103,43,135,-32,Tepat Waktu,1.0,0.0
MHS011174,2023,,3.08,3.08,102,40,135,-33,Tepat Waktu,1.0,0.0
MHS006486,2022,,2.56,2.55,143,57,144,-1,Terlambat,0.0,1.0
MHS006838,2023,,2.46,2.46,105,42,135,-30,Tepat Waktu,1.0,0.0
MHS007434,2022,,2.33,1.06,87,35,144,-57,Tepat Waktu,1.0,0.0
MHS007876,2024,,2.79,2.44,58,24,95,-37,Tepat Waktu,1.0,0.0
MHS008701,2024,,2.76,1.97,59,22,95,-36,Tepat Waktu,1.0,0.0
MHS009109,2022,,2.62,2.62,140,58,144,-4,Terlambat,0.0001,0.9999
MHS009908,2023,,2.81,2.57,102,42,135,-33,Tepat Waktu,1.0,0.0
MHS009982,2020,,1.95,2.02,143,55,144,-1,Terlambat,0.0,1.0
MHS011462,2024,,3.24,0.69,51,21,95,-44,Tepat Waktu,1.0,0.0
MHS011985,2023,,2.6,2.77,108,42,135,-27,Tepat Waktu,1.0,0.0
MHS006990,2023,,2.73,2.73,103,45,135,-32,Tepat Waktu,1.0,0.0
MHS007626,2020,,2.96,1.53,136,52,144,-8,Terlambat,0.0,1.0
MHS007729,2023,,2.69,2.59,99,43,135,-36,Tepat Waktu,1.0,0.0
MHS009168,2024,,2.86,2.11,58,25,95,-37,Tepat Waktu,1.0,0.0
MHS009545,2024,,2.83,2.25,60,25,95,-35,Tepat Waktu,1.0,0.0
MHS009799,2023,,2.92,2.88,106,43,135,-29,Tepat Waktu,1.0,0.0
MHS010257,2022,,2.85,2.68,138,53,144,-6,Terlambat,0.0026,0.9974
MHS010302,2023,,3.01,2.89,105,40,135,-30,Tepat Waktu,1.0,0.0
MHS010862,2024,,2.91,2.19,60,23,95,-35,Tepat Waktu,1.0,0.0
MHS011146,2023,,2.89,2.64,102,40,135,-33,Tepat Waktu,1.0,0.0
MHS011287,2024,,2.43,1.31,36,16,95,-59,Tepat Waktu,1.0,0.0
MHS007879,2024,,2.62,2.45,62,23,95,-33,Tepat Waktu,1.0,0.0
MHS009639,2023,,2.57,2.72,106,45,135,-29,Tepat Waktu,1.0,0.0
MHS010731,2023,,2.73,1.95,92,34,135,-43,Tepat Waktu,1.0,0.0
MHS011065,2024,,2.86,2.04,59,25,95,-36,Tepat Waktu,1.0,0.0
MHS011096,2023,,2.97,2.81,106,44,135,-29,Tepat Waktu,1.0,0.0
MHS006637,2022,,3.02,3.02,143,54,144,-1,Terlambat,0.0443,0.9557
MHS007743,2023,,2.74,2.72,103,44,135,-32,Tepat Waktu,1.0,0.0
MHS007886,2023,,3.03,3.03,107,40,135,-28,Tepat Waktu,1.0,0.0
MHS008179,2022,,2.63,2.66,140,58,144,-4,Terlambat,0.0002,0.9998
MHS008452,2023,,2.73,2.54,104,42,135,-31,Tepat Waktu,1.0,0.0
MHS008475,2024,,2.89,2.54,54,19,95,-41,Tepat Waktu,1.0,0.0
MHS009832,2024,,2.33,0.47,36,16,95,-59,Tepat Waktu,1.0,0.0
MHS009994,2022,,2.89,1.32,127,55,144,-17,Terlambat,0.0,1.0
MHS011331,2024,,2.99,2.37,58,24,95,-37,Tepat Waktu,1.0,0.0
MHS011937,2021,,2.86,2.87,143,55,144,-1,Terlambat,0.0101,0.9899
MHS012032,2022,,3.14,2.52,136,56,144,-8,Terlambat,0.0047,0.9953
MHS006363,2022,,2.47,2.47,141,53,144,-3,Terlambat,0.0,1.0
MHS006468,2022,,3.31,3.32,140,50,144,-4,Tepat Waktu,0.823,0.177
MHS006609,2024,,2.73,2.43,58,24,95,-37,Tepat Waktu,1.0,0.0
MHS006691,2023,,1.92,2.19,99,43,135,-36,Tepat Waktu,1.0,0.0
MHS007320,2024,,2.69,1.76,56,23,95,-39,Tepat Waktu,1.0,0.0
MHS007602,2022,,2.67,2.69,143,56,144,-1,Terlambat,0.0002,0.9998
MHS009526,2023,,2.57,2.64,106,43,135,-29,Tepat Waktu,1.0,0.0
MHS009898,2022,,2.65,2.69,141,53,144,-3,Terlambat,0.0002,0.9998
MHS009924,2024,,2.8,2.11,59,26,95,-36,Tepat Waktu,1.0,0.0
MHS010272,2024,,2.87,1.07,55,23,95,-40,Tepat Waktu,1.0,0.0
MHS010637,2024,,2.78,2.41,62,23,95,-33,Tepat Waktu,1.0,0.0
MHS011653,2023,,2.99,2.6,104,40,135,-31,Tepat Waktu,1.0,0.0
MHS011667,2024,,3.07,2.36,54,19,95,-41,Tepat Waktu,1.0,0.0
MHS011926,2024,,2.97,2.35,57,22,95,-38,Tepat Waktu,1.0,0.0
MHS008427,2024,,2.77,1.75,56,21,95,-39,Tepat Waktu,1.0,0.0
MHS008597,2023,,2.71,2.71,102,44,135,-33,Tepat Waktu,1.0,0.0
MHS008684,2024,,2.83,2.46,57,22,95,-38,Tepat Waktu,1.0,0.0
MHS009585,2024,,2.78,2.49,59,26,95,-36,Tepat Waktu,1.0,0.0
MHS009595,2024,,2.83,2.28,56,21,95,-39,Tepat Waktu,1.0,0.0
MHS009878,2023,,2.39,2.39,105,40,135,-30,Tepat Waktu,1.0,0.0
MHS011171,2024,,2.94,2.27,57,22,95,-38,Tepat Waktu,1.0,0.0
MHS008540,2021,,2.98,2.57,136,53,144,-8,Terlambat,0.0059,0.9941
MHS009343,2024,,2.78,2.13,59,22,95,-36,Tepat Waktu,1.0,0.0
MHS009398,2023,,2.51,2.67,105,40,135,-30,Tepat Waktu,1.0,0.0
MHS009836,2023,,2.81,2.41,102,42,135,-33,Tepat Waktu,1.0,0.0
MHS010071,2024,,2.94,2.37,58,24,95,-37,Tepat Waktu,1.0,0.0
MHS010732,2023,,2.98,2.98,109,44,135,-26,Tepat Waktu,1.0,0.0
MHS011413,2021,,2.31,1.86,143,54,144,-1,Terlambat,0.0,1.0
MHS011706,2024,,2.9,1.87,56,21,95,-39,Tepat Waktu,1.0,0.0
MHS011960,2024,,2.97,2.33,57,22,95,-38,Tepat Waktu,1.0,0.0
MHS012115,2023,,2.94,2.68,102,38,135,-33,Tepat Waktu,1.0,0.0
MHS006170,2023,,2.97,2.98,107,40,135,-28,Tepat Waktu,1.0,0.0
MHS006405,2022,,2.52,2.56,142,53,144,-2,Terlambat,0.0,1.0
MHS006584,2023,,2.64,2.57,104,45,135,-31,Tepat Waktu,1.0,0.0
MHS006902,2020,,3.28,3.3,122,47,144,-22,Tepat Waktu,1.0,0.0
MHS008064,2024,,2.63,2.12,62,23,95,-33,Tepat Waktu,1.0,0.0
MHS010467,2023,,2.82,2.77,102,36,135,-33,Tepat Waktu,1.0,0.0
MHS010747,2023,,2.94,2.91,104,37,135,-31,Tepat Waktu,1.0,0.0
MHS010847,2024,,2.94,2.28,57,22,95,-38,Tepat Waktu,1.0,0.0
MHS010979,2024,,2.85,2.34,59,25,95,-36,Tepat Waktu,1.0,0.0
MHS011522,2023,,2.92,2.77,98,38,135,-37,Tepat Waktu,1.0,0.0
MHS006824,2024,,2.68,2.14,59,27,95,-36,Tepat Waktu,1.0,0.0
MHS007128,2023,,2.67,2.53,99,43,135,-36,Tepat Waktu,1.0,0.0
MHS008019,2023,,3.03,3.03,106,43,135,-29,Tepat Waktu,1.0,0.0
MHS008264,2024,,2.83,2.77,58,22,95,-37,Tepat Waktu,1.0,0.0
MHS008509,2024,,2.82,2.4,57,22,95,-38,Tepat Waktu,1.0,0.0
MHS008937,2024,,2.7,2.42,62,23,95,-33,Tepat Waktu,1.0,0.0
MHS009601,2023,,2.89,2.83,104,43,135,-31,Tepat Waktu,1.0,0.0
MHS009896,2023,,2.89,2.63,104,43,135,-31,Tepat Waktu,1.0,0.0
MHS010112,2023,,1.89,2.32,102,42,135,-33,Tepat Waktu,1.0,0.0
MHS010672,2023,,2.95,1.92,93,34,135,-42,Tepat Waktu,1.0,0.0
MHS011404,2020,,1.31,1.66,140,54,144,-4,Terlambat,0.0,1.0
MHS006336,2023,,2.64,2.55,104,39,135,-31,Tepat Waktu,1.0,0.0
MHS006375,2022,,2.83,2.77,128,49,144,-16,Tepat Waktu,0.7684,0.2316
MHS006491,2023,,2.53,2.65,105,43,135,-30,Tepat Waktu,1.0,0.0
MHS008562,2020,,2.94,2.72,132,53,144,-12,Terlambat,0.153,0.847
MHS010320,2024,,3.02,0.0,20,8,95,-75,Tepat Waktu,1.0,0.0
MHS010802,2024,,2.94,2.35,57,22,95,-38,Tepat Waktu,1.0,0.0
MHS006246,2023,,2.84,2.84,107,40,135,-28,Tepat Waktu,1.0,0.0
MHS006488,2022,,3.03,3.03,142,56,144,-2,Terlambat,0.0546,0.9454
MHS007685,2024,,2.66,2.15,60,23,95,-35,Tepat Waktu,1.0,0.0
MHS007893,2022,,2.69,2.11,133,54,144,-11,Terlambat,0.0,1.0
MHS008004,2024,,2.73,2.15,59,22,95,-36,Tepat Waktu,1.0,0.0
MHS008990,2022,,2.81,2.86,139,53,144,-5,Terlambat,0.0121,0.9879
MHS009556,2023,,2.83,2.66,101,41,135,-34,Tepat Waktu,1.0,0.0
MHS009679,2024,,2.74,0.44,18,8,95,-77,Tepat Waktu,1.0,0.0
MHS010370,2024,,2.88,2.45,60,23,95,-35,Tepat Waktu,1.0,0.0
MHS011923,2021,,2.17,1.91,141,59,144,-3,Terlambat,0.0,1.0
MHS006506,2024,,2.67,1.67,57,22,95,-38,Tepat Waktu,1.0,0.0
MHS006686,2022,,3.44,3.44,141,57,144,-3,Tepat Waktu,0.8111,0.1889
MHS006764,2024,,2.74,2.14,58,24,95,-37,Tepat Waktu,1.0,0.0
MHS007177,2023,,2.66,2.02,94,38,135,-41,Tepat Waktu,1.0,0.0
MHS007346,2024,,2.71,2.0,59,22,95,-36,Tepat Waktu,1.0,0.0
MHS007649,2023,,2.83,2.83,103,45,135,-32,Tepat Waktu,1.0,0.0
MHS007693,2024,,2.61,2.1,62,23,95,-33,Tepat Waktu,1.0,0.0
MHS008641,2024,,2.75,2.03,59,22,95,-36,Tepat Waktu,1.0,0.0
MHS008663,2022,,2.83,2.85,142,53,144,-2,Terlambat,0.0063,0.9937
MHS009404,2022,,2.79,2.03,133,55,144,-11,Terlambat,0.0,1.0
MHS011616,2023,,2.99,2.6,104,40,135,-31,Tepat Waktu,1.0,0.0
MHS006373,2024,,2.6,2.55,60,28,95,-35,Tepat Waktu,1.0,0.0
MHS007277,2023,,2.93,2.93,107,40,135,-28,Tepat Waktu,1.0,0.0
MHS007543,2024,,2.75,2.14,57,22,95,-38,Tepat Waktu,1.0,0.0
MHS009961,2024,,2.81,2.39,59,26,95,-36,Tepat Waktu,1.0,0.0
MHS010630,2022,,2.84,0.87,94,38,144,-50,Tepat Waktu,1.0,0.0
MHS010724,2024,,2.87,2.18,56,21,95,-39,Tepat Waktu,1.0,0.0
MHS010966,2024,,2.94,2.24,57,22,95,-38,Tepat Waktu,1.0,0.0
MHS011012,2023,,2.4,2.56,105,42,135,-30,Tepat Waktu,1.0,0.0
MHS011112,2024,,2.86,2.65,59,23,95,-36,Tepat Waktu,1.0,0.0
MHS006279,2024,,2.61,2.25,56,22,95,-39,Tepat Waktu,1.0,0.0
MHS006472,2024,,1.04,1.81,60,22,95,-35,Tepat Waktu,1.0,0.0
MHS007354,2022,,2.56,2.5,140,53,144,-4,Terlambat,0.0,1.0
MHS007427,2024,,2.72,2.02,59,22,95,-36,Tepat Waktu,1.0,0.0
MHS007465,2022,,2.83,1.62,116,41,144,-28,Terlambat,0.0576,0.9424
MHS008037,2024,,2.75,2.22,60,23,95,-35,Tepat Waktu,1.0,0.0
MHS008162,2024,,2.76,2.07,60,23,95,-35,Tepat Waktu,1.0,0.0
MHS009182,2024,,2.81,2.66,60,27,95,-35,Tepat Waktu,1.0,0.0
MHS009401,2024,,2.83,2.28,60,25,95,-35,Tepat Waktu,1.0,0.0
MHS010476,2024,,2.91,2.45,57,24,95,-38,Tepat Waktu,1.0,0.0
MHS011930,2022,,3.18,1.61,133,54,144,-11,Terlambat,0.0,1.0
MHS012144,2022,,3.41,3.41,142,55,144,-2,Tepat Waktu,0.6652,0.3348
MHS006395,2023,,3.07,3.08,105,43,135,-30,Tepat Waktu,1.0,0.0
MHS006813,2024,,2.75,2.18,58,24,95,-37,Tepat Waktu,1.0,0.0
MHS007472,2023,,2.62,2.63,107,40,135,-28,Tepat Waktu,1.0,0.0
MHS007573,2023,,2.51,2.66,105,42,135,-30,Tepat Waktu,1.0,0.0
MHS008259,2024,,2.76,1.98,56,23,95,-39,Tepat Waktu,1.0,0.0
MHS008495,2022,,3.02,3.02,143,57,144,-1,Terlambat,0.0415,0.9585
MHS008836,2023,,2.79,2.63,104,42,135,-31,Tepat Waktu,1.0,0.0
MHS009337,2024,,2.86,2.43,57,25,95,-38,Tepat Waktu,1.0,0.0
MHS010586,2024,,2.89,2.39,60,23,95,-35,Tepat Waktu,1.0,0.0
MHS010594,2024,,2.92,2.26,57,22,95,-38,Tepat Waktu,1.0,0.0
MHS010923,2024,,2.84,2.45,59,23,95,-36,Tepat Waktu,1.0,0.0
MHS011150,2021,,1.47,1.47,143,59,144,-1,Terlambat,0.0,1.0
MHS011347,2023,,3.11,1.46,84,32,135,-51,Tepat Waktu,1.0,0.0
MHS008415,2023,,2.94,2.85,105,44,135,-30,Tepat Waktu,1.0,0.0
MHS008813,2024,,2.84,2.64,58,22,95,-37,Tepat Waktu,1.0,0.0
MHS009327,2023,,2.83,2.73,103,43,135,-32,Tepat Waktu,1.0,0.0
MHS009489,2023,,2.88,2.46,99,35,135,-36,Tepat Waktu,1.0,0.0
MHS009841,2023,,2.96,2.96,101,44,135,-34,Tepat Waktu,1.0,0.0
MHS011031,2023,,2.76,1.4,92,38,135,-43,Tepat Waktu,1.0,0.0
MHS011064,2023,,2.9,2.33,97,37,135,-38,Tepat Waktu,1.0,0.0
MHS011509,2023,,2.96,2.23,97,38,135,-38,Tepat Waktu,1.0,0.0
MHS011627,2021,,2.65,2.69,141,58,144,-3,Terlambat,0.0003,0.9997
MHS009267,2023,,2.84,2.6,99,43,135,-36,Tepat Waktu,1.0,0.0
MHS010340,2023,,2.98,2.98,106,44,135,-29,Tepat Waktu,1.0,0.0
MHS006633,2022,,2.76,2.76,142,55,144,-2,Terlambat,0.0013,0.9987
MHS006704,2023,,2.65,2.62,99,43,135,-36,Tepat Waktu,1.0,0.0
MHS007273,2023,,2.67,2.59,99,43,135,-36,Tepat Waktu,1.0,0.0
MHS007377,2023,,2.55,1.06,84,35,135,-51,Tepat Waktu,1.0,0.0
MHS009752,2023,,1.88,2.36,99,39,135,-36,Tepat Waktu,1.0,0.0
MHS010279,2023,,3.02,3.02,104,37,135,-31,Tepat Waktu,1.0,0.0
MHS011446,2024,,2.88,2.6,59,23,95,-36,Tepat Waktu,1.0,0.0
MHS011897,2024,,2.9,2.47,59,23,95,-36,Tepat Waktu,1.0,0.0
MHS006386,2023,,2.74,1.74,74,27,135,-61,Tepat Waktu,1.0,0.0
MHS006862,2024,,2.69,2.15,59,27,95,-36,Tepat Waktu,1.0,0.0
MHS007176,2023,,2.74,2.74,108,51,135,-27,Tepat Waktu,1.0,0.0
MHS008491,2023,,2.78,2.09,93,37,135,-42,Tepat Waktu,1.0,0.0
MHS009283,2019,,2.5,1.75,111,45,144,-33,Tepat Waktu,0.7964,0.2036
MHS010335,2021,,2.97,2.84,137,55,144,-7,Terlambat,0.0755,0.9245
MHS011063,2024,,2.86,2.19,59,23,95,-36,Tepat Waktu,1.0,0.0
MHS006413,2024,,2.35,1.28,18,7,95,-77,Tepat Waktu,1.0,0.0
MHS006716,2020,,2.94,2.55,136,51,144,-8,Terlambat,0.0075,0.9925
MHS007403,2021,,1.33,2.25,166,63,144,22,Terlambat,0.0,1.0
MHS007663,2020,,1.41,2.05,163,60,144,19,Terlambat,0.0,1.0
MHS007841,2021,,2.97,2.7,136,52,144,-8,Terlambat,0.0259,0.9741
MHS008047,2023,,2.75,2.19,93,37,135,-42,Tepat Waktu,1.0,0.0
MHS009560,2024,,2.87,2.47,57,25,95,-38,Tepat Waktu,1.0,0.0
MHS009691,2023,,2.86,2.54,101,41,135,-34,Tepat Waktu,1.0,0.0
MHS010800,2024,,2.35,0.06,36,14,95,-59,Tepat Waktu,1.0,0.0
MHS011253,2024,,2.98,2.49,58,24,95,-37,Tepat Waktu,1.0,0.0
MHS011460,2021,,2.83,2.45,134,53,144,-10,Terlambat,0.0017,0.9983
MHS011527,2022,,2.75,2.49,131,54,144,-13,Terlambat,0.0032,0.9968
MHS006367,2024,,2.65,1.97,59,22,95,-36,Tepat Waktu,1.0,0.0
MHS007127,2024,,2.82,2.68,54,19,95,-41,Tepat Waktu,1.0,0.0
MHS007894,2024,,2.8,2.21,58,24,95,-37,Tepat Waktu,1.0,0.0
MHS008243,2023,,2.73,2.58,104,39,135,-31,Tepat Waktu,1.0,0.0
MHS009642,2023,,2.85,2.6,101,41,135,-34,Tepat Waktu,1.0,0.0
MHS011635,2023,,2.86,2.06,94,34,135,-41,Tepat Waktu,1.0,0.0
MHS007880,2023,,2.71,2.65,99,43,135,-36,Tepat Waktu,1.0,0.0
MHS008118,2024,,2.75,1.85,55,24,95,-40,Tepat Waktu,1.0,0.0
MHS008185,2022,,2.9,2.91,143,58,144,-1,Terlambat,0.0087,0.9913
MHS008566,2023,,2.78,2.44,99,43,135,-36,Tepat Waktu,1.0,0.0
MHS008662,2024,,2.76,2.2,59,22,95,-36,Tepat Waktu,1.0,0.0
MHS009875,2023,,2.49,2.72,105,40,135,-30,Tepat Waktu,1.0,0.0
MHS009927,2023,,2.89,2.78,104,37,135,-31,Tepat Waktu,1.0,0.0
MHS010507,2022,,2.86,2.41,138,52,144,-6,Terlambat,0.0001,0.9999
MHS011314,2023,,1.87,2.26,101,41,135,-34,Tepat Waktu,1.0,0.0
MHS011463,2024,,2.89,2.4,59,25,95,-36,Tepat Waktu,1.0,0.0
MHS011486,2024,,2.99,2.2,58,23,95,-37,Tepat Waktu,1.0,0.0
MHS011795,2021,,3.04,2.02,137,56,144,-7,Terlambat,0.0,1.0
MHS007035,2024,,2.75,2.14,58,24,95,-37,Tepat Waktu,1.0,0.0
MHS007329,2023,,2.27,2.46,101,48,135,-34,Tepat Waktu,1.0,0.0
MHS007478,2023,,3.06,3.07,107,40,135,-28,Tepat Waktu,1.0,0.0
MHS010667,2023,,3.01,3.01,102,36,135,-33,Tepat Waktu,1.0,0.0
MHS011236,2021,,3.11,2.25,133,63,144,-11,Terlambat,0.0019,0.9981
MHS012162,2023,,2.94,2.21,100,40,135,-35,Tepat Waktu,1.0,0.0
MHS007196,2023,,2.6,2.44,102,38,135,-33,Tepat Waktu,1.0,0.0
MHS007261,2023,,2.62,2.47,101,48,135,-34,Tepat Waktu,1.0,0.0
MHS007823,2022,,3.26,3.87,41,15,144,-103,Tepat Waktu,1.0,0.0
MHS009629,2024,,2.79,1.58,55,24,95,-40,Tepat Waktu,1.0,0.0
MHS011284,2024,,2.81,1.78,18,7,95,-77,Tepat Waktu,1.0,0.0
MHS011547,2023,,2.19,2.52,104,43,135,-31,Tepat Waktu,1.0,0.0
MHS011554,2022,,2.56,2.03,126,48,144,-18,Terlambat,0.0,1.0
MHS006575,2024,,2.67,1.89,56,22,95,-39,Tepat Waktu,1.0,0.0
MHS006643,2022,,2.71,2.35,134,58,144,-10,Terlambat,0.0001,0.9999
MHS006681,2023,,2.76,2.75,102,38,135,-33,Tepat Waktu,1.0,0.0
MHS007282,2024,,1.0,1.83,59,22,95,-36,Tepat Waktu,1.0,0.0
MHS008045,2024,,2.76,2.08,56,22,95,-39,Tepat Waktu,1.0,0.0
MHS008728,2024,,2.83,2.18,57,22,95,-38,Tepat Waktu,1.0,0.0
MHS008901,2023,,2.84,2.87,108,42,135,-27,Tepat Waktu,1.0,0.0
MHS009779,2024,,2.93,2.07,58,26,95,-37,Tepat Waktu,1.0,0.0
MHS010636,2023,,3.02,3.03,106,38,135,-29,Tepat Waktu,1.0,0.0
MHS010785,2023,,3.14,3.14,104,37,135,-31,Tepat Waktu,1.0,0.0
MHS010989,2024,,2.89,2.74,56,21,95,-39,Tepat Waktu,1.0,0.0
MHS011451,2023,,2.9,2.55,102,40,135,-33,Tepat Waktu,1.0,0.0
MHS011851,2023,,2.95,2.5,101,38,135,-34,Tepat Waktu,1.0,0.0
MHS007464,2024,,2.72,2.54,59,22,95,-36,Tepat Waktu,1.0,0.0
MHS007825,2024,,2.79,2.49,58,24,95,-37,Tepat Waktu,1.0,0.0
MHS008081,2023,,2.96,2.96,107,44,135,-28,Tepat Waktu,1.0,0.0
MHS008387,2024,,2.62,0.0,18,7,95,-77,Tepat Waktu,1.0,0.0
MHS008767,2023,,2.71,2.64,102,44,135,-33,Tepat Waktu,1.0,0.0
MHS008944,2022,,2.67,2.63,143,55,144,-1,Terlambat,0.0001,0.9999
MHS009362,2023,,2.98,2.89,105,38,135,-30,Tepat Waktu,1.0,0.0
MHS010984,2024,,2.89,2.21,56,21,95,-39,Tepat Waktu,1.0,0.0
MHS011204,2023,,2.94,2.94,107,42,135,-28,Tepat Waktu,1.0,0.0
MHS007935,2023,,2.71,1.68,97,39,135,-38,Tepat Waktu,1.0,0.0
MHS008038,2022,,2.84,2.85,142,56,144,-2,Terlambat,0.0058,0.9942
MHS008343,2023,,2.75,2.75,107,42,135,-28,Tepat Waktu,1.0,0.0
MHS008419,2024,,2.32,1.85,36,13,95,-59,Tepat Waktu,1.0,0.0
MHS008878,2021,,2.98,2.51,132,52,144,-12,Terlambat,0.0335,0.9665
MHS009035,2023,,2.83,2.29,98,40,135,-37,Tepat Waktu,1.0,0.0
MHS009559,2022,,2.98,2.07,128,52,144,-16,Terlambat,0.0003,0.9997
MHS009593,2024,,2.87,2.46,57,25,95,-38,Tepat Waktu,1.0,0.0
MHS009656,2024,,2.82,1.97,55,24,95,-40,Tepat Waktu,1.0,0.0
MHS010075,2024,,2.89,2.48,57,22,95,-38,Tepat Waktu,1.0,0.0
MHS010115,2023,,2.76,2.73,107,42,135,-28,Tepat Waktu,1.0,0.0
MHS011884,2023,,2.94,2.35,102,39,135,-33,Tepat Waktu,1.0,0.0
MHS006431,2022,,2.53,2.34,129,49,144,-15,Terlambat,0.0006,0.9994
MHS006485,2023,,2.57,2.57,103,43,135,-32,Tepat Waktu,1.0,0.0
MHS006605,2022,,2.7,2.36,135,54,144,-9,Terlambat,0.0001,0.9999
MHS006626,2024,,2.67,1.97,56,22,95,-39,Tepat Waktu,1.0,0.0
MHS006705,2023,,2.61,2.66,103,45,135,-32,Tepat Waktu,1.0,0.0
MHS006966,2023,,2.64,2.59,104,39,135,-31,Tepat Waktu,1.0,0.0
MHS007230,2023,,3.02,3.02,104,45,135,-31,Tepat Waktu,1.0,0.0
MHS007338,2023,,2.94,2.92,109,42,135,-26,Tepat Waktu,1.0,0.0
MHS009200,2024,,2.85,2.32,57,22,95,-38,Tepat Waktu,1.0,0.0
MHS009930,2024,,2.83,1.24,55,21,95,-40,Tepat Waktu,1.0,0.0
MHS010869,2024,,2.91,2.09,60,23,95,-35,Tepat Waktu,1.0,0.0
MHS011072,2023,,2.94,2.9,104,43,135,-31,Tepat Waktu,1.0,0.0
MHS011457,2024,,2.95,2.58,60,22,95,-35,Tepat Waktu,1.0,0.0
MHS011492,2023,,2.94,2.53,101,42,135,-34,Tepat Waktu,1.0,0.0
MHS011762,2024,,2.9,1.96,56,24,95,-39,Tepat Waktu,1.0,0.0
MHS011946,2024,,2.91,2.47,59,23,95,-36,Tepat Waktu,1.0,0.0
MHS006343,2024,,0.67,1.62,57,25,95,-38,Tepat Waktu,1.0,0.0
MHS007278,2024,,2.73,1.61,57,26,95,-38,Tepat Waktu,1.0,0.0
MHS007849,2024,,2.79,2.4,58,24,95,-37,Tepat Waktu,1.0,0.0
MHS008772,2024,,2.75,0.95,19,8,95,-76,Tepat Waktu,1.0,0.0
MHS009144,2020,,2.56,0.66,123,47,144,-21,Terlambat,0.0,1.0
MHS009157,2024,,2.78,2.26,59,22,95,-36,Tepat Waktu,1.0,0.0
MHS009863,2023,,2.72,2.73,109,41,135,-26,Tepat Waktu,1.0,0.0
MHS010839,2024,,2.96,2.48,58,24,95,-37,Tepat Waktu,1.0,0.0
MHS011394,2021,,2.89,1.79,138,52,144,-6,Terlambat,0.0,1.0
MHS011807,2023,,3.06,3.25,78,31,135,-57,Tepat Waktu,1.0,0.0
MHS006354,2022,,2.55,2.5,134,56,144,-10,Terlambat,0.0001,0.9999
MHS006771,2024,,2.69,1.9,57,26,95,-38,Tepat Waktu,1.0,0.0
MHS008847,2024,,2.77,2.1,59,22,95,-36,Tepat Waktu,1.0,0.0
MHS009073,2022,,3.17,3.16,141,57,144,-3,Terlambat,0.2557,0.7443
MHS009306,2021,,2.8,2.79,143,55,144,-1,Terlambat,0.002,0.998
MHS009676,2023,,2.8,2.74,102,36,135,-33,Tepat Waktu,1.0,0.0
MHS009710,2024,,2.83,2.61,56,21,95,-39,Tepat Waktu,1.0,0.0
MHS012042,2024,,2.91,2.45,59,23,95,-36,Tepat Waktu,1.0,0.0
MHS012259,2024,,2.93,2.35,59,23,95,-36,Tepat Waktu,1.0,0.0
MHS007648,2022,,2.72,2.04,134,54,144,-10,Terlambat,0.0,1.0
MHS007982,2024,,2.97,2.41,61,28,95,-34,Tepat Waktu,1.0,0.0
MHS008147,2024,,2.75,2.48,60,23,95,-35,Tepat Waktu,1.0,0.0
MHS008534,2024,,2.84,2.57,58,22,95,-37,Tepat Waktu,1.0,0.0
MHS010171,2023,,2.05,2.44,101,44,135,-34,Tepat Waktu,1.0,0.0
MHS011054,2024,,2.92,2.39,60,23,95,-35,Tepat Waktu,1.0,0.0
MHS007072,2024,,2.72,1.77,55,21,95,-40,Tepat Waktu,1.0,0.0
MHS007280,2023,,2.27,2.35,101,48,135,-34,Tepat Waktu,1.0,0.0
MHS008201,2023,,2.61,2.59,106,43,135,-29,Tepat Waktu,1.0,0.0
MHS008425,2020,,2.93,1.89,137,54,144,-7,Terlambat,0.0,1.0
MHS009198,2022,,2.25,2.19,139,53,144,-5,Terlambat,0.0,1.0
MHS009252,2023,,2.56,2.17,92,37,135,-43,Tepat Waktu,1.0,0.0
MHS009432,2024,,2.89,2.54,58,26,95,-37,Tepat Waktu,1.0,0.0
MHS009910,2023,,2.49,2.69,105,40,135,-30,Tepat Waktu,1.0,0.0
MHS010166,2023,,2.86,2.48,101,44,135,-34,Tepat Waktu,1.0,0.0
MHS010943,2023,,2.86,2.53,102,39,135,-33,Tepat Waktu,1.0,0.0
MHS011441,2024,,2.99,2.24,58,24,95,-37,Tepat Waktu,1.0,0.0
MHS012276,2023,,1.78,2.05,101,40,135,-34,Tepat Waktu,0.999,0.001
MHS008241,2024,,2.82,1.99,58,24,95,-37,Tepat Waktu,1.0,0.0
MHS008750,2023,,2.69,2.49,102,44,135,-33,Tepat Waktu,1.0,0.0
MHS009423,2024,,2.78,1.73,59,22,95,-36,Tepat Waktu,1.0,0.0
MHS009483,2022,,3.6,3.62,142,55,144,-2,Tepat Waktu,0.8612,0.1388
MHS009936,2024,,2.93,2.28,58,23,95,-37,Tepat Waktu,1.0,0.0
MHS010418,2023,,2.88,2.42,97,41,135,-38,Tepat Waktu,1.0,0.0
MHS010469,2023,,2.47,2.61,105,42,135,-30,Tepat Waktu,1.0,0.0
MHS010571,2023,,2.83,2.44,102,42,135,-33,Tepat Waktu,1.0,0.0
MHS011425,2023,,2.24,2.49,104,43,135,-31,Tepat Waktu,1.0,0.0
MHS012212,2023,,2.99,2.74,101,45,135,-34,Tepat Waktu,1.0,0.0
MHS008670,2023,,2.78,2.69,101,48,135,-34,Tepat Waktu,1.0,0.0
MHS009572,2023,,3.44,1.24,68,29,135,-67,Tepat Waktu,1.0,0.0
MHS009610,2024,,2.78,2.47,59,26,95,-36,Tepat Waktu,1.0,0.0
MHS009649,2024,,2.79,1.8,55,24,95,-40,Tepat Waktu,1.0,0.0
MHS006799,2024,,2.68,2.08,59,27,95,-36,Tepat Waktu,1.0,0.0
MHS007023,2022,,2.78,2.8,140,53,144,-4,Terlambat,0.0028,0.9972
MHS007024,2024,,2.7,1.92,59,22,95,-36,Tepat Waktu,1.0,0.0
MHS007077,2023,,2.74,2.74,104,45,135,-31,Tepat Waktu,1.0,0.0
MHS007659,2024,,2.77,2.76,62,23,95,-33,Tepat Waktu,1.0,0.0
MHS008007,2023,,2.89,2.87,105,44,135,-30,Tepat Waktu,1.0,0.0
MHS008237,2024,,2.82,2.25,58,24,95,-37,Tepat Waktu,1.0,0.0
MHS010082,2023,,2.92,2.03,93,37,135,-42,Tepat Waktu,1.0,0.0
MHS010097,2023,,2.78,2.89,108,44,135,-27,Tepat Waktu,1.0,0.0
MHS012240,2021,,2.31,2.31,141,54,144,-3,Terlambat,0.0,1.0
MHS013011,2024,,3.04,2.37,58,26,95,-37,Tepat Waktu,1.0,0.0
MHS014488,2024,,3.02,2.26,59,23,95,-36,Tepat Waktu,1.0,0.0
MHS014547,2022,,2.73,2.62,143,54,144,-1,Terlambat,0.0001,0.9999
MHS014977,2023,,3.14,2.35,101,40,135,-34,Tepat Waktu,1.0,0.0
MHS015325,2024,,3.07,2.36,60,24,95,-35,Tepat Waktu,1.0,0.0
MHS015532,2024,,3.06,1.77,56,21,95,-39,Tepat Waktu,1.0,0.0
MHS015645,2022,,3.25,3.26,141,64,144,-3,Tepat Waktu,0.7648,0.2352
MHS016104,2024,,3.16,1.99,58,23,95,-37,Tepat Waktu,1.0,0.0
MHS016492,2024,,3.11,2.08,56,25,95,-39,Tepat Waktu,1.0,0.0
MHS017506,2023,,3.16,2.98,103,43,135,-32,Tepat Waktu,1.0,0.0
MHS017871,2023,,3.21,2.62,104,43,135,-31,Tepat Waktu,1.0,0.0
MHS017925,2022,,3.14,2.46,139,52,144,-5,Terlambat,0.0015,0.9985
MHS018367,2021,,3.25,3.26,150,56,144,6,Terlambat,0.4201,0.5799
MHS012342,2024,,3.11,2.6,61,28,95,-34,Tepat Waktu,1.0,0.0
MHS012384,2023,,1.97,2.44,103,39,135,-32,Tepat Waktu,1.0,0.0
MHS013132,2023,,3.06,2.8,106,41,135,-29,Tepat Waktu,1.0,0.0
MHS013916,2022,,2.37,2.6,141,55,144,-3,Terlambat,0.0,1.0
MHS013952,2024,,3.08,2.3,58,25,95,-37,Tepat Waktu,1.0,0.0
MHS014137,2024,,2.93,2.56,62,23,95,-33,Tepat Waktu,1.0,0.0
MHS015810,2023,,3.2,2.93,106,41,135,-29,Tepat Waktu,1.0,0.0
MHS016216,2024,,3.16,2.24,58,23,95,-37,Tepat Waktu,1.0,0.0
MHS016245,2022,,3.05,2.58,142,56,144,-2,Terlambat,0.0015,0.9985
MHS017632,2022,,3.01,2.11,130,50,144,-14,Terlambat,0.0004,0.9996
MHS017743,2024,,3.17,2.15,59,23,95,-36,Tepat Waktu,1.0,0.0
MHS017796,2023,,2.33,2.71,108,44,135,-27,Tepat Waktu,1.0,0.0
MHS017962,2023,,3.24,2.5,101,41,135,-34,Tepat Waktu,1.0,0.0
MHS018183,2022,,3.15,2.66,139,53,144,-5,Terlambat,0.0152,0.9848
MHS012415,2023,,1.99,2.41,104,41,135,-31,Tepat Waktu,1.0,0.0
MHS013668,2024,,2.99,2.1,59,23,95,-36,Tepat Waktu,1.0,0.0
MHS013723,2022,,3.01,2.22,134,51,144,-10,Terlambat,0.0001,0.9999
MHS013881,2021,,2.96,2.03,139,57,144,-5,Terlambat,0.0,1.0
MHS015368,2024,,3.08,1.96,60,24,95,-35,Tepat Waktu,1.0,0.0
MHS015843,2023,,3.17,2.91,105,43,135,-30,Tepat Waktu,1.0,0.0
MHS016151,2023,,3.2,2.75,106,40,135,-29,Tepat Waktu,1.0,0.0
MHS016175,2023,,2.39,2.71,108,46,135,-27,Tepat Waktu,1.0,0.0
MHS016399,2024,,3.17,1.9,58,23,95,-37,Tepat Waktu,1.0,0.0
MHS016530,2024,,3.17,2.16,58,22,95,-37,Tepat Waktu,1.0,0.0
MHS016649,2023,,3.21,2.9,105,41,135,-30,Tepat Waktu,1.0,0.0
MHS016891,2019,,2.78,1.95,179,67,144,35,Tepat Waktu,0.945,0.055
MHS017530,2024,,3.17,2.22,57,24,95,-38,Tepat Waktu,1.0,0.0
MHS018184,2022,,3.06,3.06,150,63,144,6,Terlambat,0.1706,0.8294
MHS018432,2023,,3.18,2.83,102,42,135,-33,Tepat Waktu,1.0,0.0
MHS013683,2023,,2.68,2.49,75,28,135,-60,Tepat Waktu,1.0,0.0
MHS013693,2023,,1.56,2.24,103,39,135,-32,Tepat Waktu,0.9722,0.0278
MHS013967,2024,,3.14,2.18,61,28,95,-34,Tepat Waktu,1.0,0.0
MHS014770,2024,,3.05,2.27,60,24,95,-35,Tepat Waktu,1.0,0.0
MHS015024,2024,,3.06,2.52,60,24,95,-35,Tepat Waktu,1.0,0.0
MHS015433,2024,,3.06,2.18,59,24,95,-36,Tepat Waktu,1.0,0.0
MHS015581,2024,,3.06,2.55,59,24,95,-36,Tepat Waktu,1.0,0.0
MHS016505,2024,,3.13,2.13,57,22,95,-38,Tepat Waktu,1.0,0.0
MHS017511,2024,,3.17,2.42,60,28,95,-35,Tepat Waktu,1.0,0.0
MHS017513,2024,,3.48,2.6,20,8,95,-75,Tepat Waktu,1.0,0.0
MHS017579,2023,,3.07,2.05,98,37,135,-37,Tepat Waktu,1.0,0.0
MHS017779,2023,,3.21,1.54,96,40,135,-39,Tepat Waktu,1.0,0.0
MHS018318,2024,,3.25,1.98,58,23,95,-37,Tepat Waktu,1.0,0.0
MHS012383,2022,,2.44,2.42,110,43,144,-34,Tepat Waktu,1.0,0.0
MHS012981,2024,,2.96,2.45,59,23,95,-36,Tepat Waktu,1.0,0.0
MHS014525,2023,,3.03,2.69,103,46,135,-32,Tepat Waktu,1.0,0.0
MHS014654,2022,,2.96,2.89,138,56,144,-6,Terlambat,0.035,0.965
MHS014732,2023,,3.16,2.19,96,40,135,-39,Tepat Waktu,1.0,0.0
MHS014792,2024,,3.12,2.09,58,24,95,-37,Tepat Waktu,1.0,0.0
MHS015858,2023,,3.03,2.33,98,38,135,-37,Tepat Waktu,1.0,0.0
MHS017305,2023,,3.27,1.9,90,38,135,-45,Tepat Waktu,1.0,0.0
MHS017504,2022,,3.24,3.24,150,62,144,6,Tepat Waktu,0.5313,0.4687
MHS017835,2023,,3.17,2.81,103,42,135,-32,Tepat Waktu,1.0,0.0
MHS012356,2024,,2.96,2.38,60,22,95,-35,Tepat Waktu,1.0,0.0
MHS012515,2024,,3.03,2.28,58,26,95,-37,Tepat Waktu,1.0,0.0
MHS012576,2024,,2.93,2.51,56,21,95,-39,Tepat Waktu,1.0,0.0
MHS012809,2023,,3.04,2.72,104,41,135,-31,Tepat Waktu,1.0,0.0
MHS013148,2019,,3.21,2.05,164,66,144,20,Terlambat,0.0009,0.9991
MHS014273,2019,,2.97,2.07,165,66,144,21,Terlambat,0.001,0.999
MHS014336,2022,,3.17,1.99,136,55,144,-8,Terlambat,0.0,1.0
MHS015244,2023,,3.02,2.22,98,40,135,-37,Tepat Waktu,1.0,0.0
MHS015652,2024,,2.99,0.0,18,7,95,-77,Tepat Waktu,1.0,0.0
MHS015756,2024,,3.11,2.04,57,22,95,-38,Tepat Waktu,1.0,0.0
MHS015976,2024,,3.12,2.19,57,22,95,-38,Tepat Waktu,1.0,0.0
MHS016037,2024,,3.18,2.68,61,26,95,-34,Tepat Waktu,1.0,0.0
MHS016315,2023,,3.13,2.5,102,43,135,-33,Tepat Waktu,1.0,0.0
MHS016386,2023,,3.21,2.84,105,41,135,-30,Tepat Waktu,1.0,0.0
MHS017203,2023,,3.19,1.48,96,38,135,-39,Tepat Waktu,1.0,0.0
MHS017214,2022,,3.08,2.76,142,54,144,-2,Terlambat,0.0131,0.9869
MHS018068,2024,,3.16,2.04,56,22,95,-39,Tepat Waktu,1.0,0.0
MHS018141,2022,,3.02,2.94,141,54,144,-3,Terlambat,0.0357,0.9643
MHS012293,2023,,3.06,3.07,107,44,135,-28,Tepat Waktu,1.0,0.0
MHS013055,2024,,2.86,2.61,62,29,95,-33,Tepat Waktu,1.0,0.0
MHS013534,2023,,2.98,1.89,94,37,135,-41,Tepat Waktu,1.0,0.0
MHS014774,2024,,3.03,2.04,56,23,95,-39,Tepat Waktu,1.0,0.0
MHS015424,2023,,3.23,2.43,52,20,135,-83,Tepat Waktu,1.0,0.0
MHS016074,2024,,3.11,2.35,60,25,95,-35,Tepat Waktu,1.0,0.0
MHS016991,2023,,3.22,2.92,105,38,135,-30,Tepat Waktu,1.0,0.0
MHS017095,2022,,3.13,2.03,116,44,144,-28,Tepat Waktu,0.996,0.004
MHS017225,2022,,2.57,2.58,150,62,144,6,Terlambat,0.0,1.0
MHS012533,2023,,2.96,3.0,107,45,135,-28,Tepat Waktu,1.0,0.0
MHS012645,2024,,2.94,2.04,59,23,95,-36,Tepat Waktu,1.0,0.0
MHS012841,2024,,3.04,2.44,58,26,95,-37,Tepat Waktu,1.0,0.0
MHS012874,2023,,2.96,2.53,100,39,135,-35,Tepat Waktu,1.0,0.0
MHS012927,2024,,2.96,2.75,59,23,95,-36,Tepat Waktu,1.0,0.0
MHS013267,2023,,2.97,2.53,100,45,135,-35,Tepat Waktu,1.0,0.0
MHS013603,2022,,3.09,2.15,132,50,144,-12,Terlambat,0.0002,0.9998
MHS014475,2024,,3.02,2.09,59,23,95,-36,Tepat Waktu,1.0,0.0
MHS014606,2024,,3.04,2.31,60,25,95,-35,Tepat Waktu,1.0,0.0
MHS014767,2024,,3.03,1.62,56,23,95,-39,Tepat Waktu,1.0,0.0
MHS016136,2023,,3.11,2.75,103,42,135,-32,Tepat Waktu,1.0,0.0
MHS016188,2024,,3.1,1.94,56,21,95,-39,Tepat Waktu,1.0,0.0
MHS016797,2022,,3.21,2.32,136,54,144,-8,Terlambat,0.0007,0.9993
MHS017094,2024,,3.15,2.37,57,22,95,-38,Tepat Waktu,1.0,0.0
MHS017342,2024,,3.14,2.19,59,22,95,-36,Tepat Waktu,1.0,0.0
MHS018074,2023,,3.16,2.95,107,43,135,-28,Tepat Waktu,1.0,0.0
MHS014631,2024,,3.03,2.08,59,23,95,-36,Tepat Waktu,1.0,0.0
MHS015708,2023,,3.04,2.59,100,39,135,-35,Tepat Waktu,1.0,0.0
MHS015873,2022,,3.24,3.35,153,62,144,9,Tepat Waktu,0.6636,0.3364
MHS012631,2024,,2.97,2.18,60,22,95,-35,Tepat Waktu,1.0,0.0
MHS012814,2024,,3.04,2.72,58,26,95,-37,Tepat Waktu,1.0,0.0
MHS014324,2024,,3.01,2.34,59,23,95,-36,Tepat Waktu,1.0,0.0
MHS014738,2023,,2.48,2.7,107,43,135,-28,Tepat Waktu,1.0,0.0
MHS016004,2023,,3.07,2.29,99,43,135,-36,Tepat Waktu,1.0,0.0
MHS016590,2024,,3.11,2.01,59,22,95,-36,Tepat Waktu,1.0,0.0
MHS016664,2024,,3.11,2.42,59,22,95,-36,Tepat Waktu,1.0,0.0
MHS012567,2021,,2.97,2.83,140,56,144,-4,Terlambat,0.0181,0.9819
MHS012691,2022,,2.97,2.41,134,50,144,-10,Terlambat,0.0019,0.9981
MHS012847,2021,,3.04,1.62,135,64,144,-9,Terlambat,0.0,1.0
MHS013448,2024,,2.98,2.63,59,23,95,-36,Tepat Waktu,1.0,0.0
MHS014191,2022,,2.99,2.5,140,56,144,-4,Terlambat,0.0004,0.9996
MHS015698,2024,,3.09,1.9,55,21,95,-40,Tepat Waktu,1.0,0.0
MHS015892,2023,,3.06,2.32,99,43,135,-36,Tepat Waktu,1.0,0.0
MHS015963,2024,,3.08,2.32,56,25,95,-39,Tepat Waktu,1.0,0.0
MHS016120,2022,,1.06,2.01,101,42,144,-43,Terlambat,0.1888,0.8112
MHS016563,2024,,3.13,1.99,57,22,95,-38,Tepat Waktu,1.0,0.0
MHS018311,2024,,3.25,1.42,58,22,95,-37,Tepat Waktu,1.0,0.0
MHS012617,2024,,2.94,2.19,59,23,95,-36,Tepat Waktu,1.0,0.0
MHS014319,2023,,3.1,2.27,101,37,135,-34,Tepat Waktu,1.0,0.0
MHS015896,2024,,3.08,2.21,56,22,95,-39,Tepat Waktu,1.0,0.0
MHS016268,2023,,3.15,3.07,108,43,135,-27,Tepat Waktu,1.0,0.0
MHS016936,2022,,3.24,2.42,132,51,144,-12,Terlambat,0.0219,0.9781
MHS017118,2024,,3.19,2.23,58,23,95,-37,Tepat Waktu,1.0,0.0
MHS017601,2024,,3.17,2.27,57,22,95,-38,Tepat Waktu,1.0,0.0
MHS017776,2024,,3.17,2.22,57,22,95,-38,Tepat Waktu,1.0,0.0
MHS012704,2023,,2.94,2.52,99,42,135,-36,Tepat Waktu,1.0,0.0
MHS013475,2022,,3.07,2.45,137,60,144,-7,Terlambat,0.0011,0.9989
MHS014044,2023,,2.97,2.57,102,40,135,-33,Tepat Waktu,1.0,0.0
MHS014990,2024,,3.13,1.97,58,24,95,-37,Tepat Waktu,1.0,0.0
MHS015674,2024,,3.07,1.9,56,23,95,-39,Tepat Waktu,1.0,0.0
MHS015743,2023,,3.16,2.76,104,41,135,-31,Tepat Waktu,1.0,0.0
MHS016716,2023,,3.19,1.58,87,36,135,-48,Tepat Waktu,1.0,0.0
MHS017312,2022,,3.19,3.18,150,62,144,6,Terlambat,0.4026,0.5974
MHS017478,2022,,3.29,3.27,150,61,144,6,Tepat Waktu,0.5715,0.4285
MHS017826,2024,,3.17,2.08,57,22,95,-38,Tepat Waktu,1.0,0.0
MHS018240,2023,,3.25,2.45,101,40,135,-34,Tepat Waktu,1.0,0.0
MHS012963,2023,,3.05,2.84,104,41,135,-31,Tepat Waktu,1.0,0.0
MHS013394,2023,,2.92,2.9,107,39,135,-28,Tepat Waktu,1.0,0.0
MHS013937,2024,,3.08,2.21,58,24,95,-37,Tepat Waktu,1.0,0.0
MHS015097,2023,,3.1,2.35,102,39,135,-33,Tepat Waktu,1.0,0.0
MHS015348,2024,,3.19,1.9,54,21,95,-41,Tepat Waktu,1.0,0.0
MHS015397,2024,,3.14,2.09,58,23,95,-37,Tepat Waktu,1.0,0.0
MHS015607,2023,,3.15,2.51,101,40,135,-34,Tepat Waktu,1.0,0.0
MHS015616,2024,,3.11,2.01,57,24,95,-38,Tepat Waktu,1.0,0.0
MHS016939,2024,,3.12,2.25,56,25,95,-39,Tepat Waktu,1.0,0.0
MHS017869,2024,,3.06,2.15,62,23,95,-33,Tepat Waktu,1.0,0.0
MHS012779,2024,,2.95,2.06,59,23,95,-36,Tepat Waktu,1.0,0.0
MHS013407,2022,,1.78,1.69,103,38,144,-41,Tepat Waktu,0.9956,0.0044
MHS013423,2024,,2.99,2.54,60,22,95,-35,Tepat Waktu,1.0,0.0
MHS013476,2024,,2.99,2.42,56,21,95,-39,Tepat Waktu,1.0,0.0
MHS014384,2024,,3.06,2.49,57,24,95,-38,Tepat Waktu,1.0,0.0
MHS014509,2023,,3.11,2.74,101,39,135,-34,Tepat Waktu,1.0,0.0
MHS016443,2024,,3.1,2.21,59,24,95,-36,Tepat Waktu,1.0,0.0
MHS018194,2022,,3.07,1.99,127,49,144,-17,Terlambat,0.0005,0.9995
MHS018303,2024,,3.19,2.32,59,23,95,-36,Tepat Waktu,1.0,0.0
MHS012511,2023,,2.8,1.24,92,38,135,-43,Tepat Waktu,1.0,0.0
MHS013258,2023,,2.97,2.7,103,39,135,-32,Tepat Waktu,1.0,0.0
MHS013465,2023,,3.09,3.09,99,42,135,-36,Tepat Waktu,1.0,0.0
MHS013515,2024,,2.98,2.33,59,23,95,-36,Tepat Waktu,1.0,0.0
MHS013532,2023,,3.06,2.86,108,43,135,-27,Tepat Waktu,1.0,0.0
MHS013802,2024,,3.05,2.48,57,24,95,-38,Tepat Waktu,1.0,0.0
MHS013840,2023,,3.1,2.64,105,43,135,-30,Tepat Waktu,1.0,0.0
MHS014563,2024,,3.5,3.5,58,25,95,-37,Tepat Waktu,1.0,0.0
MHS014626,2021,,3.07,2.03,124,51,144,-20,Terlambat,0.0103,0.9897
MHS015357,2023,,3.06,2.47,103,42,135,-32,Tepat Waktu,1.0,0.0
MHS015730,2024,,3.16,2.05,58,23,95,-37,Tepat Waktu,1.0,0.0
MHS017134,2024,,3.24,2.42,54,21,95,-41,Tepat Waktu,1.0,0.0
MHS012386,2023,,3.03,2.96,104,41,135,-31,Tepat Waktu,1.0,0.0
MHS012758,2024,,2.94,2.34,56,21,95,-39,Tepat Waktu,1.0,0.0
MHS012827,2024,,2.97,1.95,55,24,95,-40,Tepat Waktu,1.0,0.0
MHS013301,2022,,2.88,2.22,130,56,144,-14,Terlambat,0.0003,0.9997
MHS013717,2023,,3.25,3.25,106,41,135,-29,Tepat Waktu,1.0,0.0
MHS013729,2024,,3.01,1.97,55,22,95,-40,Tepat Waktu,1.0,0.0
MHS013848,2023,,3.25,3.25,108,42,135,-27,Tepat Waktu,1.0,0.0
MHS013870,2023,,2.99,2.77,99,38,135,-36,Tepat Waktu,1.0,0.0
MHS015316,2023,,3.05,2.16,99,39,135,-36,Tepat Waktu,1.0,0.0
MHS015632,2024,,3.11,2.1,57,24,95,-38,Tepat Waktu,1.0,0.0
MHS016569,2024,,3.11,2.21,59,22,95,-36,Tepat Waktu,1.0,0.0
MHS016654,2024,,3.11,2.75,59,22,95,-36,Tepat Waktu,1.0,0.0
MHS017295,2024,,3.16,1.98,57,24,95,-38,Tepat Waktu,1.0,0.0
MHS017441,2024,,3.15,2.24,59,24,95,-36,Tepat Waktu,1.0,0.0
MHS017649,2023,,3.22,3.11,108,44,135,-27,Tepat Waktu,1.0,0.0
MHS017716,2022,,3.12,2.0,138,56,144,-6,Terlambat,0.0,1.0
MHS017853,2023,,3.21,2.85,106,40,135,-29,Tepat Waktu,1.0,0.0
MHS012818,2024,,3.02,2.23,57,24,95,-38,Tepat Waktu,1.0,0.0
MHS013753,2023,,3.02,1.86,94,37,135,-41,Tepat Waktu,1.0,0.0
MHS013776,2024,,3.02,1.85,55,22,95,-40,Tepat Waktu,1.0,0.0
MHS014552,2024,,3.1,2.59,58,25,95,-37,Tepat Waktu,1.0,0.0
MHS016645,2022,,2.96,2.86,141,62,144,-3,Terlambat,0.0306,0.9694
MHS016763,2024,,3.13,2.44,60,25,95,-35,Tepat Waktu,1.0,0.0
MHS017061,2024,,3.12,2.11,55,22,95,-40,Tepat Waktu,1.0,0.0
MHS018061,2020,,3.6,1.84,161,69,144,17,Terlambat,0.0,1.0
MHS018430,2024,,3.19,2.08,59,23,95,-36,Tepat Waktu,1.0,0.0
MHS012374,2024,,2.94,0.0,17,6,95,-78,Tepat Waktu,1.0,0.0
MHS012544,2023,,2.94,2.47,103,39,135,-32,Tepat Waktu,1.0,0.0
MHS013451,2023,,3.05,2.46,97,39,135,-38,Tepat Waktu,1.0,0.0
MHS013733,2024,,2.99,2.57,59,23,95,-36,Tepat Waktu,1.0,0.0
MHS014425,2023,,3.12,2.9,106,41,135,-29,Tepat Waktu,1.0,0.0
MHS015262,2024,,2.64,2.53,36,14,95,-59,Tepat Waktu,1.0,0.0
MHS015447,2023,,3.06,2.57,103,41,135,-32,Tepat Waktu,1.0,0.0
MHS015571,2024,,3.15,1.77,58,23,95,-37,Tepat Waktu,1.0,0.0
MHS015596,2024,,3.15,2.17,58,23,95,-37,Tepat Waktu,1.0,0.0
MHS015865,2023,,2.32,2.62,106,41,135,-29,Tepat Waktu,1.0,0.0
MHS016410,2024,,3.13,2.19,60,25,95,-35,Tepat Waktu,1.0,0.0
MHS016610,2023,,3.08,2.21,99,36,135,-36,Tepat Waktu,1.0,0.0
MHS017093,2022,,2.87,2.87,153,62,144,9,Terlambat,0.0187,0.9813
MHS017322,2023,,3.09,2.4,99,40,135,-36,Tepat Waktu,1.0,0.0
MHS017879,2024,,3.17,2.19,59,23,95,-36,Tepat Waktu,1.0,0.0
MHS013520,2023,,2.97,2.89,99,38,135,-36,Tepat Waktu,1.0,0.0
MHS013545,2024,,3.03,2.31,57,24,95,-38,Tepat Waktu,1.0,0.0
MHS013649,2024,,3.03,2.11,57,24,95,-38,Tepat Waktu,1.0,0.0
MHS013715,2023,,3.05,2.56,101,41,135,-34,Tepat Waktu,1.0,0.0
MHS014972,2024,,3.07,2.03,57,22,95,-38,Tepat Waktu,1.0,0.0
MHS016089,2024,,3.08,2.09,59,22,95,-36,Tepat Waktu,1.0,0.0
MHS016313,2022,,3.01,2.31,129,52,144,-15,Terlambat,0.0122,0.9878
MHS017291,2022,,2.94,2.94,150,63,144,6,Terlambat,0.039,0.961
MHS018360,2023,,2.57,2.81,109,41,135,-26,Tepat Waktu,1.0,0.0
MHS012672,2023,,2.96,2.2,98,39,135,-37,Tepat Waktu,1.0,0.0
MHS012932,2024,,3.04,2.21,58,26,95,-37,Tepat Waktu,1.0,0.0
MHS013880,2023,,3.0,2.88,103,43,135,-32,Tepat Waktu,1.0,0.0
MHS014060,2023,,3.08,2.26,97,39,135,-38,Tepat Waktu,1.0,0.0
MHS015255,2024,,3.1,1.85,57,21,95,-38,Tepat Waktu,1.0,0.0
MHS016238,2024,,3.1,1.55,56,21,95,-39,Tepat Waktu,1.0,0.0
MHS016517,2024,,3.17,1.97,58,22,95,-37,Tepat Waktu,1.0,0.0
MHS016789,2024,,3.11,2.57,55,21,95,-40,Tepat Waktu,1.0,0.0
MHS016989,2024,,3.13,1.96,59,22,95,-36,Tepat Waktu,1.0,0.0
MHS017536,2022,,3.24,3.24,142,57,144,-2,Terlambat,0.3656,0.6344
MHS017929,2024,,3.18,1.88,60,24,95,-35,Tepat Waktu,1.0,0.0
MHS018121,2022,,3.02,2.77,141,57,144,-3,Terlambat,0.0077,0.9923
MHS018148,2022,,3.25,3.39,150,58,144,6,Tepat Waktu,0.564,0.436
MHS012611,2022,,2.87,2.14,134,51,144,-10,Terlambat,0.0,1.0
MHS013519,2022,,3.25,2.73,133,51,144,-11,Terlambat,0.3439,0.6561
MHS013627,2024,,3.03,2.46,57,24,95,-38,Tepat Waktu,1.0,0.0
MHS013666,2024,,3.04,2.75,57,24,95,-38,Tepat Waktu,1.0,0.0
MHS014646,2022,,2.76,2.68,143,56,144,-1,Terlambat,0.0003,0.9997
MHS015187,2022,,3.37,2.31,117,43,144,-27,Tepat Waktu,1.0,0.0
MHS015657,2024,,3.08,1.96,55,23,95,-40,Tepat Waktu,1.0,0.0
MHS017210,2023,,3.19,2.66,104,43,135,-31,Tepat Waktu,1.0,0.0
MHS018093,2021,,3.69,2.01,161,65,144,17,Terlambat,0.0002,0.9998
MHS018196,2024,,3.23,2.25,58,23,95,-37,Tepat Waktu,1.0,0.0
MHS012699,2024,,3.01,2.14,57,22,95,-38,Tepat Waktu,1.0,0.0
MHS013059,2023,,2.54,2.77,108,43,135,-27,Tepat Waktu,1.0,0.0
MHS013063,2023,,2.95,2.44,99,42,135,-36,Tepat Waktu,1.0,0.0
MHS013125,2023,,3.03,2.81,105,50,135,-30,Tepat Waktu,1.0,0.0
MHS013146,2024,,2.97,2.19,59,24,95,-36,Tepat Waktu,1.0,0.0
MHS013644,2024,,3.03,2.48,57,24,95,-38,Tepat Waktu,1.0,0.0
MHS013827,2022,,1.88,1.86,104,42,144,-40,Tepat Waktu,0.9993,0.0007
MHS014289,2022,,3.07,2.34,135,52,144,-9,Terlambat,0.0006,0.9994
MHS017479,2022,,3.17,2.87,137,61,144,-7,Terlambat,0.2423,0.7577
MHS017608,2019,,2.39,2.36,153,62,144,9,Terlambat,0.0,1.0
MHS017676,2023,,3.23,2.4,101,41,135,-34,Tepat Waktu,1.0,0.0
MHS018285,2024,,3.17,1.12,56,22,95,-39,Tepat Waktu,1.0,0.0
MHS012369,2024,,2.99,2.02,57,24,95,-38,Tepat Waktu,1.0,0.0
MHS012654,2022,,3.06,3.06,143,66,144,-1,Terlambat,0.3388,0.6612
MHS013279,2023,,3.05,2.87,105,37,135,-30,Tepat Waktu,1.0,0.0
MHS013526,2023,,2.56,2.67,107,41,135,-28,Tepat Waktu,1.0,0.0
MHS014751,2023,,3.12,2.8,101,39,135,-34,Tepat Waktu,1.0,0.0
MHS015016,2024,,3.03,2.0,59,23,95,-36,Tepat Waktu,1.0,0.0
MHS015021,2023,,3.03,2.29,99,39,135,-36,Tepat Waktu,1.0,0.0
MHS015065,2023,,3.08,2.09,95,38,135,-40,Tepat Waktu,1.0,0.0
MHS017571,2024,,3.18,2.16,60,24,95,-35,Tepat Waktu,1.0,0.0
MHS018284,2024,,3.14,1.6,55,23,95,-40,Tepat Waktu,1.0,0.0
MHS012516,2022,,3.05,2.2,132,50,144,-12,Terlambat,0.0004,0.9996
MHS012562,2024,,3.1,2.55,54,19,95,-41,Tepat Waktu,1.0,0.0
MHS012565,2023,,2.84,2.84,107,45,135,-28,Tepat Waktu,1.0,0.0
MHS013716,2023,,2.99,2.26,100,42,135,-35,Tepat Waktu,1.0,0.0
MHS013913,2023,,3.15,2.07,96,40,135,-39,Tepat Waktu,1.0,0.0
MHS014033,2022,,3.02,2.93,142,57,144,-2,Terlambat,0.0254,0.9746
MHS014069,2024,,3.03,1.93,55,21,95,-40,Tepat Waktu,1.0,0.0
MHS014108,2023,,3.07,2.55,104,41,135,-31,Tepat Waktu,1.0,0.0
MHS014114,2023,,3.13,2.88,105,42,135,-30,Tepat Waktu,1.0,0.0
MHS014152,2024,,3.09,2.25,58,25,95,-37,Tepat Waktu,1.0,0.0
MHS014478,2023,,3.14,2.65,105,42,135,-30,Tepat Waktu,1.0,0.0
MHS015156,2024,,3.05,1.99,56,25,95,-39,Tepat Waktu,1.0,0.0
MHS015273,2024,,3.06,2.09,56,23,95,-39,Tepat Waktu,1.0,0.0
MHS015980,2023,,3.1,2.37,102,38,135,-33,Tepat Waktu,1.0,0.0
MHS016781,2022,,3.24,3.38,153,63,144,9,Tepat Waktu,0.7277,0.2723
MHS016884,2024,,3.12,2.34,56,25,95,-39,Tepat Waktu,1.0,0.0
MHS016890,2022,,2.82,2.81,153,62,144,9,Terlambat,0.0075,0.9925
MHS017065,2022,,2.98,2.93,141,56,144,-3,Terlambat,0.0361,0.9639
MHS017177,2022,,3.25,3.27,150,63,144,6,Tepat Waktu,0.6238,0.3762
MHS017605,2023,,2.21,2.45,106,40,135,-29,Tepat Waktu,1.0,0.0
MHS017693,2024,,3.15,1.92,56,23,95,-39,Tepat Waktu,1.0,0.0
MHS017762,2022,,3.13,3.13,150,63,144,6,Terlambat,0.2345,0.7655
MHS018323,2021,,2.53,2.59,153,59,144,9,Terlambat,0.0001,0.9999
MHS012313,2024,,2.94,2.69,59,23,95,-36,Tepat Waktu,1.0,0.0
MHS012717,2023,,2.31,2.62,105,42,135,-30,Tepat Waktu,1.0,0.0
MHS012937,2023,,3.05,2.74,104,41,135,-31,Tepat Waktu,1.0,0.0
MHS013097,2024,,2.96,2.57,56,21,95,-39,Tepat Waktu,1.0,0.0
MHS013331,2020,,2.83,2.38,163,66,144,19,Terlambat,0.0107,0.9893
MHS014323,2024,,3.03,2.62,60,22,95,-35,Tepat Waktu,1.0,0.0
MHS014379,2024,,2.94,2.48,62,23,95,-33,Tepat Waktu,1.0,0.0
MHS014392,2024,,3.02,2.31,56,21,95,-39,Tepat Waktu,1.0,0.0
MHS014677,2024,,3.03,2.1,59,23,95,-36,Tepat Waktu,1.0,0.0
MHS015267,2023,,3.11,3.1,108,42,135,-27,Tepat Waktu,1.0,0.0
MHS015392,2024,,3.08,2.58,60,24,95,-35,Tepat Waktu,1.0,0.0
MHS016859,2024,,3.07,0.33,18,7,95,-77,Tepat Waktu,1.0,0.0
MHS016908,2024,,0.44,1.78,59,22,95,-36,Tepat Waktu,1.0,0.0
MHS017468,2024,,3.14,2.25,56,25,95,-39,Tepat Waktu,1.0,0.0
MHS013380,2022,,0.33,1.43,102,37,144,-42,Terlambat,0.0,1.0
MHS013597,2024,,3.07,2.06,58,24,95,-37,Tepat Waktu,1.0,0.0
MHS014101,2024,,3.09,2.46,58,25,95,-37,Tepat Waktu,1.0,0.0
MHS014235,2022,,2.87,2.83,141,57,144,-3,Terlambat,0.0075,0.9925
MHS014461,2024,,3.03,2.16,56,21,95,-39,Tepat Waktu,1.0,0.0
MHS016171,2024,,3.12,2.44,60,25,95,-35,Tepat Waktu,1.0,0.0
MHS016712,2024,,3.12,1.4,56,21,95,-39,Tepat Waktu,1.0,0.0
MHS016841,2024,,3.18,2.09,58,22,95,-37,Tepat Waktu,1.0,0.0
MHS017304,2022,,3.17,2.31,137,62,144,-7,Terlambat,0.0004,0.9996
MHS017730,2022,,3.08,3.08,150,61,144,6,Terlambat,0.106,0.894
MHS018016,2023,,3.23,2.83,108,44,135,-27,Tepat Waktu,1.0,0.0
MHS018396,2023,,3.17,2.34,97,38,135,-38,Tepat Waktu,1.0,0.0
MHS012438,2024,,2.97,2.22,60,23,95,-35,Tepat Waktu,1.0,0.0
MHS012466,2021,,2.92,1.97,138,53,144,-6,Terlambat,0.0,1.0
MHS012764,2024,,2.94,1.92,56,24,95,-39,Tepat Waktu,1.0,0.0
MHS013412,2023,,3.06,2.73,106,41,135,-29,Tepat Waktu,1.0,0.0
MHS014155,2024,,3.01,2.39,60,22,95,-35,Tepat Waktu,1.0,0.0
MHS015006,2024,,3.13,2.41,58,24,95,-37,Tepat Waktu,1.0,0.0
MHS015119,2024,,2.97,0.0,18,7,95,-77,Tepat Waktu,1.0,0.0
MHS015173,2022,,3.27,3.27,136,52,144,-8,Tepat Waktu,0.856,0.144
MHS016146,2024,,3.1,1.88,55,21,95,-40,Tepat Waktu,1.0,0.0
MHS016368,2024,,2.71,1.53,36,14,95,-59,Tepat Waktu,1.0,0.0
MHS016431,2023,,3.17,2.74,104,41,135,-31,Tepat Waktu,1.0,0.0
MHS016980,2024,,3.23,2.1,54,21,95,-41,Tepat Waktu,1.0,0.0
MHS017562,2022,,3.49,3.43,150,57,144,6,Tepat Waktu,0.6548,0.3452
MHS017634,2024,,3.16,2.11,59,23,95,-36,Tepat Waktu,1.0,0.0
MHS012602,2021,,3.09,2.27,164,65,144,20,Terlambat,0.0157,0.9843
MHS012719,2023,,3.03,2.71,105,50,135,-30,Tepat Waktu,1.0,0.0
MHS012905,2021,,2.72,1.05,119,48,144,-25,Terlambat,0.0,1.0
MHS012971,2022,,2.98,2.39,98,41,144,-46,Tepat Waktu,1.0,0.0
MHS013009,2023,,3.04,1.78,93,37,135,-42,Tepat Waktu,1.0,0.0
MHS013523,2023,,2.98,2.77,100,44,135,-35,Tepat Waktu,1.0,0.0
MHS013574,2024,,3.15,2.35,54,21,95,-41,Tepat Waktu,1.0,0.0
MHS013759,2023,,2.61,2.78,109,42,135,-26,Tepat Waktu,1.0,0.0
MHS014020,2022,,3.05,3.03,139,65,144,-5,Terlambat,0.4179,0.5821
MHS014608,2024,,3.06,2.25,57,24,95,-38,Tepat Waktu,1.0,0.0
MHS014795,2023,,3.01,2.36,99,38,135,-36,Tepat Waktu,1.0,0.0
MHS014797,2023,,3.0,2.71,100,38,135,-35,Tepat Waktu,1.0,0.0
MHS014859,2023,,3.13,2.87,101,39,135,-34,Tepat Waktu,1.0,0.0
MHS015271,2024,,3.14,2.37,58,24,95,-37,Tepat Waktu,1.0,0.0
MHS015696,2022,,3.06,2.5,99,37,144,-45,Tepat Waktu,1.0,0.0
MHS016247,2022,,3.13,2.04,128,49,144,-16,Terlambat,0.0007,0.9993
MHS016952,2024,,3.12,2.5,59,22,95,-36,Tepat Waktu,1.0,0.0
MHS017075,2023,,2.37,2.7,108,43,135,-27,Tepat Waktu,1.0,0.0
MHS017235,2023,,3.06,2.18,98,39,135,-37,Tepat Waktu,1.0,0.0
MHS013632,2024,,3.03,2.23,57,24,95,-38,Tepat Waktu,1.0,0.0
MHS014228,2022,,3.15,2.27,136,60,144,-8,Terlambat,0.0002,0.9998
MHS015139,2024,,2.98,2.53,62,23,95,-33,Tepat Waktu,1.0,0.0
MHS015400,2023,,3.14,2.8,104,39,135,-31,Tepat Waktu,1.0,0.0
MHS016696,2024,,3.11,2.03,59,22,95,-36,Tepat Waktu,1.0,0.0
MHS017729,2024,,3.17,1.72,57,26,95,-38,Tepat Waktu,1.0,0.0
MHS013206,2021,,3.06,2.6,137,56,144,-7,Terlambat,0.0117,0.9883
MHS014049,2023,,2.11,2.61,105,42,135,-30,Tepat Waktu,1.0,0.0
MHS014274,2024,,3.06,2.18,57,24,95,-38,Tepat Waktu,1.0,0.0
MHS014480,2023,,2.51,2.72,107,41,135,-28,Tepat Waktu,1.0,0.0
MHS014916,2024,,2.96,2.37,62,23,95,-33,Tepat Waktu,1.0,0.0
MHS015975,2022,,3.06,2.58,139,53,144,-5,Terlambat,0.0038,0.9962
MHS016177,2024,,3.08,2.49,59,24,95,-36,Tepat Waktu,1.0,0.0
MHS016413,2024,,3.13,2.51,60,25,95,-35,Tepat Waktu,1.0,0.0
MHS016932,2023,,3.2,2.15,93,37,135,-42,Tepat Waktu,1.0,0.0
MHS017285,2023,,3.15,2.74,102,42,135,-33,Tepat Waktu,1.0,0.0
MHS017318,2023,,3.16,2.54,102,41,135,-33,Tepat Waktu,1.0,0.0
MHS017420,2023,,3.06,2.15,100,38,135,-35,Tepat Waktu,1.0,0.0
MHS017861,2023,,3.22,2.72,105,37,135,-30,Tepat Waktu,1.0,0.0
MHS017923,2023,,3.22,2.76,105,40,135,-30,Tepat Waktu,1.0,0.0
MHS017996,2023,,3.06,3.02,110,48,135,-25,Tepat Waktu,1.0,0.0
MHS018067,2022,,3.61,3.52,150,58,144,6,Tepat Waktu,0.8135,0.1865
MHS018266,2024,,3.19,2.49,60,28,95,-35,Tepat Waktu,1.0,0.0
MHS014072,2023,,3.15,2.08,96,40,135,-39,Tepat Waktu,1.0,0.0
MHS014546,2024,,3.04,1.94,55,23,95,-40,Tepat Waktu,1.0,0.0
MHS014938,2023,,3.03,2.21,99,40,135,-36,Tepat Waktu,1.0,0.0
MHS015737,2022,,3.06,2.75,99,38,144,-45,Tepat Waktu,1.0,0.0
MHS015956,2020,,3.26,2.14,161,66,144,17,Terlambat,0.0011,0.9989
MHS017003,2024,,3.13,2.08,56,25,95,-39,Tepat Waktu,1.0,0.0
MHS017116,2023,,3.22,1.85,93,38,135,-42,Tepat Waktu,1.0,0.0
MHS017939,2023,,3.18,2.55,103,39,135,-32,Tepat Waktu,1.0,0.0
MHS018295,2020,,2.76,2.76,153,58,144,9,Terlambat,0.0018,0.9982
MHS018375,2023,,3.22,2.53,104,42,135,-31,Tepat Waktu,1.0,0.0
MHS012804,2024,,3.02,1.84,57,22,95,-38,Tepat Waktu,1.0,0.0
MHS012815,2023,,3.05,2.74,104,41,135,-31,Tepat Waktu,1.0,0.0
MHS014423,2023,,3.05,2.32,95,38,135,-40,Tepat Waktu,1.0,0.0
MHS015668,2023,,3.16,2.49,104,41,135,-31,Tepat Waktu,1.0,0.0
MHS016351,2022,,3.11,2.7,135,52,144,-9,Terlambat,0.0603,0.9397
MHS016460,2024,,3.22,2.02,54,21,95,-41,Tepat Waktu,1.0,0.0
MHS016603,2022,,3.51,3.45,153,57,144,9,Tepat Waktu,0.7778,0.2222
MHS018336,2022,,3.3,3.28,152,64,144,8,Tepat Waktu,0.784,0.216
MHS018405,2022,,3.12,3.19,154,63,144,10,Tepat Waktu,0.5722,0.4278
MHS012326,2024,,3.02,2.55,58,23,95,-37,Tepat Waktu,1.0,0.0
MHS012604,2022,,3.15,3.14,143,66,144,-1,Tepat Waktu,0.5764,0.4236
MHS012934,2020,,2.63,2.53,141,56,144,-3,Terlambat,0.0001,0.9999
MHS013053,2023,,2.84,2.87,107,45,135,-28,Tepat Waktu,1.0,0.0
MHS013525,2024,,3.15,1.74,54,23,95,-41,Tepat Waktu,1.0,0.0
MHS013909,2022,,3.01,2.05,129,51,144,-15,Terlambat,0.0001,0.9999
MHS014409,2024,,3.02,2.19,59,23,95,-36,Tepat Waktu,1.0,0.0
MHS015245,2023,,3.1,2.47,102,43,135,-33,Tepat Waktu,1.0,0.0
MHS016270,2024,,3.09,2.22,59,24,95,-36,Tepat Waktu,1.0,0.0
MHS017548,2023,,3.17,2.83,103,40,135,-32,Tepat Waktu,1.0,0.0
MHS018182,2024,,3.16,1.91,56,25,95,-39,Tepat Waktu,1.0,0.0
MHS013846,2024,,3.05,2.38,57,24,95,-38,Tepat Waktu,1.0,0.0
MHS014232,2024,,3.04,1.16,55,21,95,-40,Tepat Waktu,1.0,0.0
MHS014365,2022,,2.95,2.37,138,62,144,-6,Terlambat,0.0002,0.9998
MHS014852,2024,,3.07,2.6,57,22,95,-38,Tepat Waktu,1.0,0.0
MHS014900,2021,,2.6,1.62,121,47,144,-23,Terlambat,0.0,1.0
MHS016494,2024,,3.1,3.1,59,22,95,-36,Tepat Waktu,1.0,0.0
MHS016663,2024,,3.12,2.22,56,25,95,-39,Tepat Waktu,1.0,0.0
MHS017572,2022,,2.94,1.97,127,50,144,-17,Terlambat,0.0002,0.9998
MHS012743,2024,,3.01,2.23,57,24,95,-38,Tepat Waktu,1.0,0.0
MHS013575,2023,,3.08,2.13,93,37,135,-42,Tepat Waktu,1.0,0.0
MHS014678,2023,,3.12,2.29,101,38,135,-34,Tepat Waktu,1.0,0.0
MHS014721,2024,,3.03,2.15,59,23,95,-36,Tepat Waktu,1.0,0.0
MHS014815,2024,,2.96,2.19,62,23,95,-33,Tepat Waktu,1.0,0.0
MHS014969,2024,,3.13,1.92,58,24,95,-37,Tepat Waktu,1.0,0.0
MHS015646,2023,,3.13,2.75,90,34,135,-45,Tepat Waktu,1.0,0.0
MHS015970,2023,,2.94,3.0,110,51,135,-25,Tepat Waktu,1.0,0.0
MHS016634,2023,,2.33,2.55,107,43,135,-28,Tepat Waktu,1.0,0.0
MHS017694,2022,,3.09,2.38,142,55,144,-2,Terlambat,0.0001,0.9999
MHS018247,2024,,3.24,2.8,58,23,95,-37,Tepat Waktu,1.0,0.0
MHS012501,2022,,3.23,3.23,143,66,144,-1,Tepat Waktu,0.7598,0.2402
MHS014153,2024,,3.09,2.56,58,25,95,-37,Tepat Waktu,1.0,0.0
MHS014405,2023,,3.1,2.33,101,41,135,-34,Tepat Waktu,1.0,0.0
MHS014789,2023,,3.08,2.9,108,42,135,-27,Tepat Waktu,1.0,0.0
MHS014878,2024,,3.15,2.38,61,28,95,-34,Tepat Waktu,1.0,0.0
MHS015766,2023,,3.16,2.86,101,38,135,-34,Tepat Waktu,1.0,0.0
MHS015926,2024,,3.09,2.06,55,21,95,-40,Tepat Waktu,1.0,0.0
MHS016166,2024,,3.11,2.09,60,25,95,-35,Tepat Waktu,1.0,0.0
MHS016225,2024,,3.01,2.72,18,7,95,-77,Tepat Waktu,1.0,0.0
MHS016551,2023,,2.96,2.21,75,29,135,-60,Tepat Waktu,1.0,0.0
MHS017248,2022,,3.52,1.52,120,47,144,-24,Terlambat,0.0001,0.9999
MHS017367,2024,,3.19,2.2,58,23,95,-37,Tepat Waktu,1.0,0.0
MHS017576,2022,,3.25,3.26,143,56,144,-1,Terlambat,0.3553,0.6447
MHS017617,2023,,3.22,2.69,101,41,135,-34,Tepat Waktu,1.0,0.0
MHS017816,2024,,3.13,1.68,55,24,95,-40,Tepat Waktu,1.0,0.0
MHS012331,2023,,2.94,2.87,103,40,135,-32,Tepat Waktu,1.0,0.0
MHS012623,2024,,3.11,1.82,54,19,95,-41,Tepat Waktu,1.0,0.0
MHS014634,2024,,3.11,2.55,58,25,95,-37,Tepat Waktu,1.0,0.0
MHS015013,2023,,2.87,1.58,91,36,135,-44,Tepat Waktu,1.0,0.0
MHS015120,2024,,3.07,2.3,60,25,95,-35,Tepat Waktu,1.0,0.0
MHS015639,2024,,3.11,2.24,57,22,95,-38,Tepat Waktu,1.0,0.0
MHS015712,2022,,3.01,2.51,138,60,144,-6,Terlambat,0.0012,0.9988
MHS016977,2023,,3.19,2.52,96,35,135,-39,Tepat Waktu,1.0,0.0
MHS018077,2022,,3.1,2.88,142,57,144,-2,Terlambat,0.0266,0.9734
MHS018361,2022,,3.17,2.54,140,54,144,-4,Terlambat,0.0019,0.9981
MHS012482,2023,,3.02,3.0,108,41,135,-27,Tepat Waktu,1.0,0.0
MHS013932,2024,,0.89,1.62,61,23,95,-34,Tepat Waktu,1.0,0.0
MHS015209,2024,,3.09,1.94,57,23,95,-38,Tepat Waktu,1.0,0.0
MHS016444,2023,,3.13,2.38,102,38,135,-33,Tepat Waktu,1.0,0.0
MHS016475,2022,,2.3,2.52,141,53,144,-3,Terlambat,0.0,1.0
MHS016607,2024,,3.11,2.17,59,22,95,-36,Tepat Waktu,1.0,0.0
MHS018415,2024,,3.18,1.71,56,24,95,-39,Tepat Waktu,1.0,0.0
MHS012857,2024,,2.98,2.63,60,22,95,-35,Tepat Waktu,1.0,0.0
MHS013576,2024,,3.02,2.0,17,6,95,-78,Tepat Waktu,1.0,0.0
MHS013690,2024,,3.07,2.46,58,24,95,-37,Tepat Waktu,1.0,0.0
MHS014632,2023,,3.01,2.56,99,38,135,-36,Tepat Waktu,1.0,0.0
MHS014763,2023,,3.08,2.81,108,41,135,-27,Tepat Waktu,1.0,0.0
MHS014780,2023,,3.11,2.76,104,39,135,-31,Tepat Waktu,1.0,0.0
MHS014874,2024,,3.12,2.01,58,24,95,-37,Tepat Waktu,1.0,0.0
MHS015832,2023,,3.16,2.62,101,38,135,-34,Tepat Waktu,1.0,0.0
MHS015839,2024,,3.16,1.96,58,23,95,-37,Tepat Waktu,1.0,0.0
MHS016079,2024,,3.16,2.39,58,23,95,-37,Tepat Waktu,1.0,0.0
MHS016100,2024,,3.2,2.29,54,21,95,-41,Tepat Waktu,1.0,0.0
MHS016543,2024,,3.17,2.06,58,22,95,-37,Tepat Waktu,1.0,0.0
MHS016849,2021,,3.01,2.88,131,50,144,-13,Tepat Waktu,0.7721,0.2279
MHS016894,2023,,3.12,2.81,107,40,135,-28,Tepat Waktu,1.0,0.0
MHS017175,2023,,3.16,2.13,95,38,135,-40,Tepat Waktu,1.0,0.0
MHS013113,2024,,3.14,2.28,54,19,95,-41,Tepat Waktu,1.0,0.0
MHS013359,2022,,1.14,1.09,103,44,144,-41,Terlambat,0.0,1.0
MHS014206,2024,,3.04,1.89,55,23,95,-40,Tepat Waktu,1.0,0.0
MHS014824,2023,,3.31,3.31,108,41,135,-27,Tepat Waktu,1.0,0.0
MHS015079,2024,,3.06,2.4,60,24,95,-35,Tepat Waktu,1.0,0.0
MHS016390,2023,,3.39,1.79,80,32,135,-55,Tepat Waktu,1.0,0.0
MHS016792,2024,,3.13,2.79,60,22,95,-35,Tepat Waktu,1.0,0.0
MHS017084,2023,,3.2,3.21,109,42,135,-26,Tepat Waktu,1.0,0.0
MHS017433,2022,,2.94,2.95,150,63,144,6,Terlambat,0.042,0.958
MHS017460,2024,,3.15,2.57,59,24,95,-36,Tepat Waktu,1.0,0.0
MHS017899,2024,,3.22,2.43,58,23,95,-37,Tepat Waktu,1.0,0.0
MHS013309,2023,,3.02,2.72,101,41,135,-34,Tepat Waktu,1.0,0.0
MHS013351,2020,,2.28,2.25,141,53,144,-3,Terlambat,0.0,1.0
MHS013678,2022,,2.88,2.88,141,65,144,-3,Terlambat,0.0417,0.9583
MHS014378,2024,,3.01,2.45,59,23,95,-36,Tepat Waktu,1.0,0.0
MHS014579,2024,,2.94,2.1,62,23,95,-33,Tepat Waktu,1.0,0.0
MHS014635,2024,,3.11,2.57,58,25,95,-37,Tepat Waktu,1.0,0.0
MHS015147,2023,,3.14,2.33,101,40,135,-34,Tepat Waktu,1.0,0.0
MHS015309,2024,,3.06,2.49,56,23,95,-39,Tepat Waktu,1.0,0.0
MHS015825,2023,,3.06,2.52,99,43,135,-36,Tepat Waktu,1.0,0.0
MHS016356,2024,,3.1,2.33,59,24,95,-36,Tepat Waktu,1.0,0.0
MHS016685,2023,,3.21,2.87,105,41,135,-30,Tepat Waktu,1.0,0.0
MHS018395,2024,,3.25,2.27,58,26,95,-37,Tepat Waktu,1.0,0.0
MHS018431,2022,,3.07,3.07,151,62,144,7,Terlambat,0.1251,0.8749
MHS014562,2023,,3.11,2.58,101,39,135,-34,Tepat Waktu,1.0,0.0
MHS014679,2020,,2.5,2.35,121,46,144,-23,Tepat Waktu,0.5963,0.4037
MHS014880,2023,,3.01,2.51,99,38,135,-36,Tepat Waktu,1.0,0.0
MHS015494,2024,,3.18,2.24,61,23,95,-34,Tepat Waktu,1.0,0.0
MHS015898,2022,,3.08,2.47,135,51,144,-9,Terlambat,0.0043,0.9957
MHS016311,2023,,2.39,2.7,108,43,135,-27,Tepat Waktu,1.0,0.0
MHS016672,2023,,3.17,2.95,86,40,135,-49,Tepat Waktu,1.0,0.0
MHS016675,2023,,2.38,2.63,108,43,135,-27,Tepat Waktu,1.0,0.0
MHS017161,2024,,3.25,2.27,54,21,95,-41,Tepat Waktu,1.0,0.0
MHS012292,2024,,3.23,3.22,36,14,95,-59,Tepat Waktu,1.0,0.0
MHS012967,2024,,2.96,2.52,59,23,95,-36,Tepat Waktu,1.0,0.0
MHS015643,2023,,3.13,2.0,95,39,135,-40,Tepat Waktu,1.0,0.0
MHS013197,2024,,2.96,2.14,56,21,95,-39,Tepat Waktu,1.0,0.0
MHS013297,2024,,3.06,2.4,58,26,95,-37,Tepat Waktu,1.0,0.0
MHS013971,2024,,3.08,2.29,58,25,95,-37,Tepat Waktu,1.0,0.0
MHS014493,2024,,3.18,2.07,54,21,95,-41,Tepat Waktu,1.0,0.0
MHS016917,2024,,3.15,1.95,57,22,95,-38,Tepat Waktu,1.0,0.0
MHS018345,2023,,3.17,2.31,97,39,135,-38,Tepat Waktu,1.0,0.0
MHS012295,2023,,3.04,3.06,112,52,135,-23,Tepat Waktu,1.0,0.0
MHS013886,2022,,3.08,2.96,137,60,144,-7,Terlambat,0.193,0.807
MHS014070,2022,,2.37,2.45,141,56,144,-3,Terlambat,0.0,1.0
MHS014104,2024,,3.01,2.1,60,22,95,-35,Tepat Waktu,1.0,0.0
MHS014430,2023,,3.35,1.83,72,28,135,-63,Tepat Waktu,1.0,0.0
MHS014559,2023,,3.11,2.11,97,38,135,-38,Tepat Waktu,1.0,0.0
MHS014984,2024,,3.07,2.04,57,22,95,-38,Tepat Waktu,1.0,0.0
MHS015622,2024,,3.06,2.45,59,24,95,-36,Tepat Waktu,1.0,0.0
MHS015740,2023,,3.09,2.62,103,42,135,-32,Tepat Waktu,1.0,0.0
MHS016096,2022,,3.05,3.04,143,58,144,-1,Terlambat,0.0863,0.9137
MHS016331,2023,,2.28,2.67,106,40,135,-29,Tepat Waktu,1.0,0.0
MHS016555,2022,,3.08,2.11,124,48,144,-20,Terlambat,0.0539,0.9461
MHS012831,2024,,2.97,2.24,60,22,95,-35,Tepat Waktu,1.0,0.0
MHS012880,2024,,2.95,2.12,59,23,95,-36,Tepat Waktu,1.0,0.0
MHS013260,2020,,2.46,1.67,121,48,144,-23,Terlambat,0.0,1.0
MHS014779,2023,,3.14,2.71,105,42,135,-30,Tepat Waktu,1.0,0.0
MHS014921,2023,,3.16,2.76,106,42,135,-29,Tepat Waktu,1.0,0.0
MHS015128,2024,,3.08,2.08,57,23,95,-38,Tepat Waktu,1.0,0.0
MHS015196,2024,,3.14,1.88,58,24,95,-37,Tepat Waktu,1.0,0.0
MHS015066,2024,,3.04,2.48,59,23,95,-36,Tepat Waktu,1.0,0.0
MHS015701,2023,,3.15,2.41,101,40,135,-34,Tepat Waktu,1.0,0.0
MHS016820,2023,,3.14,2.42,102,43,135,-33,Tepat Waktu,1.0,0.0
MHS016902,2023,,2.78,2.64,111,41,135,-24,Tepat Waktu,1.0,0.0
MHS016984,2024,,3.13,2.16,56,25,95,-39,Tepat Waktu,1.0,0.0
MHS017213,2024,,3.15,2.38,60,23,95,-35,Tepat Waktu,1.0,0.0
MHS017643,2019,,1.98,2.02,153,71,144,9,Terlambat,0.0,1.0
MHS017849,2022,,3.13,3.13,150,59,144,6,Terlambat,0.2004,0.7996
MHS018281,2023,,3.22,2.54,104,42,135,-31,Tepat Waktu,1.0,0.0
MHS012590,2024,,2.97,0.0,17,6,95,-78,Tepat Waktu,1.0,0.0
MHS013276,2024,,2.88,2.54,62,29,95,-33,Tepat Waktu,1.0,0.0
MHS013740,2024,,2.99,2.38,56,21,95,-39,Tepat Waktu,1.0,0.0
MHS014408,2024,,3.1,2.4,58,25,95,-37,Tepat Waktu,1.0,0.0
MHS015921,2023,,3.17,2.48,104,41,135,-31,Tepat Waktu,1.0,0.0
MHS015933,2023,,3.16,2.2,97,39,135,-38,Tepat Waktu,1.0,0.0
MHS016933,2023,,3.16,1.6,94,39,135,-41,Tepat Waktu,1.0,0.0
MHS017554,2023,,3.21,2.94,106,41,135,-29,Tepat Waktu,1.0,0.0
MHS017930,2024,,3.18,2.2,60,23,95,-35,Tepat Waktu,1.0,0.0
MHS013034,2023,,2.55,2.74,108,43,135,-27,Tepat Waktu,1.0,0.0
MHS014201,2024,,3.16,2.14,54,21,95,-41,Tepat Waktu,1.0,0.0
MHS014307,2023,,3.16,2.09,96,40,135,-39,Tepat Waktu,1.0,0.0
MHS015542,2023,,3.13,1.93,94,37,135,-41,Tepat Waktu,1.0,0.0
MHS015770,2022,,1.49,1.51,108,42,144,-36,Terlambat,0.0,1.0
MHS015801,2022,,3.08,2.7,135,54,144,-9,Terlambat,0.0425,0.9575
MHS016019,2023,,3.11,2.5,103,42,135,-32,Tepat Waktu,1.0,0.0
MHS016288,2022,,3.02,3.03,141,53,144,-3,Terlambat,0.073,0.927
MHS018104,2024,,3.17,2.1,57,23,95,-38,Tepat Waktu,1.0,0.0
MHS018394,2021,,3.16,3.14,150,62,144,6,Terlambat,0.3109,0.6891
MHS018400,2022,,3.28,2.5,136,52,144,-8,Terlambat,0.0089,0.9911
MHS012497,2023,,2.57,2.73,108,43,135,-27,Tepat Waktu,1.0,0.0
MHS013517,2023,,2.52,2.52,108,43,135,-27,Tepat Waktu,1.0,0.0
MHS014440,2023,,3.11,2.36,101,38,135,-34,Tepat Waktu,1.0,0.0
MHS014587,2022,,2.89,2.14,130,50,144,-14,Terlambat,0.0002,0.9998
MHS014671,2023,,3.1,2.58,104,44,135,-31,Tepat Waktu,1.0,0.0
MHS015133,2024,,3.05,1.83,56,21,95,-39,Tepat Waktu,1.0,0.0
MHS015213,2024,,3.05,2.13,56,23,95,-39,Tepat Waktu,1.0,0.0
MHS015592,2023,,3.16,2.57,104,43,135,-31,Tepat Waktu,1.0,0.0
MHS016236,2024,,3.17,1.89,58,23,95,-37,Tepat Waktu,1.0,0.0
MHS016323,2023,,3.04,2.33,98,39,135,-37,Tepat Waktu,1.0,0.0
MHS016372,2024,,3.22,2.16,54,21,95,-41,Tepat Waktu,1.0,0.0
MHS017151,2023,,3.06,2.62,98,38,135,-37,Tepat Waktu,1.0,0.0
MHS017279,2023,,3.14,2.73,103,40,135,-32,Tepat Waktu,1.0,0.0
MHS017538,2022,,3.14,3.15,153,63,144,9,Terlambat,0.4815,0.5185
MHS017678,2023,,3.2,2.61,104,43,135,-31,Tepat Waktu,1.0,0.0
MHS017904,2023,,3.16,2.9,107,40,135,-28,Tepat Waktu,1.0,0.0
MHS018098,2023,,3.19,2.98,103,37,135,-32,Tepat Waktu,1.0,0.0
MHS018133,2023,,3.25,2.95,106,43,135,-29,Tepat Waktu,1.0,0.0
MHS012418,2023,,2.61,2.62,109,42,135,-26,Tepat Waktu,1.0,0.0
MHS012712,2023,,3.04,2.81,104,41,135,-31,Tepat Waktu,1.0,0.0
MHS014176,2022,,3.12,2.24,116,45,144,-28,Tepat Waktu,0.9999,0.0001
MHS014629,2024,,3.02,2.38,59,23,95,-36,Tepat Waktu,1.0,0.0
MHS016286,2023,,3.2,2.71,105,41,135,-30,Tepat Waktu,1.0,0.0
MHS018256,2024,,3.24,3.25,36,14,95,-59,Tepat Waktu,1.0,0.0
MHS012306,2024,,2.98,2.61,57,22,95,-38,Tepat Waktu,1.0,0.0
MHS012985,2024,,3.04,2.45,58,26,95,-37,Tepat Waktu,1.0,0.0
MHS013284,2024,,3.05,2.51,58,26,95,-37,Tepat Waktu,1.0,0.0
MHS013911,2023,,2.95,2.36,102,38,135,-33,Tepat Waktu,1.0,0.0
MHS014168,2022,,3.06,3.07,143,56,144,-1,Terlambat,0.104,0.896
MHS015968,2024,,3.11,2.6,60,25,95,-35,Tepat Waktu,1.0,0.0
MHS017742,2024,,3.15,1.86,56,23,95,-39,Tepat Waktu,1.0,0.0
MHS017769,2022,,3.3,3.68,157,64,144,13,Tepat Waktu,0.9728,0.0272
MHS017917,2022,,3.53,3.42,150,61,144,6,Tepat Waktu,0.8127,0.1873
MHS018164,2024,,3.23,2.26,58,23,95,-37,Tepat Waktu,1.0,0.0
MHS013630,2023,,2.95,1.69,92,37,135,-43,Tepat Waktu,1.0,0.0
MHS013681,2024,,2.99,2.15,59,23,95,-36,Tepat Waktu,1.0,0.0
MHS015477,2022,,3.27,3.27,99,37,144,-45,Tepat Waktu,1.0,0.0
MHS016169,2024,,3.1,1.71,56,22,95,-39,Tepat Waktu,1.0,0.0
MHS016199,2024,,3.12,2.14,57,22,95,-38,Tepat Waktu,1.0,0.0
MHS016406,2023,,3.12,2.8,103,42,135,-32,Tepat Waktu,1.0,0.0
MHS017456,2022,,3.22,2.35,136,51,144,-8,Terlambat,0.0011,0.9989
MHS013436,2024,,3.03,2.41,57,22,95,-38,Tepat Waktu,1.0,0.0
MHS014084,2023,,2.49,2.69,108,42,135,-27,Tepat Waktu,1.0,0.0
MHS015296,2024,,3.05,2.68,59,24,95,-36,Tepat Waktu,1.0,0.0
MHS015481,2023,,3.1,2.42,102,43,135,-33,Tepat Waktu,1.0,0.0
MHS016338,2023,,3.07,2.42,99,40,135,-36,Tepat Waktu,1.0,0.0
MHS016619,2024,,3.11,2.32,59,22,95,-36,Tepat Waktu,1.0,0.0
MHS016692,2023,,3.18,2.66,104,41,135,-31,Tepat Waktu,1.0,0.0
MHS017423,2023,,3.13,2.89,107,41,135,-28,Tepat Waktu,1.0,0.0
MHS017735,2024,,3.17,2.04,57,24,95,-38,Tepat Waktu,1.0,0.0
MHS018047,2024,,3.18,1.9,59,22,95,-36,Tepat Waktu,1.0,0.0
MHS012583,2023,,3.15,1.71,50,20,135,-85,Tepat Waktu,1.0,0.0
MHS013071,2024,,2.87,2.77,62,29,95,-33,Tepat Waktu,1.0,0.0
MHS013980,2023,,3.06,2.58,101,41,135,-34,Tepat Waktu,1.0,0.0
MHS014598,2023,,3.12,2.07,97,33,135,-38,Tepat Waktu,1.0,0.0
MHS015125,2024,,2.98,2.45,62,23,95,-33,Tepat Waktu,1.0,0.0
MHS016280,2024,,3.13,2.52,57,22,95,-38,Tepat Waktu,1.0,0.0
MHS016670,2024,,3.11,1.83,59,22,95,-36,Tepat Waktu,1.0,0.0
MHS017110,2022,,3.42,3.4,150,62,144,6,Tepat Waktu,0.7938,0.2062
MHS018379,2023,,3.21,2.62,95,37,135,-40,Tepat Waktu,1.0,0.0
MHS012361,2024,,2.96,2.14,60,23,95,-35,Tepat Waktu,1.0,0.0
MHS013269,2024,,2.97,2.33,59,25,95,-36,Tepat Waktu,1.0,0.0
MHS015276,2023,,3.14,2.72,104,39,135,-31,Tepat Waktu,1.0,0.0
MHS015959,2024,,3.1,2.54,60,25,95,-35,Tepat Waktu,1.0,0.0
MHS016570,2023,,3.21,3.0,105,37,135,-30,Tepat Waktu,1.0,0.0
MHS016709,2024,,3.12,2.0,59,22,95,-36,Tepat Waktu,1.0,0.0
MHS016826,2022,,3.07,2.97,139,53,144,-5,Terlambat,0.1036,0.8964
MHS016899,2024,,3.18,2.12,58,21,95,-37,Tepat Waktu,1.0,0.0
MHS017158,2023,,2.22,2.68,106,44,135,-29,Tepat Waktu,1.0,0.0
MHS017252,2022,,3.09,3.09,150,61,144,6,Terlambat,0.1689,0.8311
MHS017495,2024,,3.17,1.74,57,21,95,-38,Tepat Waktu,1.0,0.0
MHS017695,2023,,3.08,2.45,100,42,135,-35,Tepat Waktu,1.0,0.0
MHS017753,2022,,3.19,3.18,151,57,144,7,Terlambat,0.3119,0.6881
MHS017828,2023,,3.16,2.88,56,22,135,-79,Tepat Waktu,1.0,0.0
MHS017967,2020,,1.81,2.53,167,63,144,23,Terlambat,0.0,1.0
MHS012460,2023,,2.83,2.83,107,45,135,-28,Tepat Waktu,1.0,0.0
MHS013227,2024,,2.39,2.26,52,18,95,-43,Tepat Waktu,1.0,0.0
MHS013541,2024,,2.89,2.03,62,23,95,-33,Tepat Waktu,1.0,0.0
MHS016184,2023,,1.74,2.43,104,41,135,-31,Tepat Waktu,0.9991,0.0009
MHS016452,2024,,3.1,2.61,59,22,95,-36,Tepat Waktu,1.0,0.0
MHS017022,2024,,3.14,2.74,59,22,95,-36,Tepat Waktu,1.0,0.0
MHS017578,2024,,3.17,2.15,57,24,95,-38,Tepat Waktu,1.0,0.0
MHS017725,2023,,3.17,3.14,103,43,135,-32,Tepat Waktu,1.0,0.0
MHS017766,2024,,3.18,2.46,60,24,95,-35,Tepat Waktu,1.0,0.0
MHS014479,2024,,3.17,2.01,54,21,95,-41,Tepat Waktu,1.0,0.0
MHS014533,2023,,2.95,2.87,107,41,135,-28,Tepat Waktu,1.0,0.0
MHS015640,2020,,3.24,2.27,161,63,144,17,Terlambat,0.0055,0.9945
MHS017670,2024,,3.16,2.17,59,25,95,-36,Tepat Waktu,1.0,0.0
MHS017999,2024,,3.17,2.32,59,23,95,-36,Tepat Waktu,1.0,0.0
MHS018273,2023,,3.24,2.25,58,25,135,-77,Tepat Waktu,1.0,0.0
MHS018292,2023,,3.24,2.62,58,22,135,-77,Tepat Waktu,1.0,0.0
MHS012343,2022,,2.79,2.81,142,56,144,-2,Terlambat,0.0018,0.9982
MHS013244,2024,,2.97,2.38,59,25,95,-36,Tepat Waktu,1.0,0.0
MHS013395,2024,,3.03,2.09,57,22,95,-38,Tepat Waktu,1.0,0.0
MHS014085,2024,,2.9,2.16,62,23,95,-33,Tepat Waktu,1.0,0.0
MHS014432,2024,,2.94,2.78,18,7,95,-77,Tepat Waktu,1.0,0.0
MHS014893,2024,,3.04,2.17,56,21,95,-39,Tepat Waktu,1.0,0.0
MHS015665,2023,,2.9,2.96,113,44,135,-22,Tepat Waktu,1.0,0.0
MHS016143,2024,,3.09,1.65,56,21,95,-39,Tepat Waktu,1.0,0.0
MHS016813,2023,,3.11,2.82,107,40,135,-28,Tepat Waktu,1.0,0.0
MHS016901,2022,,3.09,2.34,139,52,144,-5,Terlambat,0.0002,0.9998
MHS018137,2022,,3.25,2.46,136,54,144,-8,Terlambat,0.0039,0.9961
MHS018298,2024,,3.2,2.54,60,28,95,-35,Tepat Waktu,1.0,0.0
MHS013529,2022,,1.38,1.34,103,42,144,-41,Terlambat,0.0,1.0
MHS014884,2023,,3.56,3.56,107,41,135,-28,Tepat Waktu,1.0,0.0
MHS015412,2024,,3.14,2.1,58,23,95,-37,Tepat Waktu,1.0,0.0
MHS016416,2024,,3.1,2.83,59,24,95,-36,Tepat Waktu,1.0,0.0
MHS017017,2024,,3.13,2.09,56,25,95,-39,Tepat Waktu,1.0,0.0
MHS017264,2022,,3.24,3.24,150,61,144,6,Terlambat,0.4885,0.5115
MHS017320,2024,,3.19,1.9,58,23,95,-37,Tepat Waktu,1.0,0.0
MHS017613,2024,,3.2,2.65,58,23,95,-37,Tepat Waktu,1.0,0.0
MHS018168,2022,,3.1,3.05,142,57,144,-2,Terlambat,0.0907,0.9093
MHS013044,2023,,2.96,2.88,100,39,135,-35,Tepat Waktu,1.0,0.0
MHS013171,2024,,3.15,2.28,54,21,95,-41,Tepat Waktu,1.0,0.0
MHS015300,2024,,3.05,2.34,59,24,95,-36,Tepat Waktu,1.0,0.0
MHS015440,2023,,3.05,2.3,99,39,135,-36,Tepat Waktu,1.0,0.0
MHS017250,2024,,3.16,2.59,60,23,95,-35,Tepat Waktu,1.0,0.0
MHS017565,2020,,2.83,2.83,153,60,144,9,Terlambat,0.0074,0.9926
MHS012681,2024,,2.97,2.21,60,22,95,-35,Tepat Waktu,1.0,0.0
MHS013743,2022,,2.9,2.91,143,55,144,-1,Terlambat,0.0129,0.9871
MHS014692,2023,,3.04,2.65,103,45,135,-32,Tepat Waktu,1.0,0.0
MHS014975,2024,,3.06,2.07,60,24,95,-35,Tepat Waktu,1.0,0.0
MHS015427,2024,,3.15,1.79,58,23,95,-37,Tepat Waktu,1.0,0.0
MHS015661,2024,,3.11,2.31,57,22,95,-38,Tepat Waktu,1.0,0.0
MHS015746,2024,,3.06,2.2,59,24,95,-36,Tepat Waktu,1.0,0.0
MHS015850,2024,,3.1,2.45,60,25,95,-35,Tepat Waktu,1.0,0.0
MHS016148,2024,,3.12,2.26,57,22,95,-38,Tepat Waktu,1.0,0.0
MHS016511,2023,,3.17,2.57,101,44,135,-34,Tepat Waktu,1.0,0.0
MHS017113,2022,,3.06,2.76,142,55,144,-2,Terlambat,0.0073,0.9927
MHS017348,2023,,3.2,2.7,104,43,135,-31,Tepat Waktu,1.0,0.0
MHS017624,2023,,3.22,2.8,108,44,135,-27,Tepat Waktu,1.0,0.0
MHS017699,2022,,3.29,3.29,150,62,144,6,Tepat Waktu,0.531,0.469
MHS018239,2024,,3.24,2.29,58,23,95,-37,Tepat Waktu,1.0,0.0
MHS012413,2022,,2.77,2.19,131,51,144,-13,Terlambat,0.0001,0.9999
MHS012653,2022,,3.33,3.34,143,66,144,-1,Tepat Waktu,0.8804,0.1196
MHS012740,2020,,2.8,2.48,131,47,144,-13,Terlambat,0.0351,0.9649
MHS013818,2024,,2.53,1.64,36,14,95,-59,Tepat Waktu,1.0,0.0
MHS014295,2024,,3.02,2.23,60,22,95,-35,Tepat Waktu,1.0,0.0
MHS014696,2024,,3.07,2.15,57,22,95,-38,Tepat Waktu,1.0,0.0
MHS014924,2023,,3.15,2.96,105,42,135,-30,Tepat Waktu,1.0,0.0
MHS015365,2024,,3.14,1.97,58,23,95,-37,Tepat Waktu,1.0,0.0
MHS015702,2023,,3.1,2.78,107,43,135,-28,Tepat Waktu,1.0,0.0
MHS015948,2024,,3.12,2.29,57,22,95,-38,Tepat Waktu,1.0,0.0
MHS016578,2024,,3.04,0.33,18,7,95,-77,Tepat Waktu,1.0,0.0
MHS016623,2024,,3.13,2.09,57,22,95,-38,Tepat Waktu,1.0,0.0
MHS017621,2022,,3.11,1.93,138,56,144,-6,Terlambat,0.0,1.0
MHS012323,2024,,2.96,1.88,55,24,95,-40,Tepat Waktu,1.0,0.0
MHS012722,2024,,3.03,2.26,58,26,95,-37,Tepat Waktu,1.0,0.0
MHS014257,2024,,3.01,2.26,60,22,95,-35,Tepat Waktu,1.0,0.0
MHS014374,2022,,3.14,3.15,142,61,144,-2,Terlambat,0.2469,0.7531
MHS014771,2024,,3.03,1.97,59,23,95,-36,Tepat Waktu,1.0,0.0
MHS014904,2023,,2.33,2.59,106,42,135,-29,Tepat Waktu,1.0,0.0
MHS015204,2023,,3.01,2.95,109,42,135,-26,Tepat Waktu,1.0,0.0
MHS015342,2023,,2.41,2.72,108,41,135,-27,Tepat Waktu,1.0,0.0
MHS016962,2024,,3.15,2.17,57,25,95,-38,Tepat Waktu,1.0,0.0
MHS017654,2024,,2.78,2.76,36,13,95,-59,Tepat Waktu,1.0,0.0
MHS017830,2022,,3.25,3.3,150,61,144,6,Tepat Waktu,0.5639,0.4361
MHS018342,2023,,3.16,2.77,107,43,135,-28,Tepat Waktu,1.0,0.0
MHS014918,2024,,3.06,2.09,60,24,95,-35,Tepat Waktu,1.0,0.0
MHS014954,2024,,3.32,3.32,36,16,95,-59,Tepat Waktu,1.0,0.0
MHS015260,2023,,3.13,2.35,97,39,135,-38,Tepat Waktu,1.0,0.0
MHS015352,2024,,3.05,2.12,59,24,95,-36,Tepat Waktu,1.0,0.0
MHS015889,2024,,3.08,2.11,56,22,95,-39,Tepat Waktu,1.0,0.0
MHS016006,2022,,3.18,2.74,132,50,144,-12,Terlambat,0.4696,0.5304
MHS016373,2022,,1.54,1.63,106,43,144,-38,Terlambat,0.0005,0.9995
MHS017019,2024,,3.13,2.64,59,22,95,-36,Tepat Waktu,1.0,0.0
MHS017062,2023,,3.14,2.51,103,41,135,-32,Tepat Waktu,1.0,0.0
MHS012483,2023,,2.59,2.74,108,43,135,-27,Tepat Waktu,1.0,0.0
MHS012791,2024,,2.95,2.04,59,23,95,-36,Tepat Waktu,1.0,0.0
MHS012946,2023,,3.05,3.05,107,45,135,-28,Tepat Waktu,1.0,0.0
MHS013335,2023,,3.04,2.12,97,38,135,-38,Tepat Waktu,1.0,0.0
MHS013764,2023,,2.42,2.55,78,33,135,-57,Tepat Waktu,1.0,0.0
MHS015059,2023,,3.04,2.13,99,37,135,-36,Tepat Waktu,1.0,0.0
MHS015778,2019,,3.72,1.64,175,74,144,31,Terlambat,0.2889,0.7111
MHS016671,2024,,3.17,2.53,58,22,95,-37,Tepat Waktu,1.0,0.0
MHS017547,2023,,3.22,2.56,101,41,135,-34,Tepat Waktu,1.0,0.0
MHS017945,2024,,3.17,2.06,59,23,95,-36,Tepat Waktu,1.0,0.0
MHS012777,2021,,2.98,2.29,140,53,144,-4,Terlambat,0.0,1.0
MHS013251,2024,,2.97,2.57,59,25,95,-36,Tepat Waktu,1.0,0.0
MHS013384,2024,,3.03,2.34,57,22,95,-38,Tepat Waktu,1.0,0.0
MHS014438,2023,,3.12,2.8,106,41,135,-29,Tepat Waktu,1.0,0.0
MHS016000,2023,,3.12,3.1,109,42,135,-26,Tepat Waktu,1.0,0.0
MHS016487,2023,,3.17,2.58,101,42,135,-34,Tepat Waktu,1.0,0.0
MHS017070,2024,,3.08,2.5,18,7,95,-77,Tepat Waktu,1.0,0.0
MHS017781,2022,,3.16,3.16,150,56,144,6,Terlambat,0.2335,0.7665
MHS017880,2023,,3.16,2.8,107,41,135,-28,Tepat Waktu,1.0,0.0
MHS017964,2024,,3.19,2.25,60,23,95,-35,Tepat Waktu,1.0,0.0
MHS018169,2022,,3.08,3.08,151,60,144,7,Terlambat,0.1058,0.8942
MHS012745,2023,,2.95,2.77,100,41,135,-35,Tepat Waktu,1.0,0.0
MHS013721,2024,,2.99,2.48,59,23,95,-36,Tepat Waktu,1.0,0.0
MHS014699,2022,,2.35,1.53,110,47,144,-34,Terlambat,0.01,0.99
MHS014777,2022,,3.18,1.99,132,51,144,-12,Terlambat,0.0,1.0
MHS017226,2023,,3.21,2.4,101,39,135,-34,Tepat Waktu,1.0,0.0
MHS013205,2024,,3.13,2.29,61,28,95,-34,Tepat Waktu,1.0,0.0
MHS013701,2024,,3.05,2.14,57,24,95,-38,Tepat Waktu,1.0,0.0
MHS014458,2022,,2.92,2.73,141,56,144,-3,Terlambat,0.0027,0.9973
MHS014919,2023,,3.02,2.67,99,38,135,-36,Tepat Waktu,1.0,0.0
MHS015516,2023,,3.11,1.9,94,37,135,-41,Tepat Waktu,1.0,0.0
MHS016044,2024,,3.09,1.86,56,21,95,-39,Tepat Waktu,1.0,0.0
MHS016333,2024,,3.09,2.3,59,22,95,-36,Tepat Waktu,1.0,0.0
MHS014837,2023,,3.08,2.94,108,41,135,-27,Tepat Waktu,1.0,0.0
MHS015667,2024,,3.07,1.92,56,23,95,-39,Tepat Waktu,1.0,0.0
MHS018272,2023,,3.14,2.57,99,40,135,-36,Tepat Waktu,1.0,0.0
MHS012912,2024,,2.86,2.69,62,29,95,-33,Tepat Waktu,1.0,0.0
MHS013062,2024,,2.98,2.54,60,22,95,-35,Tepat Waktu,1.0,0.0
MHS013888,2023,,3.04,2.09,95,37,135,-40,Tepat Waktu,1.0,0.0
MHS013969,2023,,3.08,2.93,106,41,135,-29,Tepat Waktu,1.0,0.0
MHS013997,2023,,2.96,2.37,102,44,135,-33,Tepat Waktu,1.0,0.0
MHS014334,2024,,3.02,2.11,56,21,95,-39,Tepat Waktu,1.0,0.0
MHS015144,2024,,3.08,1.69,57,23,95,-38,Tepat Waktu,1.0,0.0
MHS016239,2024,,3.12,2.62,60,25,95,-35,Tepat Waktu,1.0,0.0
MHS016529,2024,,3.17,1.88,58,22,95,-37,Tepat Waktu,1.0,0.0
MHS016604,2023,,2.24,2.67,106,44,135,-29,Tepat Waktu,1.0,0.0
MHS016613,2024,,3.11,2.51,59,22,95,-36,Tepat Waktu,1.0,0.0
MHS016668,2023,,3.19,2.49,101,41,135,-34,Tepat Waktu,1.0,0.0
MHS016740,2024,,3.75,1.64,51,18,95,-44,Tepat Waktu,1.0,0.0
MHS016959,2024,,3.02,2.54,62,23,95,-33,Tepat Waktu,1.0,0.0
MHS017010,2023,,3.22,2.12,93,36,135,-42,Tepat Waktu,1.0,0.0
MHS017232,2024,,3.19,1.74,58,23,95,-37,Tepat Waktu,1.0,0.0
MHS017952,2023,,3.09,2.19,100,42,135,-35,Tepat Waktu,1.0,0.0
MHS018299,2024,,3.17,0.77,56,21,95,-39,Tepat Waktu,1.0,0.0
MHS012757,2024,,2.95,2.64,59,23,95,-36,Tepat Waktu,1.0,0.0
MHS012933,2023,,2.95,2.42,99,42,135,-36,Tepat Waktu,1.0,0.0
MHS014866,2023,,2.04,2.55,105,42,135,-30,Tepat Waktu,1.0,0.0
MHS015637,2024,,3.16,2.16,58,23,95,-37,Tepat Waktu,1.0,0.0
MHS017069,2024,,3.14,2.16,56,25,95,-39,Tepat Waktu,1.0,0.0
MHS017219,2023,,3.21,2.52,101,39,135,-34,Tepat Waktu,1.0,0.0
MHS017452,2024,,2.77,2.11,36,14,95,-59,Tepat Waktu,1.0,0.0
MHS013323,2023,,1.89,2.47,104,39,135,-31,Tepat Waktu,1.0,0.0
MHS013731,2022,,3.03,1.61,95,37,144,-49,Tepat Waktu,1.0,0.0
MHS014150,2023,,3.07,2.62,104,40,135,-31,Tepat Waktu,1.0,0.0
MHS014204,2023,,2.98,2.42,102,38,135,-33,Tepat Waktu,1.0,0.0
MHS015206,2024,,3.05,2.58,56,25,95,-39,Tepat Waktu,1.0,0.0
MHS015962,2022,,3.16,3.16,143,54,144,-1,Terlambat,0.1942,0.8058
MHS016312,2024,,3.13,2.38,57,22,95,-38,Tepat Waktu,1.0,0.0
MHS016864,2024,,3.12,2.09,56,25,95,-39,Tepat Waktu,1.0,0.0
MHS016882,2024,,3.12,2.84,59,22,95,-36,Tepat Waktu,1.0,0.0
MHS017720,2024,,3.17,2.18,59,26,95,-36,Tepat Waktu,1.0,0.0
MHS018423,2023,,3.24,2.93,108,44,135,-27,Tepat Waktu,1.0,0.0
MHS012528,2023,,1.93,2.34,103,39,135,-32,Tepat Waktu,1.0,0.0
MHS012724,2022,,2.89,2.87,143,66,144,-1,Terlambat,0.0383,0.9617
MHS013051,2024,,2.98,2.55,60,22,95,-35,Tepat Waktu,1.0,0.0
MHS013625,2023,,3.08,2.9,106,41,135,-29,Tepat Waktu,1.0,0.0
MHS014648,2024,,3.03,2.03,59,23,95,-36,Tepat Waktu,1.0,0.0
MHS014710,2024,,3.07,2.22,57,22,95,-38,Tepat Waktu,1.0,0.0
MHS014839,2023,,3.13,2.81,106,40,135,-29,Tepat Waktu,1.0,0.0
MHS015170,2024,,3.14,2.05,58,24,95,-37,Tepat Waktu,1.0,0.0
MHS015238,2023,,3.06,2.82,107,41,135,-28,Tepat Waktu,1.0,0.0
MHS015436,2024,,3.06,2.42,59,24,95,-36,Tepat Waktu,1.0,0.0
MHS016197,2024,,3.16,1.87,58,23,95,-37,Tepat Waktu,1.0,0.0
MHS012340,2024,,2.93,2.08,56,21,95,-39,Tepat Waktu,1.0,0.0
MHS012525,2020,,2.67,1.16,111,46,144,-33,Terlambat,0.0,1.0
MHS012721,2023,,3.01,2.51,101,41,135,-34,Tepat Waktu,1.0,0.0
MHS013111,2022,,3.38,3.38,143,66,144,-1,Tepat Waktu,0.8666,0.1334
MHS013757,2023,,2.97,2.58,99,38,135,-36,Tepat Waktu,1.0,0.0
MHS014216,2022,,3.02,2.44,128,53,144,-16,Terlambat,0.0862,0.9138
MHS014599,2023,,3.14,2.7,105,42,135,-30,Tepat Waktu,1.0,0.0
MHS014793,2024,,3.03,2.75,59,23,95,-36,Tepat Waktu,1.0,0.0
MHS014988,2023,,2.42,2.65,107,41,135,-28,Tepat Waktu,1.0,0.0
MHS015131,2024,,3.13,2.13,58,24,95,-37,Tepat Waktu,1.0,0.0
MHS016507,2022,,3.19,2.71,136,53,144,-8,Terlambat,0.0575,0.9425
MHS016600,2024,,2.72,1.22,36,14,95,-59,Tepat Waktu,1.0,0.0
MHS016795,2023,,3.04,2.91,109,42,135,-26,Tepat Waktu,1.0,0.0
MHS016835,2023,,3.19,2.83,101,39,135,-34,Tepat Waktu,1.0,0.0
MHS017508,2023,,3.2,2.72,104,43,135,-31,Tepat Waktu,1.0,0.0
MHS017818,2024,,3.16,1.54,56,21,95,-39,Tepat Waktu,1.0,0.0
MHS017943,2024,,3.22,2.33,58,23,95,-37,Tepat Waktu,1.0,0.0
MHS018065,2024,,3.22,2.8,58,23,95,-37,Tepat Waktu,1.0,0.0
MHS018319,2024,,3.17,1.45,56,22,95,-39,Tepat Waktu,1.0,0.0
MHS018397,2023,,3.17,2.49,97,38,135,-38,Tepat Waktu,1.0,0.0
MHS012634,2023,,2.32,2.59,105,45,135,-30,Tepat Waktu,1.0,0.0
MHS014414,2024,,3.06,2.1,57,24,95,-38,Tepat Waktu,1.0,0.0
MHS015034,2023,,3.0,2.94,109,42,135,-26,Tepat Waktu,1.0,0.0
MHS015444,2024,,3.06,1.97,56,23,95,-39,Tepat Waktu,1.0,0.0
MHS016001,2024,,3.08,1.93,59,22,95,-36,Tepat Waktu,1.0,0.0
MHS016927,2023,,3.18,2.72,104,43,135,-31,Tepat Waktu,1.0,0.0
MHS017207,2024,,3.19,2.24,58,23,95,-37,Tepat Waktu,1.0,0.0
MHS017519,2022,,3.06,3.07,150,61,144,6,Terlambat,0.1312,0.8688
MHS017558,2024,,3.15,1.71,56,22,95,-39,Tepat Waktu,1.0,0.0
MHS017757,2021,,2.67,2.61,153,59,144,9,Terlambat,0.0003,0.9997
MHS018150,2022,,3.24,3.24,150,56,144,6,Terlambat,0.3021,0.6979
MHS013045,2023,,3.05,2.98,104,41,135,-31,Tepat Waktu,1.0,0.0
MHS013290,2020,,3.05,1.64,135,55,144,-9,Terlambat,0.0,1.0
MHS014110,2023,,3.11,2.89,106,41,135,-29,Tepat Waktu,1.0,0.0
MHS015744,2022,,3.23,3.23,153,63,144,9,Tepat Waktu,0.6819,0.3181
MHS015991,2024,,3.11,2.4,60,25,95,-35,Tepat Waktu,1.0,0.0
MHS016077,2023,,2.28,2.7,106,41,135,-29,Tepat Waktu,1.0,0.0
MHS017083,2024,,3.08,0.0,18,7,95,-77,Tepat Waktu,1.0,0.0
MHS017254,2022,,3.03,3.02,150,61,144,6,Terlambat,0.056,0.944
MHS017368,2022,,3.09,2.73,142,54,144,-2,Terlambat,0.0103,0.9897
MHS017902,2023,,2.19,2.46,106,44,135,-29,Tepat Waktu,1.0,0.0
MHS017986,2023,,3.23,2.65,105,40,135,-30,Tepat Waktu,1.0,0.0
MHS018186,2023,,3.25,2.64,105,43,135,-30,Tepat Waktu,1.0,0.0
MHS018206,2023,,3.24,2.42,101,40,135,-34,Tepat Waktu,1.0,0.0
MHS012780,2022,,2.8,2.03,122,46,144,-22,Terlambat,0.0233,0.9767
MHS013096,2024,,2.95,2.39,56,21,95,-39,Tepat Waktu,1.0,0.0
MHS013189,2023,,3.03,2.68,105,50,135,-30,Tepat Waktu,1.0,0.0
MHS013738,2024,,3.07,2.21,58,24,95,-37,Tepat Waktu,1.0,0.0
MHS014142,2024,,3.06,2.25,57,24,95,-38,Tepat Waktu,1.0,0.0
MHS014499,2022,,3.1,2.29,137,54,144,-7,Terlambat,0.0001,0.9999
MHS014604,2023,,3.13,2.76,106,40,135,-29,Tepat Waktu,1.0,0.0
MHS015140,2023,,3.17,2.09,96,40,135,-39,Tepat Waktu,1.0,0.0
MHS016055,2024,,3.09,1.25,56,21,95,-39,Tepat Waktu,1.0,0.0
MHS016508,2024,,3.01,2.26,62,23,95,-33,Tepat Waktu,1.0,0.0
MHS018261,2023,,3.19,2.66,103,37,135,-32,Tepat Waktu,1.0,0.0
MHS012822,2023,,2.96,2.56,103,41,135,-32,Tepat Waktu,1.0,0.0
MHS013322,2023,,3.02,2.9,101,41,135,-34,Tepat Waktu,1.0,0.0
MHS013397,2024,,2.98,2.62,59,23,95,-36,Tepat Waktu,1.0,0.0
MHS014571,2022,,3.17,2.3,132,48,144,-12,Terlambat,0.0087,0.9913
MHS014725,2024,,3.04,2.16,55,23,95,-40,Tepat Waktu,1.0,0.0
MHS015160,2022,,2.99,2.99,141,57,144,-3,Terlambat,0.0404,0.9596
MHS015242,2024,,3.04,1.94,59,23,95,-36,Tepat Waktu,1.0,0.0
MHS015469,2024,,3.1,2.16,57,24,95,-38,Tepat Waktu,1.0,0.0
MHS015480,2022,,0.44,1.28,99,40,144,-45,Terlambat,0.0,1.0
MHS015564,2024,,2.99,2.52,62,23,95,-33,Tepat Waktu,1.0,0.0
MHS015814,2024,,3.1,2.72,60,25,95,-35,Tepat Waktu,1.0,0.0
MHS015894,2023,,3.03,2.14,98,39,135,-37,Tepat Waktu,1.0,0.0
MHS016234,2024,,3.12,2.23,57,22,95,-38,Tepat Waktu,1.0,0.0
MHS016605,2020,,3.61,2.29,166,64,144,22,Terlambat,0.2709,0.7291
MHS017036,2024,,3.18,2.08,58,21,95,-37,Tepat Waktu,1.0,0.0
MHS017401,2023,,3.15,2.15,92,37,135,-43,Tepat Waktu,1.0,0.0
MHS012918,2023,,2.97,2.32,98,37,135,-37,Tepat Waktu,1.0,0.0
MHS013568,2023,,3.07,2.91,106,41,135,-29,Tepat Waktu,1.0,0.0
MHS013835,2024,,3.08,2.18,58,24,95,-37,Tepat Waktu,1.0,0.0
MHS014263,2024,,3.02,2.48,60,22,95,-35,Tepat Waktu,1.0,0.0
MHS015735,2022,,2.98,2.51,139,62,144,-5,Terlambat,0.0015,0.9985
MHS015768,2020,,3.4,2.33,165,64,144,21,Terlambat,0.1821,0.8179
MHS015978,2024,,3.16,2.29,58,23,95,-37,Tepat Waktu,1.0,0.0
MHS016090,2022,,3.29,2.12,133,55,144,-11,Terlambat,0.0001,0.9999
MHS016371,2022,,1.44,1.48,106,45,144,-38,Terlambat,0.0,1.0
MHS016688,2022,,2.81,2.45,125,52,144,-19,Terlambat,0.3022,0.6978
MHS017297,2023,,3.2,2.57,104,41,135,-31,Tepat Waktu,1.0,0.0
MHS017615,2023,,3.11,2.28,99,40,135,-36,Tepat Waktu,1.0,0.0
MHS017984,2022,,3.12,2.5,138,55,144,-6,Terlambat,0.0024,0.9976
MHS018107,2024,,3.18,2.29,59,23,95,-36,Tepat Waktu,1.0,0.0
MHS012676,2019,,1.29,1.71,141,55,144,-3,Terlambat,0.0,1.0
MHS015351,2023,,3.06,2.98,103,40,135,-32,Tepat Waktu,1.0,0.0
MHS015399,2023,,3.06,2.94,103,46,135,-32,Tepat Waktu,1.0,0.0
MHS015827,2024,,3.06,2.19,59,24,95,-36,Tepat Waktu,1.0,0.0
MHS016285,2022,,2.5,2.61,143,54,144,-1,Terlambat,0.0,1.0
MHS016458,2023,,3.05,2.27,100,38,135,-35,Tepat Waktu,1.0,0.0
MHS017556,2024,,3.16,1.92,59,23,95,-36,Tepat Waktu,1.0,0.0
MHS017628,2022,,3.11,1.98,124,49,144,-20,Terlambat,0.0054,0.9946
MHS017702,2022,,3.03,2.04,130,56,144,-14,Terlambat,0.0,1.0
MHS012395,2024,,2.97,1.86,55,24,95,-40,Tepat Waktu,1.0,0.0
MHS013518,2024,,2.98,2.3,59,23,95,-36,Tepat Waktu,1.0,0.0
MHS014354,2024,,3.02,2.19,56,21,95,-39,Tepat Waktu,1.0,0.0
MHS014400,2024,,3.01,2.22,59,23,95,-36,Tepat Waktu,1.0,0.0
MHS014716,2024,,3.03,2.59,59,23,95,-36,Tepat Waktu,1.0,0.0
MHS015000,2024,,3.13,2.02,58,24,95,-37,Tepat Waktu,1.0,0.0
MHS015877,2024,,2.68,1.82,36,14,95,-59,Tepat Waktu,1.0,0.0
MHS016539,2024,,3.1,2.33,59,22,95,-36,Tepat Waktu,1.0,0.0
MHS016938,2024,,3.12,2.43,59,24,95,-36,Tepat Waktu,1.0,0.0
MHS017845,2023,,3.21,2.92,106,40,135,-29,Tepat Waktu,1.0,0.0
MHS018075,2022,,2.53,1.73,112,46,144,-32,Terlambat,0.349,0.651
MHS018215,2023,,3.17,2.6,102,40,135,-33,Tepat Waktu,1.0,0.0
MHS012916,2023,,2.96,2.6,103,40,135,-32,Tepat Waktu,1.0,0.0
MHS013026,2024,,3.11,2.41,61,28,95,-34,Tepat Waktu,1.0,0.0
MHS013066,2024,,3.05,2.51,58,26,95,-37,Tepat Waktu,1.0,0.0
MHS013883,2021,,2.94,2.28,138,58,144,-6,Terlambat,0.0,1.0
MHS014002,2022,,3.06,1.9,116,47,144,-28,Tepat Waktu,0.8489,0.1511
MHS014172,2023,,3.05,1.39,95,34,135,-40,Tepat Waktu,1.0,0.0
MHS014316,2023,,2.52,2.61,107,41,135,-28,Tepat Waktu,1.0,0.0
MHS015250,2024,,3.06,1.95,56,23,95,-39,Tepat Waktu,1.0,0.0
MHS015904,2022,,3.32,3.31,141,62,144,-3,Tepat Waktu,0.7712,0.2288
MHS016319,2023,,3.17,2.33,101,43,135,-34,Tepat Waktu,1.0,0.0
MHS017009,2022,,2.13,2.15,107,40,144,-37,Tepat Waktu,1.0,0.0
MHS017041,2024,,3.14,1.92,59,22,95,-36,Tepat Waktu,1.0,0.0
MHS017111,2024,,3.14,2.59,56,25,95,-39,Tepat Waktu,1.0,0.0
MHS017163,2024,,3.14,2.27,59,22,95,-36,Tepat Waktu,1.0,0.0
MHS017356,2022,,3.6,3.52,153,59,144,9,Tepat Waktu,0.8871,0.1129
MHS018013,2024,,3.22,2.06,58,23,95,-37,Tepat Waktu,1.0,0.0
MHS018346,2022,,3.06,3.07,152,63,144,8,Terlambat,0.2306,0.7694
MHS013103,2022,,3.2,2.48,133,52,144,-11,Terlambat,0.0304,0.9696
MHS013994,2022,,3.25,2.27,133,54,144,-11,Terlambat,0.0011,0.9989
MHS014023,2024,,2.79,2.62,38,16,95,-57,Tepat Waktu,1.0,0.0
MHS014443,2023,,3.13,2.94,106,41,135,-29,Tepat Waktu,1.0,0.0
MHS014974,2023,,3.17,2.75,106,40,135,-29,Tepat Waktu,1.0,0.0
MHS015106,2024,,3.13,2.46,58,24,95,-37,Tepat Waktu,1.0,0.0
MHS015356,2023,,3.14,2.6,104,39,135,-31,Tepat Waktu,1.0,0.0
MHS015373,2023,,3.06,1.85,92,38,135,-43,Tepat Waktu,1.0,0.0
MHS015385,2024,,3.05,2.16,59,24,95,-36,Tepat Waktu,1.0,0.0
MHS016237,2023,,3.11,2.45,102,43,135,-33,Tepat Waktu,1.0,0.0
MHS016567,2024,,3.1,1.82,55,21,95,-40,Tepat Waktu,1.0,0.0
MHS016799,2022,,3.22,2.38,136,53,144,-8,Terlambat,0.0019,0.9981
MHS017346,2022,,3.08,3.08,141,61,144,-3,Terlambat,0.1611,0.8389
MHS017402,2024,,3.17,2.38,57,22,95,-38,Tepat Waktu,1.0,0.0
MHS017873,2024,,3.21,2.4,58,23,95,-37,Tepat Waktu,1.0,0.0
MHS012387,2024,,2.99,2.3,57,24,95,-38,Tepat Waktu,1.0,0.0
MHS012625,2024,,3.0,2.41,57,22,95,-38,Tepat Waktu,1.0,0.0
MHS013409,2024,,2.98,2.32,56,21,95,-39,Tepat Waktu,1.0,0.0
MHS013581,2023,,2.53,2.79,108,42,135,-27,Tepat Waktu,1.0,0.0
MHS014212,2024,,3.06,2.3,57,24,95,-38,Tepat Waktu,1.0,0.0
MHS014357,2023,,2.95,2.84,107,41,135,-28,Tepat Waktu,1.0,0.0
MHS014693,2023,,3.0,2.94,100,39,135,-35,Tepat Waktu,1.0,0.0
MHS014752,2024,,3.03,1.95,56,22,95,-39,Tepat Waktu,1.0,0.0
MHS015269,2023,,3.1,2.16,94,38,135,-41,Tepat Waktu,1.0,0.0
MHS015336,2024,,3.05,2.24,59,24,95,-36,Tepat Waktu,1.0,0.0
MHS015349,2024,,2.99,2.22,62,23,95,-33,Tepat Waktu,1.0,0.0
MHS017486,2024,,3.13,1.78,55,22,95,-40,Tepat Waktu,1.0,0.0
MHS013486,2024,,2.98,2.63,59,24,95,-36,Tepat Waktu,1.0,0.0
MHS013975,2022,,2.99,2.91,98,39,144,-46,Tepat Waktu,1.0,0.0
MHS014333,2023,,2.98,2.44,102,41,135,-33,Tepat Waktu,1.0,0.0
MHS014402,2023,,3.09,2.65,104,39,135,-31,Tepat Waktu,1.0,0.0
MHS014993,2023,,3.08,2.59,102,39,135,-33,Tepat Waktu,1.0,0.0
MHS015675,2023,,3.2,3.2,108,40,135,-27,Tepat Waktu,1.0,0.0
MHS015876,2023,,3.1,2.79,107,43,135,-28,Tepat Waktu,1.0,0.0
MHS016056,2023,,2.3,2.65,106,41,135,-29,Tepat Waktu,1.0,0.0
MHS012457,2024,,2.97,1.91,60,22,95,-35,Tepat Waktu,1.0,0.0
MHS012929,2024,,2.98,2.26,60,22,95,-35,Tepat Waktu,1.0,0.0
MHS013273,2024,,3.02,2.43,57,22,95,-38,Tepat Waktu,1.0,0.0
MHS013435,2022,,3.21,2.2,133,50,144,-11,Terlambat,0.0005,0.9995
MHS014262,2024,,3.01,2.38,56,21,95,-39,Tepat Waktu,1.0,0.0
MHS014298,2022,,2.76,2.76,143,67,144,-1,Terlambat,0.0048,0.9952
MHS015344,2024,,3.07,1.95,55,23,95,-40,Tepat Waktu,1.0,0.0
MHS015505,2022,,2.37,1.95,110,42,144,-34,Tepat Waktu,0.998,0.002
MHS016067,2024,,3.16,2.07,58,23,95,-37,Tepat Waktu,1.0,0.0
MHS016935,2024,,3.15,2.43,57,22,95,-38,Tepat Waktu,1.0,0.0
MHS017156,2022,,2.68,2.25,126,50,144,-18,Terlambat,0.0034,0.9966
MHS017841,2024,,3.17,2.64,59,23,95,-36,Tepat Waktu,1.0,0.0
MHS018097,2024,,3.16,2.23,56,21,95,-39,Tepat Waktu,1.0,0.0
MHS018248,2023,,3.11,2.24,76,30,135,-59,Tepat Waktu,1.0,0.0
MHS012655,2024,,2.94,2.28,59,23,95,-36,Tepat Waktu,1.0,0.0
MHS015484,2023,,3.17,3.02,106,41,135,-29,Tepat Waktu,1.0,0.0
MHS015609,2022,,3.01,3.01,153,57,144,9,Terlambat,0.0544,0.9456
MHS015653,2024,,3.07,1.85,56,23,95,-39,Tepat Waktu,1.0,0.0
MHS016082,2023,,3.11,2.49,102,43,135,-33,Tepat Waktu,1.0,0.0
MHS016328,2023,,3.07,2.5,99,38,135,-36,Tepat Waktu,1.0,0.0
MHS016573,2024,,3.11,2.52,59,22,95,-36,Tepat Waktu,1.0,0.0
MHS017180,2022,,2.28,2.55,141,56,144,-3,Terlambat,0.0,1.0
MHS017325,2023,,3.16,3.09,109,44,135,-26,Tepat Waktu,1.0,0.0
MHS018384,2022,,2.77,1.79,119,42,144,-25,Terlambat,0.0288,0.9712
MHS012803,2024,,3.01,2.2,57,22,95,-38,Tepat Waktu,1.0,0.0
MHS012830,2024,,2.95,2.3,59,23,95,-36,Tepat Waktu,1.0,0.0
MHS013216,2021,,2.93,2.6,138,50,144,-6,Terlambat,0.0067,0.9933
MHS014230,2023,,3.07,2.74,101,41,135,-34,Tepat Waktu,1.0,0.0
MHS015027,2023,,3.08,2.27,102,39,135,-33,Tepat Waktu,1.0,0.0
MHS015308,2023,,3.01,2.31,100,40,135,-35,Tepat Waktu,1.0,0.0
MHS016021,2024,,3.09,1.65,56,21,95,-39,Tepat Waktu,1.0,0.0
MHS016382,2022,,1.73,1.71,106,39,144,-38,Tepat Waktu,0.5012,0.4988
MHS016843,2024,,3.14,2.43,57,22,95,-38,Tepat Waktu,1.0,0.0
MHS017909,2022,,3.22,3.22,150,61,144,6,Terlambat,0.4435,0.5565
MHS018257,2022,,3.15,2.39,138,55,144,-6,Terlambat,0.0007,0.9993
MHS018282,2022,,3.15,3.14,150,59,144,6,Terlambat,0.2271,0.7729
MHS013043,2024,,2.86,2.42,62,29,95,-33,Tepat Waktu,1.0,0.0
MHS014156,2024,,3.03,1.51,55,21,95,-40,Tepat Waktu,1.0,0.0
MHS014166,2024,,3.06,2.61,57,24,95,-38,Tepat Waktu,1.0,0.0
MHS014985,2023,,3.07,2.48,102,41,135,-33,Tepat Waktu,1.0,0.0
MHS016099,2023,,3.17,2.58,104,41,135,-31,Tepat Waktu,1.0,0.0
MHS016226,2024,,3.1,1.95,55,21,95,-40,Tepat Waktu,1.0,0.0
MHS016842,2024,,3.2,2.65,61,24,95,-34,Tepat Waktu,1.0,0.0
MHS017563,2022,,3.04,2.15,129,53,144,-15,Terlambat,0.0007,0.9993
MHS017737,2024,,3.2,2.04,58,23,95,-37,Tepat Waktu,1.0,0.0
MHS018050,2023,,3.13,2.31,99,39,135,-36,Tepat Waktu,1.0,0.0
MHS012345,2024,,3.02,2.21,58,23,95,-37,Tepat Waktu,1.0,0.0
MHS012773,2024,,2.85,2.35,62,23,95,-33,Tepat Waktu,1.0,0.0
MHS013121,2024,,2.96,2.36,59,23,95,-36,Tepat Waktu,1.0,0.0
MHS013157,2024,,3.45,3.53,36,14,95,-59,Tepat Waktu,1.0,0.0
MHS013425,2024,,2.99,2.38,60,22,95,-35,Tepat Waktu,1.0,0.0
MHS013694,2024,,3.05,2.28,57,24,95,-38,Tepat Waktu,1.0,0.0
MHS014720,2023,,3.1,2.54,104,39,135,-31,Tepat Waktu,1.0,0.0
MHS015037,2024,,3.08,1.97,57,22,95,-38,Tepat Waktu,1.0,0.0
MHS015363,2024,,3.14,1.65,58,23,95,-37,Tepat Waktu,1.0,0.0
MHS015781,2023,,3.12,1.41,92,38,135,-43,Tepat Waktu,1.0,0.0
MHS016419,2022,,2.31,2.35,141,53,144,-3,Terlambat,0.0,1.0
MHS017940,2024,,3.3,0.76,52,19,95,-43,Tepat Waktu,1.0,0.0
MHS017957,2024,,3.22,1.73,58,23,95,-37,Tepat Waktu,1.0,0.0
MHS018254,2021,,3.12,3.12,153,61,144,9,Terlambat,0.415,0.585
MHS012396,2024,,2.93,2.29,56,24,95,-39,Tepat Waktu,1.0,0.0
MHS012603,2023,,2.95,2.38,103,39,135,-32,Tepat Waktu,1.0,0.0
MHS012901,2023,,2.95,2.45,99,42,135,-36,Tepat Waktu,1.0,0.0
MHS012914,2023,,2.96,2.55,103,40,135,-32,Tepat Waktu,1.0,0.0
MHS013050,2023,,3.03,2.81,105,37,135,-30,Tepat Waktu,1.0,0.0
MHS013061,2023,,3.06,2.82,104,41,135,-31,Tepat Waktu,1.0,0.0
MHS013601,2023,,3.08,2.87,106,41,135,-29,Tepat Waktu,1.0,0.0
MHS013984,2024,,3.08,2.41,58,25,95,-37,Tepat Waktu,1.0,0.0
MHS014240,2023,,3.08,2.5,104,39,135,-31,Tepat Waktu,1.0,0.0
MHS014803,2024,,3.07,2.18,57,22,95,-38,Tepat Waktu,1.0,0.0
MHS016115,2022,,2.92,2.8,141,62,144,-3,Terlambat,0.0091,0.9909
MHS016366,2023,,3.12,2.58,103,42,135,-32,Tepat Waktu,1.0,0.0
MHS018220,2022,,2.82,2.83,150,61,144,6,Terlambat,0.0045,0.9955
MHS013013,2024,,3.05,2.43,58,26,95,-37,Tepat Waktu,1.0,0.0
MHS013437,2023,,2.96,2.85,99,42,135,-36,Tepat Waktu,1.0,0.0
MHS013560,2023,,3.12,3.18,112,52,135,-23,Tepat Waktu,1.0,0.0
MHS014530,2024,,3.02,2.16,59,23,95,-36,Tepat Waktu,1.0,0.0
MHS015438,2022,,3.02,2.58,140,48,144,-4,Terlambat,0.0038,0.9962
MHS015826,2024,,3.16,1.96,58,23,95,-37,Tepat Waktu,1.0,0.0
MHS015845,2023,,3.48,3.48,108,41,135,-27,Tepat Waktu,1.0,0.0
MHS015864,2024,,3.12,2.15,57,22,95,-38,Tepat Waktu,1.0,0.0
MHS016480,2021,,3.68,2.56,163,68,144,19,Tepat Waktu,0.9077,0.0923
MHS016743,2024,,3.12,2.18,59,22,95,-36,Tepat Waktu,1.0,0.0
MHS017033,2024,,3.13,2.06,56,25,95,-39,Tepat Waktu,1.0,0.0
MHS017049,2024,,3.18,1.86,58,22,95,-37,Tepat Waktu,1.0,0.0
MHS017100,2024,,3.14,2.6,59,22,95,-36,Tepat Waktu,1.0,0.0
MHS017416,2023,,2.59,2.68,109,44,135,-26,Tepat Waktu,1.0,0.0
MHS017859,2023,,3.18,2.42,103,43,135,-32,Tepat Waktu,1.0,0.0
MHS018123,2022,,3.33,3.31,151,58,144,7,Tepat Waktu,0.6018,0.3982
MHS018181,2024,,2.91,1.79,38,14,95,-57,Tepat Waktu,1.0,0.0
MHS018402,2023,,2.11,2.67,106,42,135,-29,Tepat Waktu,1.0,0.0
MHS012559,2023,,2.94,2.89,102,38,135,-33,Tepat Waktu,1.0,0.0
MHS012868,2023,,2.91,2.88,107,45,135,-28,Tepat Waktu,1.0,0.0
MHS013908,2022,,3.52,3.55,143,55,144,-1,Tepat Waktu,0.8142,0.1858
MHS015179,2023,,3.05,2.31,99,39,135,-36,Tepat Waktu,1.0,0.0
MHS015253,2024,,3.14,2.45,58,24,95,-37,Tepat Waktu,1.0,0.0
MHS015628,2024,,3.06,2.35,59,24,95,-36,Tepat Waktu,1.0,0.0
MHS015941,2024,,3.12,2.23,57,22,95,-38,Tepat Waktu,1.0,0.0
MHS017042,2021,,3.3,2.72,161,66,144,17,Tepat Waktu,0.7391,0.2609
MHS017108,2022,,2.87,2.86,152,57,144,8,Terlambat,0.0082,0.9918
MHS017626,2024,,3.16,2.45,59,23,95,-36,Tepat Waktu,1.0,0.0
MHS017896,2022,,3.22,2.24,136,54,144,-8,Terlambat,0.0002,0.9998
MHS018023,2024,,3.17,2.45,59,23,95,-36,Tepat Waktu,1.0,0.0
MHS018238,2022,,3.34,3.34,155,58,144,11,Tepat Waktu,0.8154,0.1846
MHS018242,2024,,3.19,2.3,59,23,95,-36,Tepat Waktu,1.0,0.0
MHS013319,2022,,2.97,2.95,142,57,144,-2,Terlambat,0.0218,0.9782
MHS013737,2024,,3.0,2.15,59,23,95,-36,Tepat Waktu,1.0,0.0
MHS015112,2023,,3.1,2.79,102,43,135,-33,Tepat Waktu,1.0,0.0
MHS017063,2023,,3.09,2.62,99,40,135,-36,Tepat Waktu,1.0,0.0
MHS017091,2022,,3.14,2.37,135,53,144,-9,Terlambat,0.0012,0.9988
MHS017142,2024,,3.14,2.39,59,22,95,-36,Tepat Waktu,1.0,0.0
MHS017566,2024,,3.16,2.37,59,23,95,-36,Tepat Waktu,1.0,0.0
MHS017985,2024,,3.13,1.87,55,21,95,-40,Tepat Waktu,1.0,0.0
MHS018219,2023,,3.22,2.54,96,39,135,-39,Tepat Waktu,1.0,0.0
MHS018251,2024,,3.17,1.84,56,21,95,-39,Tepat Waktu,1.0,0.0
MHS012564,2024,,3.03,1.98,58,24,95,-37,Tepat Waktu,1.0,0.0
MHS012675,2022,,3.17,3.17,143,66,144,-1,Tepat Waktu,0.6395,0.3605
MHS013495,2024,,3.03,2.12,57,22,95,-38,Tepat Waktu,1.0,0.0
MHS013689,2022,,2.52,2.56,143,54,144,-1,Terlambat,0.0,1.0
MHS013746,2024,,3.08,2.15,58,24,95,-37,Tepat Waktu,1.0,0.0
MHS015472,2023,,3.16,3.09,105,42,135,-30,Tepat Waktu,1.0,0.0
MHS015913,2023,,3.17,2.72,105,43,135,-30,Tepat Waktu,1.0,0.0
MHS016002,2024,,3.08,2.42,59,24,95,-36,Tepat Waktu,1.0,0.0
MHS016134,2023,,3.16,2.19,94,39,135,-41,Tepat Waktu,1.0,0.0
MHS016562,2022,,2.93,2.74,143,54,144,-1,Terlambat,0.0024,0.9976
MHS016904,2024,,3.15,1.66,57,26,95,-38,Tepat Waktu,1.0,0.0
MHS017350,2023,,3.22,2.85,105,37,135,-30,Tepat Waktu,1.0,0.0
MHS017455,2023,,3.22,2.77,105,38,135,-30,Tepat Waktu,1.0,0.0
MHS017671,2022,,3.17,2.56,134,50,144,-10,Terlambat,0.0389,0.9611
MHS017927,2021,,3.53,2.63,161,64,144,17,Tepat Waktu,0.5292,0.4708
MHS018264,2024,,3.19,2.55,60,28,95,-35,Tepat Waktu,1.0,0.0
MHS018426,2024,,3.17,1.16,57,21,95,-38,Tepat Waktu,1.0,0.0
MHS012845,2024,,3.14,1.9,54,21,95,-41,Tepat Waktu,1.0,0.0
MHS013108,2024,,2.96,1.87,56,21,95,-39,Tepat Waktu,1.0,0.0
MHS013878,2024,,3.05,2.15,57,24,95,-38,Tepat Waktu,1.0,0.0
MHS014192,2024,,3.06,1.96,57,24,95,-38,Tepat Waktu,1.0,0.0
MHS014376,2023,,3.12,2.94,106,41,135,-29,Tepat Waktu,1.0,0.0
MHS014722,2024,,3.03,2.24,59,23,95,-36,Tepat Waktu,1.0,0.0
MHS014958,2023,,3.14,2.39,101,40,135,-34,Tepat Waktu,1.0,0.0
MHS015161,2024,,3.04,2.24,59,23,95,-36,Tepat Waktu,1.0,0.0
MHS013057,2024,,2.96,2.3,59,23,95,-36,Tepat Waktu,1.0,0.0
MHS013513,2023,,3.08,1.74,97,36,135,-38,Tepat Waktu,1.0,0.0
MHS015248,2024,,3.04,2.44,59,23,95,-36,Tepat Waktu,1.0,0.0
MHS015295,2023,,3.14,2.65,104,39,135,-31,Tepat Waktu,1.0,0.0
MHS015859,2022,,3.11,2.99,137,65,144,-7,Terlambat,0.4938,0.5062
MHS016283,2023,,3.15,3.08,108,44,135,-27,Tepat Waktu,1.0,0.0
MHS016411,2023,,3.19,2.01,93,38,135,-42,Tepat Waktu,1.0,0.0
MHS017073,2022,,3.22,2.68,136,55,144,-8,Terlambat,0.0423,0.9577
MHS017328,2023,,3.22,2.54,101,44,135,-34,Tepat Waktu,1.0,0.0
MHS018125,2023,,3.24,2.44,101,40,135,-34,Tepat Waktu,1.0,0.0
MHS012972,2024,,2.94,2.35,56,21,95,-39,Tepat Waktu,1.0,0.0
MHS013072,2024,,2.96,2.53,59,23,95,-36,Tepat Waktu,1.0,0.0
MHS013561,2020,,2.5,1.16,125,47,144,-19,Terlambat,0.0,1.0
MHS013624,2023,,2.21,2.56,105,43,135,-30,Tepat Waktu,1.0,0.0
MHS014688,2024,,3.05,2.3,60,24,95,-35,Tepat Waktu,1.0,0.0
MHS015089,2024,,3.04,2.21,56,22,95,-39,Tepat Waktu,1.0,0.0
MHS015403,2024,,3.09,2.48,60,25,95,-35,Tepat Waktu,1.0,0.0
MHS015957,2021,,3.65,2.51,172,65,144,28,Tepat Waktu,0.9993,0.0007
MHS016484,2023,,2.34,2.62,107,43,135,-28,Tepat Waktu,1.0,0.0
MHS016521,2024,,3.1,1.96,59,22,95,-36,Tepat Waktu,1.0,0.0
MHS017981,2023,,3.19,2.91,103,43,135,-32,Tepat Waktu,1.0,0.0
MHS018424,2024,,3.2,2.32,60,28,95,-35,Tepat Waktu,1.0,0.0
MHS013856,2024,,3.08,2.05,58,24,95,-37,Tepat Waktu,1.0,0.0
MHS014927,2023,,3.02,2.65,99,38,135,-36,Tepat Waktu,1.0,0.0
MHS015283,2024,,3.04,2.63,59,23,95,-36,Tepat Waktu,1.0,0.0
MHS015419,2024,,3.09,2.4,60,25,95,-35,Tepat Waktu,1.0,0.0
MHS018158,2024,,3.23,2.26,58,23,95,-37,Tepat Waktu,1.0,0.0
MHS012851,2023,,2.94,2.79,99,42,135,-36,Tepat Waktu,1.0,0.0
MHS013674,2023,,2.97,2.38,99,40,135,-36,Tepat Waktu,1.0,0.0
MHS013957,2024,,3.0,2.29,56,21,95,-39,Tepat Waktu,1.0,0.0
MHS016141,2023,,3.17,2.87,104,41,135,-31,Tepat Waktu,1.0,0.0
MHS016852,2024,,2.77,2.75,36,13,95,-59,Tepat Waktu,1.0,0.0
MHS018091,2024,,3.16,1.73,56,23,95,-39,Tepat Waktu,1.0,0.0
MHS018422,2023,,3.25,2.6,101,39,135,-34,Tepat Waktu,1.0,0.0
MHS012921,2023,,2.95,1.39,94,37,135,-41,Tepat Waktu,1.0,0.0
MHS013185,2023,,2.54,2.76,108,43,135,-27,Tepat Waktu,1.0,0.0
MHS013383,2024,,3.06,2.3,58,26,95,-37,Tepat Waktu,1.0,0.0
MHS013912,2023,,3.06,1.95,94,37,135,-41,Tepat Waktu,1.0,0.0
MHS014447,2023,,3.13,2.83,105,42,135,-30,Tepat Waktu,1.0,0.0
MHS014860,2024,,2.62,2.53,52,18,95,-43,Tepat Waktu,1.0,0.0
MHS014946,2020,,2.77,1.35,111,45,144,-33,Terlambat,0.0071,0.9929
MHS015060,2022,,2.93,2.4,130,53,144,-14,Terlambat,0.0078,0.9922
MHS015331,2023,,3.16,2.16,97,39,135,-38,Tepat Waktu,1.0,0.0
MHS017114,2022,,3.29,3.28,150,58,144,6,Tepat Waktu,0.5027,0.4973
MHS017979,2024,,3.04,2.79,17,6,95,-78,Tepat Waktu,1.0,0.0
MHS018099,2024,,3.16,1.9,56,21,95,-39,Tepat Waktu,1.0,0.0
MHS012470,2024,,3.1,2.16,54,19,95,-41,Tepat Waktu,1.0,0.0
MHS012600,2022,,3.11,3.1,143,66,144,-1,Terlambat,0.466,0.534
MHS013968,2023,,3.11,3.11,106,41,135,-29,Tepat Waktu,1.0,0.0
MHS014388,2024,,3.03,2.56,60,22,95,-35,Tepat Waktu,1.0,0.0
MHS014620,2023,,3.1,2.55,104,44,135,-31,Tepat Waktu,1.0,0.0
MHS015945,2024,,3.12,2.3,57,22,95,-38,Tepat Waktu,1.0,0.0
MHS017159,2022,,3.15,3.15,152,62,144,8,Terlambat,0.3918,0.6082
MHS017663,2024,,3.2,2.69,58,23,95,-37,Tepat Waktu,1.0,0.0
MHS018356,2024,,3.2,2.67,60,28,95,-35,Tepat Waktu,1.0,0.0
MHS018371,2021,,3.04,3.05,150,56,144,6,Terlambat,0.0725,0.9275
MHS012300,2024,,2.98,2.36,57,22,95,-38,Tepat Waktu,1.0,0.0
MHS012474,2022,,2.97,2.98,142,53,144,-2,Terlambat,0.0316,0.9684
MHS012744,2024,,3.04,2.1,58,24,95,-37,Tepat Waktu,1.0,0.0
MHS013246,2024,,2.97,2.05,59,24,95,-36,Tepat Waktu,1.0,0.0
MHS014759,2024,,3.11,2.12,58,24,95,-37,Tepat Waktu,1.0,0.0
MHS015110,2024,,3.08,1.96,57,23,95,-38,Tepat Waktu,1.0,0.0
MHS015334,2024,,3.1,2.13,57,22,95,-38,Tepat Waktu,1.0,0.0
MHS016005,2024,,3.16,1.96,58,23,95,-37,Tepat Waktu,1.0,0.0
MHS016052,2023,,3.19,3.16,105,43,135,-30,Tepat Waktu,1.0,0.0
MHS016071,2024,,3.08,2.27,59,24,95,-36,Tepat Waktu,1.0,0.0
MHS016223,2024,,3.09,2.28,59,24,95,-36,Tepat Waktu,1.0,0.0
MHS016856,2023,,3.19,2.87,101,41,135,-34,Tepat Waktu,1.0,0.0
MHS017167,2023,,3.19,2.77,104,43,135,-31,Tepat Waktu,1.0,0.0
MHS017253,2024,,3.16,2.61,60,24,95,-35,Tepat Waktu,1.0,0.0
MHS017296,2022,,2.61,2.61,150,56,144,6,Terlambat,0.0,1.0
MHS017701,2024,,3.26,2.17,54,21,95,-41,Tepat Waktu,1.0,0.0
MHS017867,2023,,3.19,2.16,95,37,135,-40,Tepat Waktu,1.0,0.0
MHS017942,2022,,2.99,3.0,151,58,144,7,Terlambat,0.0484,0.9516
MHS013094,2023,,2.96,2.93,103,39,135,-32,Tepat Waktu,1.0,0.0
MHS013398,2023,,3.07,2.69,105,43,135,-30,Tepat Waktu,1.0,0.0
MHS013500,2024,,3.06,2.05,58,24,95,-37,Tepat Waktu,1.0,0.0
MHS014453,2024,,3.02,2.3,59,23,95,-36,Tepat Waktu,1.0,0.0
MHS014872,2023,,3.11,2.59,104,43,135,-31,Tepat Waktu,1.0,0.0
MHS015022,2023,,3.47,3.47,108,42,135,-27,Tepat Waktu,1.0,0.0
MHS015535,2024,,3.06,1.91,56,23,95,-39,Tepat Waktu,1.0,0.0
MHS015689,2022,,3.24,3.34,153,62,144,9,Tepat Waktu,0.6556,0.3444
MHS015697,2022,,3.17,2.33,136,52,144,-8,Terlambat,0.0009,0.9991
MHS016564,2023,,2.25,2.52,106,40,135,-29,Tepat Waktu,1.0,0.0
MHS016755,2023,,3.14,2.56,103,41,135,-32,Tepat Waktu,1.0,0.0
MHS017106,2024,,3.14,2.13,59,22,95,-36,Tepat Waktu,1.0,0.0
MHS017149,2024,,3.14,2.14,59,22,95,-36,Tepat Waktu,1.0,0.0
MHS017188,2022,,3.3,3.3,150,62,144,6,Tepat Waktu,0.6507,0.3493
MHS017339,2024,,3.16,1.88,57,25,95,-38,Tepat Waktu,1.0,0.0
MHS012913,2023,,2.97,2.22,98,37,135,-37,Tepat Waktu,1.0,0.0
MHS014165,2023,,2.83,2.74,107,41,135,-28,Tepat Waktu,1.0,0.0
MHS014341,2023,,3.03,2.44,103,35,135,-32,Tepat Waktu,1.0,0.0
MHS016722,2023,,1.74,2.42,104,41,135,-31,Tepat Waktu,0.9993,0.0007
MHS017710,2024,,3.27,2.28,54,19,95,-41,Tepat Waktu,1.0,0.0
MHS017921,2023,,3.13,3.15,110,51,135,-25,Tepat Waktu,1.0,0.0
MHS018176,2023,,3.16,1.67,92,38,135,-43,Tepat Waktu,1.0,0.0
MHS018216,2023,,3.19,2.95,103,39,135,-32,Tepat Waktu,1.0,0.0
MHS018333,2023,,3.23,2.93,108,44,135,-27,Tepat Waktu,1.0,0.0
MHS012898,2024,,3.04,2.17,58,26,95,-37,Tepat Waktu,1.0,0.0
MHS013174,2024,,1.98,1.73,37,15,95,-58,Tepat Waktu,1.0,0.0
MHS013314,2022,,1.33,1.27,103,42,144,-41,Terlambat,0.0,1.0
MHS014463,2023,,3.1,2.48,104,44,135,-31,Tepat Waktu,1.0,0.0
MHS014490,2023,,3.11,2.65,101,39,135,-34,Tepat Waktu,1.0,0.0
MHS015038,2023,,3.04,2.26,99,38,135,-36,Tepat Waktu,1.0,0.0
MHS015855,2024,,3.12,1.76,57,22,95,-38,Tepat Waktu,1.0,0.0
MHS016778,2022,,3.15,2.51,137,61,144,-7,Terlambat,0.0064,0.9936
MHS016911,2024,,3.12,2.71,59,22,95,-36,Tepat Waktu,1.0,0.0
MHS017354,2024,,3.16,2.48,60,23,95,-35,Tepat Waktu,1.0,0.0
MHS018339,2022,,3.26,2.26,136,56,144,-8,Terlambat,0.0002,0.9998
MHS013320,2023,,2.84,2.7,92,34,135,-43,Tepat Waktu,1.0,0.0
MHS013736,2024,,2.99,2.2,59,23,95,-36,Tepat Waktu,1.0,0.0
MHS014012,2023,,3.58,3.72,109,42,135,-26,Tepat Waktu,1.0,0.0
MHS016461,2024,,3.22,2.16,54,21,95,-41,Tepat Waktu,1.0,0.0
MHS016733,2024,,3.12,2.35,59,22,95,-36,Tepat Waktu,1.0,0.0
MHS016774,2024,,3.18,1.99,58,22,95,-37,Tepat Waktu,1.0,0.0
MHS016828,2022,,3.06,2.95,142,54,144,-2,Terlambat,0.0592,0.9408
MHS017391,2024,,3.14,2.51,56,25,95,-39,Tepat Waktu,1.0,0.0
MHS017412,2022,,3.18,2.47,135,53,144,-9,Terlambat,0.0083,0.9917
MHS017906,2022,,3.04,3.05,150,62,144,6,Terlambat,0.1226,0.8774
MHS017977,2023,,3.18,2.79,103,39,135,-32,Tepat Waktu,1.0,0.0
MHS017994,2024,,3.14,1.95,55,21,95,-40,Tepat Waktu,1.0,0.0
MHS012380,2024,,3.1,2.22,54,19,95,-41,Tepat Waktu,1.0,0.0
MHS013503,2024,,3.01,1.91,55,22,95,-40,Tepat Waktu,1.0,0.0
MHS014452,2023,,3.14,2.64,105,42,135,-30,Tepat Waktu,1.0,0.0
MHS015833,2023,,3.14,2.99,108,45,135,-27,Tepat Waktu,1.0,0.0
MHS016742,2024,,3.14,2.05,57,22,95,-38,Tepat Waktu,1.0,0.0
MHS017461,2023,,3.15,2.43,103,39,135,-32,Tepat Waktu,1.0,0.0
MHS017515,2024,,3.14,2.17,56,24,95,-39,Tepat Waktu,1.0,0.0
MHS018071,2024,,3.23,2.72,58,23,95,-37,Tepat Waktu,1.0,0.0
MHS012753,2024,,3.01,2.1,57,22,95,-38,Tepat Waktu,1.0,0.0
MHS014048,2021,,3.41,2.54,164,65,144,20,Tepat Waktu,0.7007,0.2993
MHS014214,2022,,3.06,2.2,135,52,144,-9,Terlambat,0.0001,0.9999
MHS014355,2023,,3.11,2.82,106,41,135,-29,Tepat Waktu,1.0,0.0
MHS015420,2024,,3.15,2.51,58,23,95,-37,Tepat Waktu,1.0,0.0
MHS016760,2022,,3.14,2.81,137,61,144,-7,Terlambat,0.1388,0.8612
MHS017864,2023,,1.98,2.57,105,40,135,-30,Tepat Waktu,1.0,0.0
MHS012463,2022,,3.52,3.52,143,66,144,-1,Tepat Waktu,0.9507,0.0493
MHS012801,2023,,3.04,2.56,104,39,135,-31,Tepat Waktu,1.0,0.0
MHS013419,2023,,3.07,2.76,106,41,135,-29,Tepat Waktu,1.0,0.0
MHS014053,2023,,3.07,2.63,104,42,135,-31,Tepat Waktu,1.0,0.0
MHS014059,2022,,3.13,3.12,134,55,144,-10,Tepat Waktu,0.8083,0.1917
MHS014259,2022,,3.18,1.83,118,48,144,-26,Terlambat,0.1738,0.8262
MHS014328,2023,,2.99,2.26,98,36,135,-37,Tepat Waktu,1.0,0.0
MHS015078,2023,,3.09,2.49,102,38,135,-33,Tepat Waktu,1.0,0.0
MHS015141,2023,,3.14,2.63,104,39,135,-31,Tepat Waktu,1.0,0.0
MHS015241,2024,,3.14,2.53,58,24,95,-37,Tepat Waktu,1.0,0.0
MHS015526,2024,,3.06,1.8,56,23,95,-39,Tepat Waktu,1.0,0.0
MHS016165,2023,,3.04,2.16,98,40,135,-37,Tepat Waktu,1.0,0.0
MHS016779,2022,,3.08,2.48,140,62,144,-4,Terlambat,0.0014,0.9986
MHS016829,2022,,3.09,3.1,140,62,144,-4,Terlambat,0.2584,0.7416
MHS018154,2023,,3.1,2.08,98,41,135,-37,Tepat Waktu,1.0,0.0
MHS018329,2023,,2.3,2.74,108,44,135,-27,Tepat Waktu,1.0,0.0
MHS012849,2023,,3.06,2.78,106,41,135,-29,Tepat Waktu,1.0,0.0
MHS013047,2020,,2.98,2.16,140,51,144,-4,Terlambat,0.0,1.0
MHS013313,2023,,3.08,1.26,74,29,135,-61,Tepat Waktu,1.0,0.0
MHS014996,2024,,3.08,2.14,57,22,95,-38,Tepat Waktu,1.0,0.0
MHS015914,2023,,3.17,2.96,101,40,135,-34,Tepat Waktu,1.0,0.0
MHS016463,2024,,3.1,1.78,59,22,95,-36,Tepat Waktu,1.0,0.0
MHS016476,2022,,3.15,2.69,134,52,144,-10,Terlambat,0.1475,0.8525
MHS017172,2022,,2.32,2.72,107,44,144,-37,Tepat Waktu,1.0,0.0
MHS017494,2022,,3.18,2.47,137,62,144,-7,Terlambat,0.0035,0.9965
MHS018234,2024,,2.92,2.89,38,17,95,-57,Tepat Waktu,1.0,0.0
MHS012303,2024,,2.94,2.68,59,23,95,-36,Tepat Waktu,1.0,0.0
MHS012919,2022,,3.01,1.75,95,36,144,-49,Tepat Waktu,1.0,0.0
MHS012940,2024,,3.02,2.54,57,22,95,-38,Tepat Waktu,1.0,0.0
MHS013231,2024,,2.9,0.44,18,7,95,-77,Tepat Waktu,1.0,0.0
MHS014464,2022,,3.17,1.73,132,53,144,-12,Terlambat,0.0,1.0
MHS014736,2024,,3.07,2.01,57,22,95,-38,Tepat Waktu,1.0,0.0
MHS014819,2022,,2.34,2.47,141,53,144,-3,Terlambat,0.0,1.0
MHS015388,2023,,3.13,3.21,38,15,135,-97,Tepat Waktu,1.0,0.0
MHS017002,2023,,3.15,2.45,102,41,135,-33,Tepat Waktu,1.0,0.0
MHS017122,2024,,3.15,2.04,57,24,95,-38,Tepat Waktu,1.0,0.0
MHS017190,2023,,3.18,2.26,95,38,135,-40,Tepat Waktu,1.0,0.0
MHS017599,2024,,3.18,1.91,60,25,95,-35,Tepat Waktu,1.0,0.0
MHS017792,2022,,3.2,3.18,151,57,144,7,Terlambat,0.3218,0.6782
MHS017872,2023,,3.11,2.48,99,40,135,-36,Tepat Waktu,1.0,0.0
MHS013135,2024,,2.98,2.37,60,22,95,-35,Tepat Waktu,1.0,0.0
MHS013159,2023,,3.03,2.87,108,43,135,-27,Tepat Waktu,1.0,0.0
MHS013300,2024,,2.96,2.25,56,21,95,-39,Tepat Waktu,1.0,0.0
MHS013372,2024,,2.99,2.7,60,22,95,-35,Tepat Waktu,1.0,0.0
MHS013642,2023,,2.64,2.67,109,42,135,-26,Tepat Waktu,1.0,0.0
MHS013918,2023,,3.11,3.04,112,52,135,-23,Tepat Waktu,1.0,0.0
MHS015915,2023,,3.1,2.64,103,42,135,-32,Tepat Waktu,1.0,0.0
MHS017800,2023,,3.11,2.38,99,40,135,-36,Tepat Waktu,1.0,0.0
MHS018028,2024,,3.17,0.21,19,7,95,-76,Tepat Waktu,1.0,0.0
MHS012581,2022,,2.96,2.9,142,58,144,-2,Terlambat,0.0143,0.9857
MHS013161,2020,,3.33,3.34,140,52,144,-4,Tepat Waktu,0.7981,0.2019
MHS013797,2023,,3.03,2.23,94,36,135,-41,Tepat Waktu,1.0,0.0
MHS013906,2024,,3.08,2.44,58,24,95,-37,Tepat Waktu,1.0,0.0
MHS016621,2023,,3.01,2.81,109,42,135,-26,Tepat Waktu,1.0,0.0
MHS017913,2022,,3.15,3.14,150,62,144,6,Terlambat,0.2266,0.7734
MHS012668,2024,,3.03,2.19,58,25,95,-37,Tepat Waktu,1.0,0.0
MHS012673,2023,,3.06,2.82,106,44,135,-29,Tepat Waktu,1.0,0.0
MHS013719,2024,,2.99,2.52,59,23,95,-36,Tepat Waktu,1.0,0.0
MHS013789,2020,,2.74,1.85,119,48,144,-25,Terlambat,0.0089,0.9911
MHS014911,2024,,3.12,2.37,58,24,95,-37,Tepat Waktu,1.0,0.0
MHS015080,2023,,3.05,2.69,103,49,135,-32,Tepat Waktu,1.0,0.0
MHS015422,2021,,2.7,2.65,125,48,144,-19,Tepat Waktu,0.804,0.196
MHS015490,2024,,3.06,2.06,56,23,95,-39,Tepat Waktu,1.0,0.0
MHS016998,2023,,3.15,2.78,108,45,135,-27,Tepat Waktu,1.0,0.0
MHS017189,2022,,3.61,3.59,150,61,144,6,Tepat Waktu,0.8682,0.1318
MHS017327,2022,,3.35,3.41,150,57,144,6,Tepat Waktu,0.6548,0.3452
MHS013211,2024,,2.97,2.18,59,24,95,-36,Tepat Waktu,1.0,0.0
MHS013816,2023,,3.08,2.81,106,41,135,-29,Tepat Waktu,1.0,0.0
MHS014545,2023,,2.99,2.58,102,43,135,-33,Tepat Waktu,1.0,0.0
MHS014580,2023,,3.03,2.43,103,39,135,-32,Tepat Waktu,1.0,0.0
MHS015047,2023,,3.02,1.78,98,39,135,-37,Tepat Waktu,1.0,0.0
MHS015798,2022,,3.02,2.74,140,57,144,-4,Terlambat,0.0073,0.9927
MHS018335,2024,,3.17,1.34,56,25,95,-39,Tepat Waktu,1.0,0.0
MHS012557,2024,,3.0,2.4,57,24,95,-38,Tepat Waktu,1.0,0.0
MHS013604,2023,,3.03,2.27,101,41,135,-34,Tepat Waktu,1.0,0.0
MHS014297,2023,,3.29,1.21,84,36,135,-51,Tepat Waktu,1.0,0.0
MHS015223,2024,,3.06,2.13,55,23,95,-40,Tepat Waktu,1.0,0.0
MHS017040,2024,,3.14,2.19,56,25,95,-39,Tepat Waktu,1.0,0.0
MHS017313,2023,,2.86,2.9,111,41,135,-24,Tepat Waktu,1.0,0.0
MHS017498,2022,,3.02,3.04,143,62,144,-1,Terlambat,0.0782,0.9218
MHS017747,2022,,3.1,3.1,150,61,144,6,Terlambat,0.1859,0.8141
MHS017852,2022,,3.84,3.83,151,57,144,7,Tepat Waktu,0.8265,0.1735
MHS012368,2024,,3.09,2.62,54,19,95,-41,Tepat Waktu,1.0,0.0
MHS012381,2023,,3.02,2.89,105,45,135,-30,Tepat Waktu,1.0,0.0
MHS012660,2024,,3.03,2.6,58,26,95,-37,Tepat Waktu,1.0,0.0
MHS014840,2023,,3.13,2.68,101,39,135,-34,Tepat Waktu,1.0,0.0
MHS015186,2024,,3.09,2.02,57,23,95,-38,Tepat Waktu,1.0,0.0
MHS015741,2023,,3.05,2.27,100,38,135,-35,Tepat Waktu,1.0,0.0
MHS018029,2024,,3.27,2.16,54,19,95,-41,Tepat Waktu,1.0,0.0
MHS018057,2024,,3.14,1.56,55,21,95,-40,Tepat Waktu,1.0,0.0
MHS018080,2023,,3.11,3.14,110,51,135,-25,Tepat Waktu,1.0,0.0
MHS012329,2023,,2.17,2.51,103,46,135,-32,Tepat Waktu,1.0,0.0
MHS012842,2024,,2.85,2.46,62,29,95,-33,Tepat Waktu,1.0,0.0
MHS013082,2023,,3.74,1.87,73,32,135,-62,Tepat Waktu,1.0,0.0
MHS013095,2024,,2.94,2.64,56,21,95,-39,Tepat Waktu,1.0,0.0
MHS014503,2024,,3.1,2.57,58,25,95,-37,Tepat Waktu,1.0,0.0
MHS015323,2022,,2.78,2.74,143,54,144,-1,Terlambat,0.0012,0.9988
MHS017385,2024,,3.16,2.28,60,22,95,-35,Tepat Waktu,1.0,0.0
MHS017961,2019,,3.06,1.47,131,54,144,-13,Terlambat,0.0,1.0
MHS012441,2024,,2.94,2.45,59,23,95,-36,Tepat Waktu,1.0,0.0
MHS012656,2024,,3.03,2.45,58,26,95,-37,Tepat Waktu,1.0,0.0
MHS013499,2023,,2.45,1.89,65,24,135,-70,Tepat Waktu,1.0,0.0
MHS013686,2022,,3.3,1.61,117,44,144,-27,Terlambat,0.0379,0.9621
MHS014420,2022,,3.27,2.3,133,53,144,-11,Terlambat,0.0021,0.9979
MHS014457,2024,,3.06,2.33,57,24,95,-38,Tepat Waktu,1.0,0.0
MHS014694,2024,,2.95,2.51,62,23,95,-33,Tepat Waktu,1.0,0.0
MHS017050,2024,,3.14,2.26,60,26,95,-35,Tepat Waktu,1.0,0.0
MHS017178,2023,,3.06,2.15,98,35,135,-37,Tepat Waktu,1.0,0.0
MHS017551,2024,,3.2,2.16,58,23,95,-37,Tepat Waktu,1.0,0.0
MHS012959,2023,,3.05,2.54,104,41,135,-31,Tepat Waktu,1.0,0.0
MHS013288,2022,,2.98,2.65,140,62,144,-4,Terlambat,0.0038,0.9962
MHS013325,2023,,3.12,1.88,96,40,135,-39,Tepat Waktu,1.0,0.0
MHS013768,2024,,3.02,1.45,55,22,95,-40,Tepat Waktu,1.0,0.0
MHS015376,2023,,3.16,3.01,105,43,135,-30,Tepat Waktu,1.0,0.0
MHS015509,2024,,3.06,2.23,59,24,95,-36,Tepat Waktu,1.0,0.0
MHS015579,2023,,3.1,2.82,107,43,135,-28,Tepat Waktu,1.0,0.0
MHS017170,2022,,3.36,3.38,150,58,144,6,Tepat Waktu,0.651,0.349
MHS018018,2023,,3.24,2.61,101,40,135,-34,Tepat Waktu,1.0,0.0
MHS013454,2022,,3.15,2.51,136,55,144,-8,Terlambat,0.0044,0.9956
MHS016657,2024,,3.02,2.66,62,23,95,-33,Tepat Waktu,1.0,0.0
MHS016914,2023,,3.2,2.91,106,38,135,-29,Tepat Waktu,1.0,0.0
MHS016961,2022,,3.06,2.59,142,54,144,-2,Terlambat,0.0013,0.9987
MHS017529,2023,,2.22,2.65,106,50,135,-29,Tepat Waktu,1.0,0.0
MHS017911,2023,,2.57,2.73,109,41,135,-26,Tepat Waktu,1.0,0.0
MHS012786,2024,,2.94,2.23,56,21,95,-39,Tepat Waktu,1.0,0.0
MHS013356,2022,,3.22,3.23,141,55,144,-3,Terlambat,0.3856,0.6144
MHS014386,2024,,3.02,2.61,56,21,95,-39,Tepat Waktu,1.0,0.0
MHS016596,2020,,2.94,2.25,131,48,144,-13,Terlambat,0.0031,0.9969
MHS016971,2023,,3.22,3.06,105,41,135,-30,Tepat Waktu,1.0,0.0
MHS017067,2024,,3.19,2.65,58,23,95,-37,Tepat Waktu,1.0,0.0
MHS017245,2024,,3.25,2.17,54,21,95,-41,Tepat Waktu,1.0,0.0
MHS017573,2021,,3.02,1.9,131,49,144,-13,Terlambat,0.0,1.0
MHS017966,2024,,3.19,2.25,60,24,95,-35,Tepat Waktu,1.0,0.0
MHS017972,2024,,3.17,2.4,57,24,95,-38,Tepat Waktu,1.0,0.0
MHS018300,2023,,3.18,2.78,102,42,135,-33,Tepat Waktu,1.0,0.0
MHS013080,2020,,3.05,1.86,137,48,144,-7,Terlambat,0.0,1.0
MHS013761,2022,,1.72,1.7,104,44,144,-40,Tepat Waktu,0.5043,0.4957
MHS015531,2023,,3.14,2.31,101,40,135,-34,Tepat Waktu,1.0,0.0
MHS015725,2022,,3.12,3.12,142,56,144,-2,Terlambat,0.1462,0.8538
MHS015755,2023,,3.05,2.15,100,38,135,-35,Tepat Waktu,1.0,0.0
MHS015983,2024,,3.12,2.09,57,22,95,-38,Tepat Waktu,1.0,0.0
MHS016588,2024,,3.11,2.46,56,25,95,-39,Tepat Waktu,1.0,0.0
MHS017914,2023,,3.21,2.89,104,43,135,-31,Tepat Waktu,1.0,0.0
MHS018175,2023,,3.22,2.57,104,42,135,-31,Tepat Waktu,1.0,0.0
MHS012706,2023,,3.03,2.7,105,46,135,-30,Tepat Waktu,1.0,0.0
MHS013429,2024,,3.03,2.57,57,22,95,-38,Tepat Waktu,1.0,0.0
MHS013822,2024,,3.05,2.22,57,24,95,-38,Tepat Waktu,1.0,0.0
MHS014094,2023,,3.07,2.85,108,42,135,-27,Tepat Waktu,1.0,0.0
MHS014348,2024,,3.1,2.4,58,25,95,-37,Tepat Waktu,1.0,0.0
MHS014399,2024,,3.02,2.14,56,21,95,-39,Tepat Waktu,1.0,0.0
MHS015090,2023,,3.05,2.2,90,34,135,-45,Tepat Waktu,1.0,0.0
MHS015547,2023,,3.15,1.84,94,39,135,-41,Tepat Waktu,1.0,0.0
MHS016858,2022,,3.22,3.23,153,59,144,9,Tepat Waktu,0.5249,0.4751
MHS016993,2024,,3.18,2.26,58,21,95,-37,Tepat Waktu,1.0,0.0
MHS017024,2022,,3.11,2.7,139,65,144,-5,Terlambat,0.0539,0.9461
MHS017667,2022,,3.15,3.16,151,59,144,7,Terlambat,0.1986,0.8014
MHS017709,2022,,3.53,3.43,150,57,144,6,Tepat Waktu,0.671,0.329
MHS018317,2023,,3.25,2.47,101,41,135,-34,Tepat Waktu,1.0,0.0
MHS012299,2022,,2.74,2.74,142,56,144,-2,Terlambat,0.0009,0.9991
MHS013432,2024,,3.06,2.4,58,24,95,-37,Tepat Waktu,1.0,0.0
MHS013618,2022,,2.4,2.4,143,57,144,-1,Terlambat,0.0,1.0
MHS015298,2021,,2.92,2.04,131,52,144,-13,Terlambat,0.0,1.0
MHS015872,2024,,3.07,2.36,59,24,95,-36,Tepat Waktu,1.0,0.0
MHS016325,2023,,2.28,2.62,106,41,135,-29,Tepat Waktu,1.0,0.0
MHS016730,2024,,3.17,1.81,58,23,95,-37,Tepat Waktu,1.0,0.0
MHS017076,2023,,3.14,2.63,103,41,135,-32,Tepat Waktu,1.0,0.0
MHS017302,2023,,3.22,2.59,101,39,135,-34,Tepat Waktu,1.0,0.0
MHS018083,2023,,2.3,2.71,107,43,135,-28,Tepat Waktu,1.0,0.0
MHS018149,2022,,2.89,2.89,152,62,144,8,Terlambat,0.0207,0.9793
MHS012821,2023,,2.99,2.12,97,38,135,-38,Tepat Waktu,1.0,0.0
MHS013344,2023,,2.36,2.61,106,41,135,-29,Tepat Waktu,1.0,0.0
MHS013566,2024,,3.07,2.13,58,25,95,-37,Tepat Waktu,1.0,0.0
MHS013956,2023,,3.12,2.7,105,42,135,-30,Tepat Waktu,1.0,0.0
MHS014305,2024,,3.02,2.88,60,22,95,-35,Tepat Waktu,1.0,0.0
MHS014713,2023,,3.06,2.85,107,41,135,-28,Tepat Waktu,1.0,0.0
MHS014890,2024,,3.04,1.62,56,23,95,-39,Tepat Waktu,1.0,0.0
MHS015608,2023,,3.16,2.64,104,41,135,-31,Tepat Waktu,1.0,0.0
MHS015775,2024,,3.08,2.13,56,22,95,-39,Tepat Waktu,1.0,0.0
MHS015911,2024,,3.1,2.17,60,25,95,-35,Tepat Waktu,1.0,0.0
MHS017115,2022,,3.02,3.02,152,64,144,8,Terlambat,0.1759,0.8241
MHS017202,2024,,3.14,2.3,59,22,95,-36,Tepat Waktu,1.0,0.0
MHS017612,2023,,3.09,2.29,98,39,135,-37,Tepat Waktu,1.0,0.0
MHS018302,2023,,3.24,1.23,58,21,135,-77,Tepat Waktu,1.0,0.0
MHS012312,2023,,3.03,2.79,104,41,135,-31,Tepat Waktu,1.0,0.0
MHS013368,2024,,3.06,2.52,58,26,95,-37,Tepat Waktu,1.0,0.0
MHS013511,2024,,3.06,2.26,58,24,95,-37,Tepat Waktu,1.0,0.0
MHS014892,2024,,3.12,2.24,58,24,95,-37,Tepat Waktu,1.0,0.0
MHS015434,2022,,3.17,3.17,140,56,144,-4,Terlambat,0.4109,0.5891
MHS015491,2022,,3.06,2.27,128,50,144,-16,Terlambat,0.0167,0.9833
MHS015498,2024,,3.15,2.05,58,23,95,-37,Tepat Waktu,1.0,0.0
MHS015788,2024,,3.09,2.21,60,25,95,-35,Tepat Waktu,1.0,0.0
MHS016500,2024,,3.01,2.73,62,23,95,-33,Tepat Waktu,1.0,0.0
MHS017523,2023,,3.06,2.4,100,38,135,-35,Tepat Waktu,1.0,0.0
MHS017819,2024,,3.21,1.95,58,23,95,-37,Tepat Waktu,1.0,0.0
MHS012558,2024,,2.94,2.07,59,23,95,-36,Tepat Waktu,1.0,0.0
MHS013453,2023,,3.03,2.59,101,41,135,-34,Tepat Waktu,1.0,0.0
MHS014294,2024,,3.01,2.25,59,23,95,-36,Tepat Waktu,1.0,0.0
MHS014601,2024,,2.63,1.35,36,16,95,-59,Tepat Waktu,1.0,0.0
MHS015461,2023,,3.16,2.7,105,43,135,-30,Tepat Waktu,1.0,0.0
MHS015584,2022,,2.92,2.84,141,66,144,-3,Terlambat,0.0522,0.9478
MHS016081,2023,,3.06,1.7,76,30,135,-59,Tepat Waktu,1.0,0.0
MHS017748,2022,,3.14,2.46,139,52,144,-5,Terlambat,0.001,0.999
MHS018381,2024,,3.25,2.63,58,25,95,-37,Tepat Waktu,1.0,0.0
MHS013046,2021,,2.98,1.89,140,58,144,-4,Terlambat,0.0,1.0
MHS013373,2023,,3.06,1.95,93,38,135,-42,Tepat Waktu,1.0,0.0
MHS013376,2023,,2.95,2.76,99,42,135,-36,Tepat Waktu,1.0,0.0
MHS014293,2021,,2.66,1.57,125,52,144,-19,Terlambat,0.0,1.0
MHS015629,2022,,2.96,2.22,130,56,144,-14,Terlambat,0.0006,0.9994
MHS016387,2024,,3.1,2.42,59,24,95,-36,Tepat Waktu,1.0,0.0
MHS016823,2023,,3.14,2.4,102,38,135,-33,Tepat Waktu,1.0,0.0
MHS018035,2024,,3.27,2.36,54,19,95,-41,Tepat Waktu,1.0,0.0
MHS012535,2024,,2.97,2.62,60,22,95,-35,Tepat Waktu,1.0,0.0
MHS012683,2024,,2.94,2.7,59,23,95,-36,Tepat Waktu,1.0,0.0
MHS012839,2024,,2.99,2.11,55,21,95,-40,Tepat Waktu,1.0,0.0
MHS013298,2023,,2.94,2.9,112,52,135,-23,Tepat Waktu,1.0,0.0
MHS014395,2024,,3.06,2.25,57,24,95,-38,Tepat Waktu,1.0,0.0
MHS015067,2024,,3.13,2.3,58,24,95,-37,Tepat Waktu,1.0,0.0
MHS015237,2023,,3.17,2.78,106,42,135,-29,Tepat Waktu,1.0,0.0
MHS015374,2023,,2.42,2.64,107,41,135,-28,Tepat Waktu,1.0,0.0
MHS016219,2024,,3.12,1.97,57,22,95,-38,Tepat Waktu,1.0,0.0
MHS016930,2023,,3.06,2.34,100,40,135,-35,Tepat Waktu,1.0,0.0
MHS012646,2024,,3.04,0.37,19,7,95,-76,Tepat Waktu,1.0,0.0
MHS016043,2024,,3.16,2.28,58,23,95,-37,Tepat Waktu,1.0,0.0
MHS016230,2023,,3.11,2.51,103,42,135,-32,Tepat Waktu,1.0,0.0
MHS016848,2024,,3.21,2.72,61,24,95,-34,Tepat Waktu,1.0,0.0
MHS017482,2023,,3.21,2.83,106,40,135,-29,Tepat Waktu,1.0,0.0
MHS018166,2022,,2.44,2.65,143,56,144,-1,Terlambat,0.0,1.0
MHS013366,2024,,2.99,2.85,60,22,95,-35,Tepat Waktu,1.0,0.0
MHS013659,2023,,3.12,3.12,106,41,135,-29,Tepat Waktu,1.0,0.0
MHS013799,2024,,3.08,2.36,58,24,95,-37,Tepat Waktu,1.0,0.0
MHS013859,2023,,2.99,2.34,99,37,135,-36,Tepat Waktu,1.0,0.0
MHS015116,2024,,3.13,2.29,58,24,95,-37,Tepat Waktu,1.0,0.0
MHS016950,2023,,3.19,2.65,101,48,135,-34,Tepat Waktu,1.0,0.0
MHS017274,2024,,3.16,2.17,57,25,95,-38,Tepat Waktu,1.0,0.0
MHS017319,2024,,3.19,2.11,58,23,95,-37,Tepat Waktu,1.0,0.0
MHS017404,2023,,3.22,2.6,101,41,135,-34,Tepat Waktu,1.0,0.0
MHS017426,2024,,3.14,2.44,56,25,95,-39,Tepat Waktu,1.0,0.0
MHS013540,2024,,2.98,2.22,59,23,95,-36,Tepat Waktu,1.0,0.0
MHS014876,2023,,3.11,2.64,104,39,135,-31,Tepat Waktu,1.0,0.0
MHS014931,2023,,3.11,1.73,86,34,135,-49,Tepat Waktu,1.0,0.0
MHS014978,2023,,2.32,2.65,106,40,135,-29,Tepat Waktu,1.0,0.0
MHS015465,2024,,3.08,2.53,55,23,95,-40,Tepat Waktu,1.0,0.0
MHS017422,2024,,3.15,2.53,59,24,95,-36,Tepat Waktu,1.0,0.0
MHS017831,2024,,3.21,2.13,58,23,95,-37,Tepat Waktu,1.0,0.0
MHS013007,2024,,2.99,1.97,55,21,95,-40,Tepat Waktu,1.0,0.0
MHS014727,2024,,3.07,1.91,57,22,95,-38,Tepat Waktu,1.0,0.0
MHS014772,2024,,3.03,1.9,56,23,95,-39,Tepat Waktu,1.0,0.0
MHS014788,2023,,3.01,2.76,99,38,135,-36,Tepat Waktu,1.0,0.0
MHS014790,2024,,3.04,1.94,56,23,95,-39,Tepat Waktu,1.0,0.0
MHS014873,2024,,3.03,2.31,59,23,95,-36,Tepat Waktu,1.0,0.0
MHS017136,2022,,3.19,3.18,150,63,144,6,Terlambat,0.4523,0.5477
MHS017438,2024,,3.17,2.29,60,24,95,-35,Tepat Waktu,1.0,0.0
MHS017892,2024,,3.17,2.3,59,23,95,-36,Tepat Waktu,1.0,0.0
MHS018010,2024,,3.19,2.66,60,28,95,-35,Tepat Waktu,1.0,0.0
MHS018332,2023,,3.15,2.61,18,7,135,-117,Tepat Waktu,1.0,0.0
MHS012391,2024,,3.02,2.81,58,23,95,-37,Tepat Waktu,1.0,0.0
MHS013528,2024,,2.89,2.85,62,29,95,-33,Tepat Waktu,1.0,0.0
MHS013613,2022,,3.03,1.68,95,36,144,-49,Tepat Waktu,1.0,0.0
MHS014349,2022,,2.94,2.52,138,62,144,-6,Terlambat,0.0012,0.9988
MHS015410,2024,,3.1,2.05,57,24,95,-38,Tepat Waktu,1.0,0.0
MHS015767,2022,,3.12,3.12,142,54,144,-2,Terlambat,0.1561,0.8439
MHS015815,2019,,3.44,1.44,182,68,144,38,Terlambat,0.4325,0.5675
MHS016116,2023,,3.11,2.67,103,42,135,-32,Tepat Waktu,1.0,0.0
MHS016814,2023,,2.23,2.63,106,40,135,-29,Tepat Waktu,1.0,0.0
MHS017140,2023,,3.21,2.83,101,39,135,-34,Tepat Waktu,1.0,0.0
MHS017633,2024,,3.16,2.4,59,24,95,-36,Tepat Waktu,1.0,0.0
MHS017773,2022,,3.25,3.31,150,61,144,6,Tepat Waktu,0.5737,0.4263
MHS018033,2022,,3.19,2.19,124,49,144,-20,Terlambat,0.2235,0.7765
MHS018167,2023,,3.23,2.7,105,40,135,-30,Tepat Waktu,1.0,0.0
MHS018369,2022,,3.28,2.56,136,52,144,-8,Terlambat,0.0279,0.9721
MHS012314,2024,,2.95,1.45,55,24,95,-40,Tepat Waktu,1.0,0.0
MHS013562,2024,,3.06,2.33,58,24,95,-37,Tepat Waktu,1.0,0.0
MHS013710,2022,,3.01,2.54,142,56,144,-2,Terlambat,0.0007,0.9993
MHS014227,2023,,3.07,2.57,101,41,135,-34,Tepat Waktu,1.0,0.0
MHS014459,2024,,3.02,2.27,59,23,95,-36,Tepat Waktu,1.0,0.0
MHS015508,2024,,3.06,2.36,59,24,95,-36,Tepat Waktu,1.0,0.0
MHS016926,2024,,3.14,2.15,60,23,95,-35,Tepat Waktu,1.0,0.0
MHS018271,2024,,3.17,1.76,56,23,95,-39,Tepat Waktu,1.0,0.0
MHS012579,2024,,3.0,2.43,57,22,95,-38,Tepat Waktu,1.0,0.0
MHS013195,2023,,2.28,2.6,105,50,135,-30,Tepat Waktu,1.0,0.0
MHS014288,2023,,3.09,2.59,104,39,135,-31,Tepat Waktu,1.0,0.0
MHS014689,2023,,2.34,2.73,106,42,135,-29,Tepat Waktu,1.0,0.0
MHS014785,2024,,3.03,2.35,59,23,95,-36,Tepat Waktu,1.0,0.0
MHS015390,2024,,3.14,1.93,58,23,95,-37,Tepat Waktu,1.0,0.0
MHS016608,2024,,3.11,2.9,59,22,95,-36,Tepat Waktu,1.0,0.0
MHS017661,2024,,3.2,2.35,58,23,95,-37,Tepat Waktu,1.0,0.0
MHS017767,2023,,3.17,2.79,71,27,135,-64,Tepat Waktu,1.0,0.0
MHS018005,2024,,3.17,2.32,59,26,95,-36,Tepat Waktu,1.0,0.0
MHS012398,2023,,2.99,2.44,101,45,135,-34,Tepat Waktu,1.0,0.0
MHS012421,2022,,2.95,2.91,142,58,144,-2,Terlambat,0.0145,0.9855
MHS012947,2024,,3.02,2.04,57,22,95,-38,Tepat Waktu,1.0,0.0
MHS013773,2023,,3.15,2.19,96,38,135,-39,Tepat Waktu,1.0,0.0
MHS013903,2023,,3.06,2.97,108,42,135,-27,Tepat Waktu,1.0,0.0
MHS015072,2023,,3.14,2.64,101,39,135,-34,Tepat Waktu,1.0,0.0
MHS016008,2023,,3.18,3.02,105,43,135,-30,Tepat Waktu,1.0,0.0
MHS016680,2024,,3.17,2.43,58,22,95,-37,Tepat Waktu,1.0,0.0
MHS017269,2023,,3.09,2.26,99,37,135,-36,Tepat Waktu,1.0,0.0
MHS017277,2022,,2.93,2.93,150,56,144,6,Terlambat,0.0163,0.9837
MHS017918,2024,,3.18,2.23,60,23,95,-35,Tepat Waktu,1.0,0.0
MHS012503,2022,,3.21,3.16,126,48,144,-18,Tepat Waktu,0.9996,0.0004
MHS012548,2024,,3.0,2.54,57,24,95,-38,Tepat Waktu,1.0,0.0
MHS012726,2024,,3.14,1.99,54,21,95,-41,Tepat Waktu,1.0,0.0
MHS013327,2023,,3.02,2.05,97,37,135,-38,Tepat Waktu,1.0,0.0
MHS013459,2024,,3.03,2.34,57,22,95,-38,Tepat Waktu,1.0,0.0
MHS013809,2024,,2.89,2.46,62,23,95,-33,Tepat Waktu,1.0,0.0
MHS014705,2023,,2.34,2.61,106,42,135,-29,Tepat Waktu,1.0,0.0
MHS015288,2024,,3.04,2.22,59,24,95,-36,Tepat Waktu,1.0,0.0
MHS015761,2022,,2.9,2.91,143,54,144,-1,Terlambat,0.009,0.991
MHS016221,2022,,3.04,2.35,142,56,144,-2,Terlambat,0.0001,0.9999
MHS016298,2022,,2.49,2.58,143,57,144,-1,Terlambat,0.0,1.0
MHS016686,2023,,3.06,2.32,100,39,135,-35,Tepat Waktu,1.0,0.0
MHS017403,2023,,3.17,2.47,102,41,135,-33,Tepat Waktu,1.0,0.0
MHS017887,2023,,3.24,2.97,106,43,135,-29,Tepat Waktu,1.0,0.0
MHS012349,2024,,3.02,2.52,58,23,95,-37,Tepat Waktu,1.0,0.0
MHS013167,2020,,2.53,2.49,161,63,144,17,Terlambat,0.0004,0.9996
MHS013237,2023,,1.92,2.48,104,40,135,-31,Tepat Waktu,1.0,0.0
MHS015168,2022,,3.42,3.42,141,54,144,-3,Tepat Waktu,0.8055,0.1945
MHS015570,2024,,3.1,2.14,57,24,95,-38,Tepat Waktu,1.0,0.0
MHS016964,2022,,3.11,2.23,124,52,144,-20,Terlambat,0.2413,0.7587
MHS016978,2024,,0.0,1.35,57,22,95,-38,Tepat Waktu,1.0,0.0
MHS017713,2022,,3.14,2.58,139,55,144,-5,Terlambat,0.0051,0.9949
MHS017719,2024,,3.15,2.03,56,23,95,-39,Tepat Waktu,1.0,0.0
MHS018038,2024,,3.17,2.2,59,23,95,-36,Tepat Waktu,1.0,0.0
MHS018409,2022,,3.27,2.37,132,50,144,-12,Terlambat,0.0228,0.9772
MHS012440,2024,,2.99,2.4,57,24,95,-38,Tepat Waktu,1.0,0.0
MHS012664,2024,,2.94,2.52,59,23,95,-36,Tepat Waktu,1.0,0.0
MHS013166,2023,,2.92,2.92,112,52,135,-23,Tepat Waktu,1.0,0.0
MHS013945,2022,,2.91,2.12,127,48,144,-17,Terlambat,0.002,0.998
MHS015057,2024,,3.06,2.26,60,24,95,-35,Tepat Waktu,1.0,0.0
MHS015189,2022,,2.98,2.68,139,55,144,-5,Terlambat,0.0041,0.9959
MHS015377,2022,,2.84,2.85,143,54,144,-1,Terlambat,0.0053,0.9947
MHS015776,2022,,3.06,2.22,99,40,144,-45,Tepat Waktu,1.0,0.0
MHS016445,2024,,3.1,2.72,59,24,95,-36,Tepat Waktu,1.0,0.0
MHS017379,2022,,2.92,1.69,125,49,144,-19,Terlambat,0.0,1.0
MHS017442,2023,,3.13,2.92,18,7,135,-117,Tepat Waktu,1.0,0.0
MHS017681,2024,,3.18,1.96,60,23,95,-35,Tepat Waktu,1.0,0.0
MHS017721,2023,,3.08,2.48,100,39,135,-35,Tepat Waktu,1.0,0.0
MHS017905,2023,,3.18,2.76,103,39,135,-32,Tepat Waktu,1.0,0.0
MHS012520,2023,,2.94,2.01,94,37,135,-41,Tepat Waktu,1.0,0.0
MHS014643,2024,,3.03,2.24,59,23,95,-36,Tepat Waktu,1.0,0.0
MHS015083,2024,,3.08,1.87,57,22,95,-38,Tepat Waktu,1.0,0.0
MHS016128,2023,,2.38,2.72,107,43,135,-28,Tepat Waktu,1.0,0.0
MHS018034,2022,,3.53,3.4,150,58,144,6,Tepat Waktu,0.6617,0.3383
MHS012425,2021,,2.95,2.95,143,57,144,-1,Terlambat,0.0236,0.9764
MHS014222,2023,,3.0,2.26,103,44,135,-32,Tepat Waktu,1.0,0.0
MHS015499,2023,,2.38,2.54,107,43,135,-28,Tepat Waktu,1.0,0.0
MHS016281,2023,,3.17,2.53,101,41,135,-34,Tepat Waktu,1.0,0.0
MHS016477,2022,,3.05,2.6,140,55,144,-4,Terlambat,0.002,0.998
MHS017046,2024,,3.14,2.11,60,23,95,-35,Tepat Waktu,1.0,0.0
MHS017128,2023,,3.16,2.21,95,38,135,-40,Tepat Waktu,1.0,0.0
MHS017300,2022,,3.15,2.21,123,49,144,-21,Tepat Waktu,0.5471,0.4529
MHS017448,2022,,3.0,2.15,130,50,144,-14,Terlambat,0.0005,0.9995
MHS017616,2022,,2.97,2.97,150,56,144,6,Terlambat,0.0191,0.9809
MHS012766,2024,,3.04,2.28,58,26,95,-37,Tepat Waktu,1.0,0.0
MHS013863,2022,,3.02,2.04,134,53,144,-10,Terlambat,0.0,1.0
MHS014502,2023,,3.13,2.94,106,41,135,-29,Tepat Waktu,1.0,0.0
MHS014619,2024,,3.1,2.24,58,25,95,-37,Tepat Waktu,1.0,0.0
MHS014899,2022,,3.04,3.04,140,57,144,-4,Terlambat,0.1366,0.8634
MHS015247,2024,,3.05,1.97,56,23,95,-39,Tepat Waktu,1.0,0.0
MHS015463,2022,,3.03,2.59,100,43,144,-44,Tepat Waktu,1.0,0.0
MHS015664,2022,,3.04,2.64,142,57,144,-2,Terlambat,0.0018,0.9982
MHS016051,2024,,3.2,2.47,54,19,95,-41,Tepat Waktu,1.0,0.0
MHS016224,2023,,3.04,2.44,98,40,135,-37,Tepat Waktu,1.0,0.0
MHS016282,2024,,3.09,2.77,59,24,95,-36,Tepat Waktu,1.0,0.0
MHS016660,2022,,2.95,2.93,153,58,144,9,Terlambat,0.0217,0.9783
MHS016753,2024,,3.12,2.21,56,25,95,-39,Tepat Waktu,1.0,0.0
MHS016805,2024,,2.89,2.35,38,16,95,-57,Tepat Waktu,1.0,0.0
MHS017165,2022,,3.06,2.64,138,52,144,-6,Terlambat,0.0117,0.9883
MHS018419,2019,,2.61,2.64,157,64,144,13,Terlambat,0.0014,0.9986
MHS013411,2024,,2.98,2.29,59,23,95,-36,Tepat Waktu,1.0,0.0
MHS014276,2023,,3.13,2.77,105,42,135,-30,Tepat Waktu,1.0,0.0
MHS014787,2024,,3.04,1.9,56,23,95,-39,Tepat Waktu,1.0,0.0
MHS015121,2023,,1.82,2.32,104,39,135,-31,Tepat Waktu,0.9998,0.0002
MHS015165,2024,,3.04,2.04,59,23,95,-36,Tepat Waktu,1.0,0.0
MHS015890,2024,,3.07,2.7,59,24,95,-36,Tepat Waktu,1.0,0.0
MHS016193,2024,,3.19,2.34,61,24,95,-34,Tepat Waktu,1.0,0.0
MHS016519,2023,,2.92,2.9,110,42,135,-25,Tepat Waktu,1.0,0.0
MHS016522,2024,,3.31,3.31,36,14,95,-59,Tepat Waktu,1.0,0.0
MHS016888,2024,,3.14,2.34,57,22,95,-38,Tepat Waktu,1.0,0.0
MHS017032,2024,,3.14,2.05,60,28,95,-35,Tepat Waktu,1.0,0.0
MHS017230,2024,,3.19,2.49,58,23,95,-37,Tepat Waktu,1.0,0.0
MHS017847,2022,,2.44,2.54,143,56,144,-1,Terlambat,0.0,1.0
MHS013025,2022,,3.11,3.11,143,66,144,-1,Terlambat,0.4812,0.5188
MHS013100,2023,,3.01,2.16,97,36,135,-38,Tepat Waktu,1.0,0.0
MHS013212,2023,,3.01,2.69,101,41,135,-34,Tepat Waktu,1.0,0.0
MHS014213,2024,,3.1,2.71,58,25,95,-37,Tepat Waktu,1.0,0.0
MHS015407,2023,,3.14,2.57,104,42,135,-31,Tepat Waktu,1.0,0.0
MHS015597,2023,,3.13,3.14,109,42,135,-26,Tepat Waktu,1.0,0.0
MHS016360,2023,,3.16,2.33,97,39,135,-38,Tepat Waktu,1.0,0.0
MHS016861,2024,,3.18,2.08,58,22,95,-37,Tepat Waktu,1.0,0.0
MHS017064,2022,,2.98,2.93,141,56,144,-3,Terlambat,0.0241,0.9759
MHS017552,2022,,3.32,3.34,157,58,144,13,Tepat Waktu,0.8442,0.1558
MHS017922,2023,,3.24,2.38,101,41,135,-34,Tepat Waktu,1.0,0.0
MHS018072,2022,,3.25,3.35,150,61,144,6,Tepat Waktu,0.6096,0.3904
MHS018227,2022,,2.97,2.96,150,56,144,6,Terlambat,0.0267,0.9733
MHS018255,2024,,3.29,2.26,54,19,95,-41,Tepat Waktu,1.0,0.0
MHS018270,2023,,3.14,2.3,99,40,135,-36,Tepat Waktu,1.0,0.0
MHS018344,2023,,3.25,2.41,101,41,135,-34,Tepat Waktu,1.0,0.0
MHS013652,2023,,3.05,2.36,101,41,135,-34,Tepat Waktu,1.0,0.0
MHS013872,2024,,3.03,1.73,55,21,95,-40,Tepat Waktu,1.0,0.0
MHS015042,2024,,0.51,1.82,61,23,95,-34,Tepat Waktu,1.0,0.0
MHS015880,2022,,3.13,2.63,137,54,144,-7,Terlambat,0.0117,0.9883
MHS016182,2023,,3.17,2.35,101,42,135,-34,Tepat Waktu,1.0,0.0
MHS016546,2023,,3.13,2.57,103,41,135,-32,Tepat Waktu,1.0,0.0
MHS017043,2023,,3.19,2.04,96,40,135,-39,Tepat Waktu,1.0,0.0
MHS017415,2024,,3.17,2.23,60,22,95,-35,Tepat Waktu,1.0,0.0
MHS017604,2022,,3.14,3.11,140,55,144,-4,Terlambat,0.3035,0.6965
MHS018070,2024,,3.28,2.55,54,19,95,-41,Tepat Waktu,1.0,0.0
MHS012498,2024,,2.93,2.65,56,21,95,-39,Tepat Waktu,1.0,0.0
MHS012799,2023,,2.99,1.94,93,37,135,-42,Tepat Waktu,1.0,0.0
MHS013245,2023,,3.06,2.52,104,40,135,-31,Tepat Waktu,1.0,0.0
MHS013318,2022,,2.98,1.71,98,41,144,-46,Tepat Waktu,1.0,0.0
MHS013346,2022,,3.05,2.62,97,36,144,-47,Tepat Waktu,1.0,0.0
MHS013498,2024,,3.06,2.2,58,24,95,-37,Tepat Waktu,1.0,0.0
MHS013705,2023,,3.08,2.22,97,37,135,-38,Tepat Waktu,1.0,0.0
MHS014658,2023,,3.01,2.35,98,39,135,-37,Tepat Waktu,1.0,0.0
MHS015393,2024,,3.19,2.3,54,21,95,-41,Tepat Waktu,1.0,0.0
MHS018404,2024,,3.25,2.07,58,24,95,-37,Tepat Waktu,1.0,0.0
MHS012588,2022,,3.44,3.44,143,66,144,-1,Tepat Waktu,0.9007,0.0993
MHS013640,2022,,2.99,1.15,98,34,144,-46,Tepat Waktu,1.0,0.0
MHS014195,2024,,3.0,2.5,59,23,95,-36,Tepat Waktu,1.0,0.0
MHS014330,2024,,3.1,2.64,58,25,95,-37,Tepat Waktu,1.0,0.0
MHS014691,2023,,3.01,2.22,98,36,135,-37,Tepat Waktu,1.0,0.0
MHS015071,2024,,3.08,1.86,57,22,95,-38,Tepat Waktu,1.0,0.0
MHS015221,2024,,3.09,2.42,57,21,95,-38,Tepat Waktu,1.0,0.0
MHS015897,2024,,3.1,2.35,60,25,95,-35,Tepat Waktu,1.0,0.0
MHS016647,2024,,3.14,2.44,57,22,95,-38,Tepat Waktu,1.0,0.0
MHS016945,2022,,2.97,2.81,141,53,144,-3,Terlambat,0.0096,0.9904
MHS016976,2024,,0.44,1.78,59,22,95,-36,Tepat Waktu,1.0,0.0
MHS017096,2023,,3.14,2.41,103,41,135,-32,Tepat Waktu,1.0,0.0
MHS017231,2022,,3.14,2.63,140,56,144,-4,Terlambat,0.0044,0.9956
MHS018006,2022,,3.1,2.89,142,57,144,-2,Terlambat,0.0289,0.9711
MHS018081,2023,,3.17,2.67,85,34,135,-50,Tepat Waktu,1.0,0.0
MHS018116,2024,,3.23,2.65,61,24,95,-34,Tepat Waktu,1.0,0.0
MHS018259,2023,,3.25,2.26,101,38,135,-34,Tepat Waktu,1.0,0.0
MHS012344,2024,,2.96,2.16,60,23,95,-35,Tepat Waktu,1.0,0.0
MHS012513,2023,,2.97,2.1,97,38,135,-38,Tepat Waktu,1.0,0.0
MHS013027,2022,,0.69,1.0,102,38,144,-42,Terlambat,0.0,1.0
MHS013177,2023,,3.12,1.77,96,40,135,-39,Tepat Waktu,1.0,0.0
MHS013385,2024,,3.03,2.24,57,22,95,-38,Tepat Waktu,1.0,0.0
MHS014000,2022,,2.9,2.9,141,62,144,-3,Terlambat,0.0285,0.9715
MHS014061,2024,,3.09,2.17,58,25,95,-37,Tepat Waktu,1.0,0.0
MHS014594,2024,,3.04,2.53,60,24,95,-35,Tepat Waktu,1.0,0.0
MHS014745,2023,,3.17,1.85,96,38,135,-39,Tepat Waktu,1.0,0.0
MHS015162,2024,,3.07,2.52,60,24,95,-35,Tepat Waktu,1.0,0.0
MHS015174,2022,,3.03,3.03,141,53,144,-3,Terlambat,0.1129,0.8871
MHS015779,2024,,3.16,2.04,58,23,95,-37,Tepat Waktu,1.0,0.0
MHS016149,2022,,3.36,3.36,140,54,144,-4,Tepat Waktu,0.7085,0.2915
MHS016334,2024,,3.1,1.62,56,21,95,-39,Tepat Waktu,1.0,0.0
MHS016937,2023,,3.14,3.08,102,41,135,-33,Tepat Waktu,1.0,0.0
MHS017078,2022,,2.83,2.06,125,53,144,-19,Terlambat,0.0008,0.9992
MHS017790,2023,,3.17,2.6,103,40,135,-32,Tepat Waktu,1.0,0.0
MHS017884,2024,,3.22,1.55,58,23,95,-37,Tepat Waktu,1.0,0.0
MHS018120,2019,,2.41,2.05,157,58,144,13,Terlambat,0.0,1.0
MHS013643,2024,,3.07,2.07,58,24,95,-37,Tepat Waktu,1.0,0.0
MHS016754,2024,,2.73,0.97,36,14,95,-59,Tepat Waktu,1.0,0.0
MHS016934,2022,,3.12,2.93,140,62,144,-4,Terlambat,0.1092,0.8908
MHS017499,2023,,3.17,2.34,102,42,135,-33,Tepat Waktu,1.0,0.0
MHS017535,2022,,3.26,2.17,132,50,144,-12,Terlambat,0.0011,0.9989
MHS017947,2024,,0.44,1.43,59,22,95,-36,Tepat Waktu,1.0,0.0
MHS012402,2021,,2.92,1.66,138,54,144,-6,Terlambat,0.0,1.0
MHS012775,2024,,2.94,2.36,56,21,95,-39,Tepat Waktu,1.0,0.0
MHS013165,2023,,3.3,1.69,51,20,135,-84,Tepat Waktu,1.0,0.0
MHS013406,2024,,2.97,2.36,56,21,95,-39,Tepat Waktu,1.0,0.0
MHS013672,2023,,2.97,2.13,92,35,135,-43,Tepat Waktu,1.0,0.0
MHS015383,2024,,3.05,2.3,59,24,95,-36,Tepat Waktu,1.0,0.0
MHS015631,2023,,3.07,2.47,103,39,135,-32,Tepat Waktu,1.0,0.0
MHS016943,2021,,2.76,2.19,119,51,144,-25,Tepat Waktu,0.6843,0.3157
MHS017047,2022,,3.13,2.42,140,56,144,-4,Terlambat,0.0003,0.9997
MHS017216,2024,,3.23,2.37,61,24,95,-34,Tepat Waktu,1.0,0.0
MHS017370,2023,,3.22,2.37,101,41,135,-34,Tepat Waktu,1.0,0.0
MHS018060,2024,,3.19,2.19,60,25,95,-35,Tepat Waktu,1.0,0.0
MHS018162,2024,,3.19,2.76,60,28,95,-35,Tepat Waktu,1.0,0.0
MHS012346,2022,,2.94,2.43,129,52,144,-15,Terlambat,0.0268,0.9732
MHS012390,2023,,1.43,2.12,99,36,135,-36,Tepat Waktu,0.9995,0.0005
MHS012769,2023,,2.95,2.9,103,40,135,-32,Tepat Waktu,1.0,0.0
MHS013168,2020,,2.84,2.36,130,54,144,-14,Terlambat,0.0034,0.9966
MHS014429,2024,,3.1,2.47,58,25,95,-37,Tepat Waktu,1.0,0.0
MHS014460,2022,,2.96,2.48,138,62,144,-6,Terlambat,0.0008,0.9992
MHS016035,2023,,2.3,2.53,106,41,135,-29,Tepat Waktu,1.0,0.0
MHS016673,2020,,2.98,2.08,131,53,144,-13,Terlambat,0.0001,0.9999
MHS017263,2024,,3.03,2.02,62,23,95,-33,Tepat Waktu,1.0,0.0
MHS018262,2023,,3.17,2.58,102,40,135,-33,Tepat Waktu,1.0,0.0
MHS013893,2024,,3.06,2.75,57,24,95,-38,Tepat Waktu,1.0,0.0
MHS014229,2024,,3.1,2.41,58,25,95,-37,Tepat Waktu,1.0,0.0
MHS015549,2023,,3.15,2.48,101,40,135,-34,Tepat Waktu,1.0,0.0
MHS016097,2024,,3.16,1.83,58,23,95,-37,Tepat Waktu,1.0,0.0
MHS016241,2022,,3.04,2.63,138,56,144,-6,Terlambat,0.007,0.993
MHS016454,2022,,3.1,2.44,134,59,144,-10,Terlambat,0.0038,0.9962
MHS016518,2022,,1.0,0.97,106,44,144,-38,Terlambat,0.0,1.0
MHS016520,2023,,3.18,2.41,101,42,135,-34,Tepat Waktu,1.0,0.0
MHS017309,2024,,3.16,2.26,57,22,95,-38,Tepat Waktu,1.0,0.0
MHS017718,2023,,3.23,2.5,101,41,135,-34,Tepat Waktu,1.0,0.0
MHS012354,2024,,2.94,2.64,59,23,95,-36,Tepat Waktu,1.0,0.0
MHS013342,2024,,2.97,2.29,56,21,95,-39,Tepat Waktu,1.0,0.0
MHS014202,2022,,3.16,2.62,132,51,144,-12,Terlambat,0.1568,0.8432
MHS014422,2024,,3.03,2.46,56,21,95,-39,Tepat Waktu,1.0,0.0
MHS014566,2024,,3.03,2.71,56,21,95,-39,Tepat Waktu,1.0,0.0
MHS014961,2024,,3.07,1.77,57,22,95,-38,Tepat Waktu,1.0,0.0
MHS015054,2024,,3.05,1.94,55,23,95,-40,Tepat Waktu,1.0,0.0
MHS015475,2024,,3.06,2.16,56,23,95,-39,Tepat Waktu,1.0,0.0
MHS015985,2022,,3.06,1.35,114,44,144,-30,Terlambat,0.001,0.999
MHS016592,2023,,3.13,2.44,103,41,135,-32,Tepat Waktu,1.0,0.0
MHS016652,2022,,3.25,3.25,141,53,144,-3,Tepat Waktu,0.5782,0.4218
MHS017377,2023,,3.17,2.4,102,40,135,-33,Tepat Waktu,1.0,0.0
MHS017510,2023,,3.21,2.85,108,43,135,-27,Tepat Waktu,1.0,0.0
MHS017537,2023,,3.07,2.38,100,40,135,-35,Tepat Waktu,1.0,0.0
MHS017592,2020,,2.53,2.56,153,63,144,9,Terlambat,0.0,1.0
MHS017704,2023,,3.2,2.46,104,43,135,-31,Tepat Waktu,1.0,0.0
MHS018193,2024,,3.09,2.04,62,23,95,-33,Tepat Waktu,1.0,0.0
MHS012605,2024,,2.94,1.64,56,24,95,-39,Tepat Waktu,1.0,0.0
MHS013133,2022,,2.52,2.53,143,57,144,-1,Terlambat,0.0,1.0
MHS014455,2024,,3.03,2.22,56,21,95,-39,Tepat Waktu,1.0,0.0
MHS015188,2023,,3.14,2.39,101,40,135,-34,Tepat Waktu,1.0,0.0
MHS015367,2024,,3.06,1.89,56,23,95,-39,Tepat Waktu,1.0,0.0
MHS016785,2024,,3.18,2.07,58,22,95,-37,Tepat Waktu,1.0,0.0
MHS016833,2024,,3.12,2.8,59,22,95,-36,Tepat Waktu,1.0,0.0
MHS017044,2022,,2.97,2.77,141,54,144,-3,Terlambat,0.0091,0.9909
MHS017126,2023,,3.28,1.78,77,29,135,-58,Tepat Waktu,1.0,0.0
MHS017160,2022,,3.33,3.33,150,57,144,6,Tepat Waktu,0.5771,0.4229
MHS017258,2023,,3.15,2.25,102,42,135,-33,Tepat Waktu,1.0,0.0
MHS017336,2023,,3.15,2.84,103,42,135,-32,Tepat Waktu,1.0,0.0
MHS017740,2022,,2.28,2.49,141,55,144,-3,Terlambat,0.0,1.0
MHS017802,2024,,3.21,1.91,58,23,95,-37,Tepat Waktu,1.0,0.0
MHS018393,2022,,2.94,2.9,143,56,144,-1,Terlambat,0.0101,0.9899
MHS015803,2024,,3.06,2.62,59,24,95,-36,Tepat Waktu,1.0,0.0
MHS016227,2023,,3.17,2.55,104,43,135,-31,Tepat Waktu,1.0,0.0
MHS016266,2023,,3.37,3.34,109,42,135,-26,Tepat Waktu,1.0,0.0
MHS017308,2024,,3.14,2.08,59,22,95,-36,Tepat Waktu,1.0,0.0
MHS013117,2024,,2.96,2.28,59,23,95,-36,Tepat Waktu,1.0,0.0
MHS013609,2023,,3.07,3.0,105,43,135,-30,Tepat Waktu,1.0,0.0
MHS013615,2023,,3.05,2.35,101,41,135,-34,Tepat Waktu,1.0,0.0
MHS013996,2023,,3.1,3.1,108,42,135,-27,Tepat Waktu,1.0,0.0
MHS014484,2024,,3.04,2.49,60,24,95,-35,Tepat Waktu,1.0,0.0
MHS015811,2022,,0.67,0.84,108,46,144,-36,Terlambat,0.0,1.0
MHS015869,2023,,3.1,2.54,103,39,135,-32,Tepat Waktu,1.0,0.0
MHS016112,2024,,3.21,2.2,54,21,95,-41,Tepat Waktu,1.0,0.0
MHS016401,2024,,3.13,2.55,60,25,95,-35,Tepat Waktu,1.0,0.0
MHS016467,2024,,3.17,2.57,58,22,95,-37,Tepat Waktu,1.0,0.0
MHS017591,2022,,3.09,2.71,142,54,144,-2,Terlambat,0.0055,0.9945
MHS017833,2024,,3.18,1.79,60,24,95,-35,Tepat Waktu,1.0,0.0
MHS018188,2022,,2.94,2.74,143,56,144,-1,Terlambat,0.0023,0.9977
MHS012409,2024,,2.52,0.94,36,14,95,-59,Tepat Waktu,1.0,0.0
MHS012504,2023,,2.94,2.57,99,42,135,-36,Tepat Waktu,1.0,0.0
MHS013670,2024,,3.04,2.55,57,24,95,-38,Tepat Waktu,1.0,0.0
MHS014221,2022,,3.03,1.88,128,49,144,-16,Terlambat,0.0,1.0
MHS015058,2022,,3.02,1.07,114,46,144,-30,Terlambat,0.0,1.0
MHS015064,2022,,2.5,2.51,143,54,144,-1,Terlambat,0.0,1.0
MHS015107,2023,,3.06,2.81,103,49,135,-32,Tepat Waktu,1.0,0.0
MHS015439,2023,,3.17,2.75,106,42,135,-29,Tepat Waktu,1.0,0.0
MHS015511,2024,,3.06,2.4,59,24,95,-36,Tepat Waktu,1.0,0.0
MHS016295,2022,,2.62,2.12,126,47,144,-18,Terlambat,0.0008,0.9992
MHS016644,2024,,3.11,2.03,59,22,95,-36,Tepat Waktu,1.0,0.0
MHS016804,2023,,3.19,2.41,101,41,135,-34,Tepat Waktu,1.0,0.0
MHS017772,2023,,3.23,2.52,101,38,135,-34,Tepat Waktu,1.0,0.0
MHS018201,2023,,3.14,2.49,99,39,135,-36,Tepat Waktu,1.0,0.0
MHS018296,2023,,3.12,2.26,100,42,135,-35,Tepat Waktu,1.0,0.0
MHS013307,2023,,2.26,2.48,105,39,135,-30,Tepat Waktu,1.0,0.0
MHS015528,2022,,2.93,2.37,130,50,144,-14,Terlambat,0.0123,0.9877
MHS016369,2023,,3.17,1.19,93,36,135,-42,Tepat Waktu,1.0,0.0
MHS016426,2024,,3.17,1.77,58,22,95,-37,Tepat Waktu,1.0,0.0
MHS016767,2022,,2.49,2.66,143,54,144,-1,Terlambat,0.0,1.0
MHS017206,2023,,2.36,2.71,108,43,135,-27,Tepat Waktu,1.0,0.0
MHS017989,2023,,3.21,2.72,104,49,135,-31,Tepat Waktu,1.0,0.0
MHS013299,2023,,2.96,2.11,94,39,135,-41,Tepat Waktu,1.0,0.0
MHS013524,2024,,2.98,2.39,59,23,95,-36,Tepat Waktu,1.0,0.0
MHS013650,2023,,2.98,2.46,100,43,135,-35,Tepat Waktu,1.0,0.0
MHS014131,2022,,2.34,2.34,143,54,144,-1,Terlambat,0.0,1.0
MHS014597,2023,,2.35,2.56,106,42,135,-29,Tepat Waktu,1.0,0.0
MHS014936,2022,,2.92,2.91,141,56,144,-3,Terlambat,0.0138,0.9862
MHS015182,2024,,3.14,2.37,58,24,95,-37,Tepat Waktu,1.0,0.0
MHS015194,2024,,2.98,2.56,62,23,95,-33,Tepat Waktu,1.0,0.0
MHS016949,2022,,3.22,3.22,142,54,144,-2,Terlambat,0.4389,0.5611
MHS016982,2024,,3.12,2.0,56,25,95,-39,Tepat Waktu,1.0,0.0
MHS017680,2024,,3.2,1.99,58,23,95,-37,Tepat Waktu,1.0,0.0
MHS017692,2024,,3.17,1.81,57,26,95,-38,Tepat Waktu,1.0,0.0
MHS018007,2024,,3.16,1.59,56,21,95,-39,Tepat Waktu,1.0,0.0
MHS018177,2022,,2.74,2.75,150,60,144,6,Terlambat,0.0006,0.9994
MHS012430,2024,,2.94,2.7,59,23,95,-36,Tepat Waktu,1.0,0.0
MHS014193,2024,,3.09,2.26,58,24,95,-37,Tepat Waktu,1.0,0.0
MHS014292,2024,,3.1,2.29,58,24,95,-37,Tepat Waktu,1.0,0.0
MHS014534,2024,,3.02,2.16,59,23,95,-36,Tepat Waktu,1.0,0.0
MHS015177,2024,,3.04,2.36,59,23,95,-36,Tepat Waktu,1.0,0.0
MHS015762,2024,,3.07,2.27,56,22,95,-39,Tepat Waktu,1.0,0.0
MHS015795,2024,,3.01,2.54,62,23,95,-33,Tepat Waktu,1.0,0.0
MHS016275,2019,,3.27,2.55,161,64,144,17,Terlambat,0.1517,0.8483
MHS016300,2024,,3.01,2.06,62,23,95,-33,Tepat Waktu,1.0,0.0
MHS016751,2023,,3.2,3.1,106,44,135,-29,Tepat Waktu,1.0,0.0
MHS017672,2023,,3.61,3.62,107,41,135,-28,Tepat Waktu,1.0,0.0
MHS012694,2023,,3.01,2.47,101,41,135,-34,Tepat Waktu,1.0,0.0
MHS014784,2024,,3.03,1.77,56,23,95,-39,Tepat Waktu,1.0,0.0
MHS014949,2024,,3.06,2.4,60,24,95,-35,Tepat Waktu,1.0,0.0
MHS015359,2023,,3.14,2.78,101,39,135,-34,Tepat Waktu,1.0,0.0
MHS015947,2024,,3.1,2.43,60,25,95,-35,Tepat Waktu,1.0,0.0
MHS016380,2024,,3.11,1.86,56,23,95,-39,Tepat Waktu,1.0,0.0
MHS016918,2023,,3.14,2.31,102,43,135,-33,Tepat Waktu,1.0,0.0
MHS017185,2024,,3.16,1.95,57,24,95,-38,Tepat Waktu,1.0,0.0
MHS018078,2024,,3.17,2.08,57,25,95,-38,Tepat Waktu,1.0,0.0
MHS018163,2023,,3.1,2.04,98,41,135,-37,Tepat Waktu,1.0,0.0
MHS012448,2020,,3.02,2.21,135,48,144,-9,Terlambat,0.0002,0.9998
MHS012702,2021,,2.73,1.23,111,42,144,-33,Terlambat,0.0008,0.9992
MHS013338,2021,,2.25,1.47,141,58,144,-3,Terlambat,0.0,1.0
MHS013660,2022,,0.83,0.96,103,43,144,-41,Terlambat,0.0,1.0
MHS014593,2023,,3.33,3.16,35,13,135,-100,Tepat Waktu,1.0,0.0
MHS015154,2024,,3.13,2.51,58,24,95,-37,Tepat Waktu,1.0,0.0
MHS015714,2023,,3.09,2.39,103,39,135,-32,Tepat Waktu,1.0,0.0
MHS015867,2023,,2.32,2.74,106,41,135,-29,Tepat Waktu,1.0,0.0
MHS016837,2024,,3.18,2.03,58,22,95,-37,Tepat Waktu,1.0,0.0
MHS017413,2024,,3.15,2.35,59,24,95,-36,Tepat Waktu,1.0,0.0
MHS017437,2022,,3.08,3.08,150,57,144,6,Terlambat,0.1116,0.8884
MHS017888,2024,,3.22,1.99,58,23,95,-37,Tepat Waktu,1.0,0.0
MHS018112,2022,,3.34,3.44,151,60,144,7,Tepat Waktu,0.7404,0.2596
MHS012353,2023,,1.74,2.33,101,45,135,-34,Tepat Waktu,0.9999,0.0001
MHS013110,2022,,2.72,2.63,143,67,144,-1,Terlambat,0.0013,0.9987
MHS013691,2024,,3.07,2.58,58,24,95,-37,Tepat Waktu,1.0,0.0
MHS013854,2023,,3.11,2.81,105,43,135,-30,Tepat Waktu,1.0,0.0
MHS014320,2024,,3.06,2.7,57,24,95,-38,Tepat Waktu,1.0,0.0
MHS015023,2023,,3.14,2.78,101,39,135,-34,Tepat Waktu,1.0,0.0
MHS015361,2024,,3.14,2.36,58,24,95,-37,Tepat Waktu,1.0,0.0
MHS015614,2024,,3.11,2.16,57,24,95,-38,Tepat Waktu,1.0,0.0
MHS015953,2022,,3.03,2.9,138,60,144,-6,Terlambat,0.0719,0.9281
MHS017117,2022,,3.31,3.43,152,62,144,8,Tepat Waktu,0.7279,0.2721
MHS012388,2023,,2.95,2.38,100,41,135,-35,Tepat Waktu,1.0,0.0
MHS012419,2023,,3.02,2.93,105,45,135,-30,Tepat Waktu,1.0,0.0
MHS013204,2022,,2.9,2.88,143,58,144,-1,Terlambat,0.0103,0.9897
MHS013580,2023,,3.25,3.25,108,42,135,-27,Tepat Waktu,1.0,0.0
MHS014742,2023,,3.1,2.53,104,39,135,-31,Tepat Waktu,1.0,0.0
MHS015728,2023,,3.16,2.86,105,41,135,-30,Tepat Waktu,1.0,0.0
MHS015987,2024,,3.08,2.63,59,24,95,-36,Tepat Waktu,1.0,0.0
MHS016625,2024,,3.13,2.09,60,25,95,-35,Tepat Waktu,1.0,0.0
MHS016907,2024,,3.02,3.21,38,16,95,-57,Tepat Waktu,1.0,0.0
MHS017919,2023,,3.22,2.83,105,41,135,-30,Tepat Waktu,1.0,0.0
MHS018203,2022,,3.04,2.36,141,57,144,-3,Terlambat,0.0001,0.9999
MHS012461,2024,,2.94,2.03,59,23,95,-36,Tepat Waktu,1.0,0.0
MHS012690,2024,,3.03,2.29,58,26,95,-37,Tepat Waktu,1.0,0.0
MHS014095,2023,,3.06,2.46,101,41,135,-34,Tepat Waktu,1.0,0.0
MHS014194,2023,,2.86,1.39,91,36,135,-44,Tepat Waktu,1.0,0.0
MHS014711,2024,,3.11,1.9,58,24,95,-37,Tepat Waktu,1.0,0.0
MHS014826,2023,,3.06,2.19,95,38,135,-40,Tepat Waktu,1.0,0.0
MHS015462,2023,,3.17,2.96,106,42,135,-29,Tepat Waktu,1.0,0.0
MHS016643,2023,,3.13,2.55,103,41,135,-32,Tepat Waktu,1.0,0.0
MHS017314,2024,,3.19,2.13,58,23,95,-37,Tepat Waktu,1.0,0.0
MHS017380,2023,,3.22,2.5,101,38,135,-34,Tepat Waktu,1.0,0.0
MHS017428,2024,,3.15,2.39,59,24,95,-36,Tepat Waktu,1.0,0.0
MHS017496,2023,,3.15,2.67,103,39,135,-32,Tepat Waktu,1.0,0.0
MHS018187,2024,,3.23,2.31,58,23,95,-37,Tepat Waktu,1.0,0.0
MHS012754,2024,,2.85,2.61,62,23,95,-33,Tepat Waktu,1.0,0.0
MHS013116,2022,,2.94,2.14,129,49,144,-15,Terlambat,0.001,0.999
MHS013725,2022,,1.44,1.51,104,40,144,-40,Terlambat,0.0005,0.9995
MHS013865,2023,,3.11,2.92,105,43,135,-30,Tepat Waktu,1.0,0.0
MHS014427,2024,,3.02,2.48,59,23,95,-36,Tepat Waktu,1.0,0.0
MHS015934,2023,,3.16,2.2,97,39,135,-38,Tepat Waktu,1.0,0.0
MHS016253,2023,,3.07,2.33,99,47,135,-36,Tepat Waktu,1.0,0.0
MHS016350,2022,,2.78,2.85,143,54,144,-1,Terlambat,0.0033,0.9967
MHS017561,2022,,3.2,2.54,137,52,144,-7,Terlambat,0.0107,0.9893
MHS018172,2023,,3.13,2.32,99,39,135,-36,Tepat Waktu,1.0,0.0
MHS013153,2024,,2.96,2.01,56,21,95,-39,Tepat Waktu,1.0,0.0
MHS013457,2021,,3.11,3.09,138,53,144,-6,Terlambat,0.4003,0.5997
MHS013843,2023,,3.06,2.7,101,41,135,-34,Tepat Waktu,1.0,0.0
MHS014260,2024,,3.01,2.25,59,23,95,-36,Tepat Waktu,1.0,0.0
MHS015051,2024,,3.08,2.03,57,22,95,-38,Tepat Waktu,1.0,0.0
MHS015408,2023,,3.16,2.56,104,43,135,-31,Tepat Waktu,1.0,0.0
MHS015769,2022,,2.3,2.31,108,47,144,-36,Tepat Waktu,1.0,0.0
MHS015813,2022,,3.03,2.27,138,61,144,-6,Terlambat,0.0001,0.9999
MHS015818,2023,,3.17,2.72,104,41,135,-31,Tepat Waktu,1.0,0.0
MHS017053,2024,,3.19,0.93,58,23,95,-37,Tepat Waktu,1.0,0.0
MHS017419,2022,,3.6,3.48,153,56,144,9,Tepat Waktu,0.8083,0.1917
MHS017481,2024,,3.15,2.28,59,23,95,-36,Tepat Waktu,1.0,0.0
MHS013000,2023,,2.96,2.59,103,41,135,-32,Tepat Waktu,1.0,0.0
MHS013447,2024,,3.0,2.1,55,21,95,-40,Tepat Waktu,1.0,0.0
MHS014522,2023,,1.42,2.25,101,38,135,-34,Tepat Waktu,0.9936,0.0064
MHS014623,2024,,3.1,2.21,58,25,95,-37,Tepat Waktu,1.0,0.0
MHS014655,2024,,3.11,2.28,58,24,95,-37,Tepat Waktu,1.0,0.0
MHS015713,2024,,3.07,2.25,56,25,95,-39,Tepat Waktu,1.0,0.0
MHS015774,2024,,3.11,2.73,57,22,95,-38,Tepat Waktu,1.0,0.0
MHS016101,2024,,3.16,2.24,58,23,95,-37,Tepat Waktu,1.0,0.0
MHS016231,2022,,3.64,3.67,143,55,144,-1,Tepat Waktu,0.8467,0.1533
MHS016432,2024,,3.13,2.34,57,22,95,-38,Tepat Waktu,1.0,0.0
MHS016669,2022,,3.04,2.92,138,55,144,-6,Terlambat,0.1067,0.8933
MHS018145,2024,,3.16,2.15,56,24,95,-39,Tepat Waktu,1.0,0.0
MHS018222,2023,,3.09,2.38,100,41,135,-35,Tepat Waktu,1.0,0.0
MHS012307,2023,,1.78,2.15,101,40,135,-34,Tepat Waktu,0.9998,0.0002
MHS013446,2023,,2.83,2.74,107,44,135,-28,Tepat Waktu,1.0,0.0
MHS014040,2024,,3.09,2.41,58,25,95,-37,Tepat Waktu,1.0,0.0
MHS014495,2022,,3.0,2.59,140,56,144,-4,Terlambat,0.0019,0.9981
MHS014645,2024,,3.11,2.16,58,24,95,-37,Tepat Waktu,1.0,0.0
MHS014800,2024,,3.05,2.29,55,23,95,-40,Tepat Waktu,1.0,0.0
MHS015093,2024,,3.04,2.45,59,23,95,-36,Tepat Waktu,1.0,0.0
MHS015969,2023,,2.31,2.68,106,41,135,-29,Tepat Waktu,1.0,0.0
MHS016954,2024,,3.12,2.34,56,25,95,-39,Tepat Waktu,1.0,0.0
MHS017369,2022,,3.33,3.35,150,56,144,6,Tepat Waktu,0.5922,0.4078
MHS017466,2023,,3.15,2.54,103,40,135,-32,Tepat Waktu,1.0,0.0
MHS018049,2024,,3.22,2.16,58,23,95,-37,Tepat Waktu,1.0,0.0
MHS018287,2024,,3.19,2.36,59,23,95,-36,Tepat Waktu,1.0,0.0
MHS018354,2024,,3.2,2.67,60,28,95,-35,Tepat Waktu,1.0,0.0
MHS012321,2023,,2.94,2.18,98,39,135,-37,Tepat Waktu,1.0,0.0
MHS013028,2023,,1.98,2.5,104,41,135,-31,Tepat Waktu,1.0,0.0
MHS013324,2024,,2.97,2.29,59,23,95,-36,Tepat Waktu,1.0,0.0
MHS013387,2023,,2.36,2.61,106,41,135,-29,Tepat Waktu,1.0,0.0
MHS013730,2024,,3.01,1.95,55,22,95,-40,Tepat Waktu,1.0,0.0
MHS014362,2022,,2.8,2.79,143,56,144,-1,Terlambat,0.0014,0.9986
MHS014976,2024,,3.13,1.81,58,24,95,-37,Tepat Waktu,1.0,0.0
MHS015136,2024,,3.04,2.57,59,23,95,-36,Tepat Waktu,1.0,0.0
MHS016045,2022,,2.93,2.15,127,48,144,-17,Terlambat,0.0057,0.9943
MHS016320,2022,,2.78,2.7,143,54,144,-1,Terlambat,0.0008,0.9992
MHS016910,2023,,3.05,2.33,98,36,135,-37,Tepat Waktu,1.0,0.0
MHS017876,2024,,3.07,2.1,62,23,95,-33,Tepat Waktu,1.0,0.0
MHS013611,2023,,3.13,1.65,74,31,135,-61,Tepat Waktu,1.0,0.0
MHS015303,2023,,2.42,2.68,108,43,135,-27,Tepat Waktu,1.0,0.0
MHS015500,2024,,3.19,1.95,54,21,95,-41,Tepat Waktu,1.0,0.0
MHS016278,2024,,2.7,1.58,36,14,95,-59,Tepat Waktu,1.0,0.0
MHS016960,2024,,3.12,2.21,56,25,95,-39,Tepat Waktu,1.0,0.0
MHS018127,2022,,3.15,2.72,139,52,144,-5,Terlambat,0.021,0.979
MHS018308,2023,,3.16,2.97,107,43,135,-28,Tepat Waktu,1.0,0.0
MHS012334,2023,,2.79,2.17,74,29,135,-61,Tepat Waktu,1.0,0.0
MHS013959,2023,,2.99,2.66,99,38,135,-36,Tepat Waktu,1.0,0.0
MHS014925,2023,,3.02,2.27,99,39,135,-36,Tepat Waktu,1.0,0.0
MHS014983,2023,,2.84,2.71,77,36,135,-58,Tepat Waktu,1.0,0.0
MHS015098,2024,,3.13,2.13,58,24,95,-37,Tepat Waktu,1.0,0.0
MHS016347,2024,,3.13,2.19,57,22,95,-38,Tepat Waktu,1.0,0.0
MHS016653,2023,,3.13,2.49,103,41,135,-32,Tepat Waktu,1.0,0.0
MHS017476,2023,,3.07,2.5,98,38,135,-37,Tepat Waktu,1.0,0.0
MHS017690,2024,,3.2,2.31,58,23,95,-37,Tepat Waktu,1.0,0.0
MHS018309,2022,,3.0,3.0,152,57,144,8,Terlambat,0.0582,0.9418
MHS012352,2023,,3.03,2.56,104,39,135,-31,Tepat Waktu,1.0,0.0
MHS013293,2023,,3.01,2.2,97,38,135,-38,Tepat Waktu,1.0,0.0
MHS014136,2022,,3.04,2.24,134,53,144,-10,Terlambat,0.0002,0.9998
MHS014393,2022,,2.83,2.82,143,56,144,-1,Terlambat,0.0023,0.9977
MHS015310,2022,,3.02,2.48,140,58,144,-4,Terlambat,0.0004,0.9996
MHS015830,2023,,3.05,3.05,109,42,135,-26,Tepat Waktu,1.0,0.0
MHS016144,2022,,3.04,2.47,142,56,144,-2,Terlambat,0.0002,0.9998
MHS016896,2022,,3.08,2.64,140,55,144,-4,Terlambat,0.0037,0.9963
MHS017261,2024,,3.16,2.71,60,23,95,-35,Tepat Waktu,1.0,0.0
MHS017390,2022,,3.43,1.85,118,41,144,-26,Tepat Waktu,0.915,0.085
MHS018173,2024,,3.23,2.35,58,23,95,-37,Tepat Waktu,1.0,0.0
MHS018232,2024,,3.19,2.17,59,23,95,-36,Tepat Waktu,1.0,0.0
MHS018359,2024,,3.25,2.18,58,23,95,-37,Tepat Waktu,1.0,0.0
MHS012373,2023,,2.99,2.98,107,45,135,-28,Tepat Waktu,1.0,0.0
MHS014450,2023,,3.13,3.06,106,41,135,-29,Tepat Waktu,1.0,0.0
MHS015355,2024,,2.44,0.95,38,16,95,-57,Tepat Waktu,1.0,0.0
MHS015360,2023,,3.06,2.52,103,39,135,-32,Tepat Waktu,1.0,0.0
MHS016434,2023,,3.12,2.83,103,42,135,-32,Tepat Waktu,1.0,0.0
MHS017406,2023,,3.17,2.4,102,41,135,-33,Tepat Waktu,1.0,0.0
MHS017640,2024,,2.91,0.37,38,16,95,-57,Tepat Waktu,1.0,0.0
MHS017682,2023,,3.11,2.31,99,40,135,-36,Tepat Waktu,1.0,0.0
MHS017739,2023,,3.23,3.13,108,44,135,-27,Tepat Waktu,1.0,0.0
MHS012686,2022,,2.74,2.85,142,62,144,-2,Terlambat,0.0029,0.9971
MHS012716,2023,,2.94,2.93,107,45,135,-28,Tepat Waktu,1.0,0.0
MHS013892,2023,,2.35,2.64,106,42,135,-29,Tepat Waktu,1.0,0.0
MHS014363,2024,,3.1,2.48,58,25,95,-37,Tepat Waktu,1.0,0.0
MHS014959,2022,,2.91,2.19,130,49,144,-14,Terlambat,0.0006,0.9994
MHS015473,2023,,2.39,2.73,107,41,135,-28,Tepat Waktu,1.0,0.0
MHS016131,2022,,3.18,2.4,136,52,144,-8,Terlambat,0.0024,0.9976
MHS018328,2024,,3.1,3.08,36,14,95,-59,Tepat Waktu,1.0,0.0
MHS013039,2023,,3.05,2.79,104,41,135,-31,Tepat Waktu,1.0,0.0
MHS013332,2024,,2.99,2.32,60,22,95,-35,Tepat Waktu,1.0,0.0
MHS014180,2023,,2.99,1.47,92,38,135,-43,Tepat Waktu,1.0,0.0
MHS016330,2024,,3.17,2.19,58,23,95,-37,Tepat Waktu,1.0,0.0
MHS016370,2024,,3.13,2.3,57,22,95,-38,Tepat Waktu,1.0,0.0
MHS016376,2022,,2.96,2.77,141,53,144,-3,Terlambat,0.0061,0.9939
MHS016697,2024,,3.13,2.59,60,25,95,-35,Tepat Waktu,1.0,0.0
MHS017131,2023,,2.83,2.84,110,41,135,-25,Tepat Waktu,1.0,0.0
MHS017794,2022,,3.31,3.35,152,54,144,8,Tepat Waktu,0.6663,0.3337
MHS017893,2022,,3.15,3.14,150,60,144,6,Terlambat,0.2464,0.7536
MHS018416,2024,,3.18,1.8,56,22,95,-39,Tepat Waktu,1.0,0.0
MHS012837,2022,,2.97,2.18,142,57,144,-2,Terlambat,0.0,1.0
MHS014449,2024,,2.94,2.4,62,23,95,-33,Tepat Waktu,1.0,0.0
MHS014465,2024,,3.02,2.69,59,23,95,-36,Tepat Waktu,1.0,0.0
MHS014504,2022,,3.4,3.4,143,65,144,-1,Tepat Waktu,0.8442,0.1558
MHS015176,2024,,3.05,2.16,56,23,95,-39,Tepat Waktu,1.0,0.0
MHS016145,2023,,3.17,2.55,101,48,135,-34,Tepat Waktu,1.0,0.0
MHS016738,2024,,3.06,0.0,18,7,95,-77,Tepat Waktu,1.0,0.0
MHS017440,2024,,3.19,2.74,58,23,95,-37,Tepat Waktu,1.0,0.0
MHS017959,2022,,3.54,2.78,117,47,144,-27,Tepat Waktu,1.0,0.0
MHS018391,2023,,2.29,2.71,107,43,135,-28,Tepat Waktu,1.0,0.0
MHS012442,2024,,3.02,2.24,58,26,95,-37,Tepat Waktu,1.0,0.0
MHS014702,2022,,3.42,2.12,120,46,144,-24,Tepat Waktu,0.9558,0.0442
MHS015538,2023,,3.11,1.85,94,37,135,-41,Tepat Waktu,1.0,0.0
MHS015691,2024,,3.11,2.34,57,22,95,-38,Tepat Waktu,1.0,0.0
MHS016191,2022,,3.06,2.52,139,58,144,-5,Terlambat,0.0017,0.9983
MHS017777,2023,,2.89,1.95,91,35,135,-44,Tepat Waktu,1.0,0.0
MHS018114,2024,,3.18,2.54,59,23,95,-36,Tepat Waktu,1.0,0.0
MHS012522,2024,,2.84,0.39,18,8,95,-77,Tepat Waktu,1.0,0.0
MHS013261,2024,,3.05,2.54,58,26,95,-37,Tepat Waktu,1.0,0.0
MHS014709,2024,,3.03,2.23,56,23,95,-39,Tepat Waktu,1.0,0.0
MHS014955,2023,,3.16,2.8,106,40,135,-29,Tepat Waktu,1.0,0.0
MHS015322,2024,,3.05,2.27,59,24,95,-36,Tepat Waktu,1.0,0.0
MHS015504,2023,,3.04,2.24,100,42,135,-35,Tepat Waktu,1.0,0.0
MHS016267,2023,,3.14,2.1,95,39,135,-40,Tepat Waktu,1.0,0.0
MHS017788,2023,,3.17,2.76,102,40,135,-33,Tepat Waktu,1.0,0.0
MHS017968,2023,,3.16,1.65,56,21,135,-79,Tepat Waktu,1.0,0.0
MHS018343,2022,,2.91,2.91,151,59,144,7,Terlambat,0.0104,0.9896
MHS018403,2023,,3.19,3.02,103,37,135,-32,Tepat Waktu,1.0,0.0
MHS012298,2020,,2.96,1.28,135,51,144,-9,Terlambat,0.0,1.0
MHS013399,2023,,3.13,2.06,96,40,135,-39,Tepat Waktu,1.0,0.0
MHS014144,2023,,3.07,2.8,108,39,135,-27,Tepat Waktu,1.0,0.0
MHS014684,2020,,3.21,2.42,161,63,144,17,Terlambat,0.0262,0.9738
MHS014998,2023,,3.13,2.63,104,39,135,-31,Tepat Waktu,1.0,0.0
MHS015856,2023,,3.17,2.66,104,43,135,-31,Tepat Waktu,1.0,0.0
MHS015943,2023,,3.14,2.89,108,41,135,-27,Tepat Waktu,1.0,0.0
MHS015992,2023,,2.93,2.93,110,51,135,-25,Tepat Waktu,1.0,0.0
MHS016257,2022,,2.5,2.55,143,57,144,-1,Terlambat,0.0,1.0
MHS016682,2021,,2.72,2.44,125,48,144,-19,Terlambat,0.2774,0.7226
MHS017038,2024,,3.13,2.27,56,25,95,-39,Tepat Waktu,1.0,0.0
MHS017454,2023,,3.22,2.44,101,41,135,-34,Tepat Waktu,1.0,0.0
MHS017733,2023,,3.08,2.28,100,42,135,-35,Tepat Waktu,1.0,0.0
MHS017993,2023,,3.12,2.24,99,39,135,-36,Tepat Waktu,1.0,0.0
MHS018102,2021,,2.53,2.57,153,59,144,9,Terlambat,0.0,1.0
MHS012350,2022,,2.79,2.79,142,54,144,-2,Terlambat,0.0024,0.9976
MHS012358,2024,,2.99,2.04,57,24,95,-38,Tepat Waktu,1.0,0.0
MHS013337,2022,,2.88,2.28,130,50,144,-14,Terlambat,0.0024,0.9976
MHS013501,2024,,3.11,0.0,19,7,95,-76,Tepat Waktu,1.0,0.0
MHS014794,2023,,3.0,2.55,100,39,135,-35,Tepat Waktu,1.0,0.0
MHS014896,2023,,3.05,2.44,103,41,135,-32,Tepat Waktu,1.0,0.0
MHS015008,2023,,3.14,2.6,104,39,135,-31,Tepat Waktu,1.0,0.0
MHS015233,2024,,3.05,2.17,56,22,95,-39,Tepat Waktu,1.0,0.0
MHS016158,2024,,3.1,1.66,56,21,95,-39,Tepat Waktu,1.0,0.0
MHS016324,2023,,3.11,2.48,103,42,135,-32,Tepat Waktu,1.0,0.0
MHS016378,2023,,2.73,1.29,75,28,135,-60,Tepat Waktu,1.0,0.0
MHS016439,2023,,3.13,2.45,102,43,135,-33,Tepat Waktu,1.0,0.0
MHS016478,2024,,3.1,2.56,59,24,95,-36,Tepat Waktu,1.0,0.0
MHS016617,2022,,3.24,3.27,153,62,144,9,Tepat Waktu,0.6867,0.3133
MHS016873,2022,,3.33,2.12,133,52,144,-11,Terlambat,0.0003,0.9997
MHS017673,2021,,2.67,2.6,153,64,144,9,Terlambat,0.0005,0.9995
MHS017749,2022,,3.1,2.51,142,55,144,-2,Terlambat,0.0009,0.9991
MHS018046,2021,,2.83,2.84,157,62,144,13,Terlambat,0.0344,0.9656
MHS018406,2024,,3.18,2.19,56,21,95,-39,Tepat Waktu,1.0,0.0
MHS012325,2024,,2.98,2.19,57,24,95,-38,Tepat Waktu,1.0,0.0
MHS012569,2023,,2.94,2.73,99,42,135,-36,Tepat Waktu,1.0,0.0
MHS012647,2022,,2.96,2.91,142,63,144,-2,Terlambat,0.0306,0.9694
MHS013553,2024,,3.06,2.31,58,24,95,-37,Tepat Waktu,1.0,0.0
MHS014182,2024,,3.04,2.27,55,23,95,-40,Tepat Waktu,1.0,0.0
MHS014335,2022,,2.89,2.64,141,57,144,-3,Terlambat,0.0008,0.9992
MHS015704,2022,,2.34,2.56,141,54,144,-3,Terlambat,0.0,1.0
MHS016485,2024,,3.11,2.01,56,23,95,-39,Tepat Waktu,1.0,0.0
MHS016560,2024,,3.17,1.81,58,22,95,-37,Tepat Waktu,1.0,0.0
MHS017148,2023,,3.1,3.06,18,7,135,-117,Tepat Waktu,1.0,0.0
MHS017429,2022,,3.45,1.81,117,43,144,-27,Tepat Waktu,0.8626,0.1374
MHS012529,2023,,2.91,2.88,107,42,135,-28,Tepat Waktu,1.0,0.0
MHS013256,2024,,2.96,2.54,56,21,95,-39,Tepat Waktu,1.0,0.0
MHS013669,2024,,2.99,2.15,59,23,95,-36,Tepat Waktu,1.0,0.0
MHS013744,2019,,2.57,2.26,125,45,144,-19,Terlambat,0.023,0.977
MHS013832,2023,,2.95,2.59,102,44,135,-33,Tepat Waktu,1.0,0.0
MHS014882,2024,,3.05,2.42,60,24,95,-35,Tepat Waktu,1.0,0.0
MHS015954,2023,,3.2,2.91,106,41,135,-29,Tepat Waktu,1.0,0.0
MHS016061,2022,,3.06,2.2,134,50,144,-10,Terlambat,0.0002,0.9998
MHS017910,2024,,3.17,2.17,59,23,95,-36,Tepat Waktu,1.0,0.0
MHS017958,2023,,3.21,2.72,104,40,135,-31,Tepat Waktu,1.0,0.0
MHS018138,2023,,3.2,1.48,95,36,135,-40,Tepat Waktu,1.0,0.0
MHS018246,2024,,3.16,1.67,56,21,95,-39,Tepat Waktu,1.0,0.0
MHS018334,2023,,3.21,2.18,95,38,135,-40,Tepat Waktu,1.0,0.0
MHS012315,2024,,2.92,1.78,56,24,95,-39,Tepat Waktu,1.0,0.0
MHS012674,2024,,3.01,2.16,57,22,95,-38,Tepat Waktu,1.0,0.0
MHS013207,2024,,2.97,1.75,59,25,95,-36,Tepat Waktu,1.0,0.0
MHS013455,2024,,3.01,2.04,55,21,95,-40,Tepat Waktu,1.0,0.0
MHS013758,2024,,2.89,2.49,62,23,95,-33,Tepat Waktu,1.0,0.0
MHS014042,2023,,3.07,2.59,104,39,135,-31,Tepat Waktu,1.0,0.0
MHS014265,2022,,2.83,2.83,143,56,144,-1,Terlambat,0.0025,0.9975
MHS014941,2023,,3.03,2.2,99,39,135,-36,Tepat Waktu,1.0,0.0
MHS015192,2023,,3.1,2.06,90,34,135,-45,Tepat Waktu,1.0,0.0
MHS016138,2024,,3.16,2.3,58,23,95,-37,Tepat Waktu,1.0,0.0
MHS016173,2024,,3.12,2.15,60,25,95,-35,Tepat Waktu,1.0,0.0
MHS016457,2023,,3.12,2.56,103,41,135,-32,Tepat Waktu,1.0,0.0
MHS016874,2024,,3.14,2.08,57,22,95,-38,Tepat Waktu,1.0,0.0
MHS016889,2023,,3.08,2.55,99,40,135,-36,Tepat Waktu,1.0,0.0
MHS017004,2023,,3.19,2.88,104,43,135,-31,Tepat Waktu,1.0,0.0
MHS017102,2024,,2.89,2.85,36,13,95,-59,Tepat Waktu,1.0,0.0
MHS017259,2023,,3.18,3.2,110,51,135,-25,Tepat Waktu,1.0,0.0
MHS017786,2022,,2.46,2.66,143,62,144,-1,Terlambat,0.0,1.0
MHS018244,2023,,3.17,1.8,94,39,135,-41,Tepat Waktu,1.0,0.0
MHS012986,2024,,2.94,2.31,56,21,95,-39,Tepat Waktu,1.0,0.0
MHS013572,2024,,2.98,2.84,59,23,95,-36,Tepat Waktu,1.0,0.0
MHS014510,2024,,3.02,2.18,59,23,95,-36,Tepat Waktu,1.0,0.0
MHS014856,2023,,3.14,2.7,105,42,135,-30,Tepat Waktu,1.0,0.0
MHS015519,2024,,3.06,1.8,56,23,95,-39,Tepat Waktu,1.0,0.0
MHS015979,2024,,3.07,2.41,59,24,95,-36,Tepat Waktu,1.0,0.0
MHS016119,2023,,3.07,2.47,99,43,135,-36,Tepat Waktu,1.0,0.0
MHS016345,2024,,3.09,2.28,59,24,95,-36,Tepat Waktu,1.0,0.0
MHS016428,2023,,3.08,2.22,99,40,135,-36,Tepat Waktu,1.0,0.0
MHS017242,2023,,3.14,2.55,103,45,135,-32,Tepat Waktu,1.0,0.0
MHS017449,2024,,3.19,1.84,58,23,95,-37,Tepat Waktu,1.0,0.0
MHS017771,2023,,3.17,3.2,110,51,135,-25,Tepat Waktu,1.0,0.0
MHS017784,2023,,3.23,2.57,101,41,135,-34,Tepat Waktu,1.0,0.0
MHS018250,2022,,3.22,3.02,137,61,144,-7,Tepat Waktu,0.5657,0.4343
MHS018324,2024,,3.3,2.36,54,19,95,-41,Tepat Waktu,1.0,0.0
MHS013068,2023,,3.01,2.52,101,41,135,-34,Tepat Waktu,1.0,0.0
MHS013076,2024,,3.05,2.59,58,26,95,-37,Tepat Waktu,1.0,0.0
MHS013413,2024,,2.98,2.37,59,23,95,-36,Tepat Waktu,1.0,0.0
MHS013828,2023,,3.06,2.55,104,40,135,-31,Tepat Waktu,1.0,0.0
MHS014437,2024,,3.03,2.76,60,24,95,-35,Tepat Waktu,1.0,0.0
MHS014871,2023,,3.05,2.64,103,37,135,-32,Tepat Waktu,1.0,0.0
MHS015340,2023,,3.05,2.29,99,39,135,-36,Tepat Waktu,1.0,0.0
MHS015468,2024,,2.99,0.89,18,7,95,-77,Tepat Waktu,1.0,0.0
MHS015678,2021,,3.63,3.64,40,15,144,-104,Tepat Waktu,1.0,0.0
MHS016012,2023,,3.04,2.35,98,39,135,-37,Tepat Waktu,1.0,0.0
MHS017193,2022,,3.42,3.45,150,61,144,6,Tepat Waktu,0.7878,0.2122
MHS017209,2022,,3.06,3.06,143,54,144,-1,Terlambat,0.1051,0.8949
MHS017352,2023,,3.2,2.53,104,43,135,-31,Tepat Waktu,1.0,0.0
MHS017759,2024,,3.2,2.27,58,23,95,-37,Tepat Waktu,1.0,0.0
MHS018015,2022,,3.24,2.01,136,56,144,-8,Terlambat,0.0,1.0
MHS018225,2023,,3.1,2.35,98,40,135,-37,Tepat Waktu,1.0,0.0
MHS013707,2019,,3.05,2.41,135,52,144,-9,Terlambat,0.0017,0.9983
MHS014313,2023,,1.32,1.82,100,38,135,-35,Terlambat,0.0325,0.9675
MHS016455,2022,,2.97,2.97,143,58,144,-1,Terlambat,0.0224,0.9776
MHS017344,2024,,3.16,2.34,60,24,95,-35,Tepat Waktu,1.0,0.0
MHS017525,2023,,3.1,2.3,99,40,135,-36,Tepat Waktu,1.0,0.0
MHS017941,2024,,3.19,2.28,60,23,95,-35,Tepat Waktu,1.0,0.0
MHS012586,2024,,2.93,2.11,56,24,95,-39,Tepat Waktu,1.0,0.0
MHS013992,2023,,3.0,2.16,99,39,135,-36,Tepat Waktu,1.0,0.0
MHS014064,2023,,3.1,2.02,97,38,135,-38,Tepat Waktu,1.0,0.0
MHS014065,2023,,3.12,2.66,105,42,135,-30,Tepat Waktu,1.0,0.0
MHS014299,2023,,3.03,2.59,103,42,135,-32,Tepat Waktu,1.0,0.0
MHS014469,2024,,3.02,2.38,59,23,95,-36,Tepat Waktu,1.0,0.0
MHS015389,2024,,3.33,3.34,19,8,95,-76,Tepat Waktu,1.0,0.0
MHS015575,2024,,3.15,1.96,58,23,95,-37,Tepat Waktu,1.0,0.0
MHS016073,2022,,2.96,2.95,141,53,144,-3,Terlambat,0.029,0.971
MHS016354,2023,,3.15,2.25,95,38,135,-40,Tepat Waktu,1.0,0.0
MHS016715,2024,,3.14,2.24,57,22,95,-38,Tepat Waktu,1.0,0.0
MHS017221,2023,,3.19,1.98,90,38,135,-45,Tepat Waktu,1.0,0.0
MHS018147,2022,,3.04,2.27,129,54,144,-15,Terlambat,0.0044,0.9956
MHS012997,2021,,2.92,1.48,131,50,144,-13,Terlambat,0.0,1.0
MHS013179,2022,,2.83,1.94,122,48,144,-22,Terlambat,0.0033,0.9967
MHS014390,2024,,3.01,2.32,59,23,95,-36,Tepat Waktu,1.0,0.0
MHS014934,2023,,3.03,2.97,102,43,135,-33,Tepat Waktu,1.0,0.0
MHS015381,2024,,3.14,2.34,58,23,95,-37,Tepat Waktu,1.0,0.0
MHS016284,2024,,3.12,2.47,60,25,95,-35,Tepat Waktu,1.0,0.0
MHS016580,2023,,3.17,2.46,104,41,135,-31,Tepat Waktu,1.0,0.0
MHS016628,2023,,3.14,2.36,102,43,135,-33,Tepat Waktu,1.0,0.0
MHS016955,2023,,3.13,2.77,107,43,135,-28,Tepat Waktu,1.0,0.0
MHS018283,2024,,3.17,2.25,56,23,95,-39,Tepat Waktu,1.0,0.0
MHS013112,2024,,2.96,2.48,59,23,95,-36,Tepat Waktu,1.0,0.0
MHS013370,2020,,2.72,1.74,119,50,144,-25,Terlambat,0.0005,0.9995
MHS013414,2023,,2.53,2.68,108,43,135,-27,Tepat Waktu,1.0,0.0
MHS014627,2024,,3.04,2.54,60,24,95,-35,Tepat Waktu,1.0,0.0
MHS014664,2024,,3.07,2.42,57,22,95,-38,Tepat Waktu,1.0,0.0
MHS015191,2024,,3.06,2.1,55,23,95,-40,Tepat Waktu,1.0,0.0
MHS015319,2024,,3.1,1.98,57,24,95,-38,Tepat Waktu,1.0,0.0
MHS015446,2022,,3.05,1.96,99,41,144,-45,Tepat Waktu,1.0,0.0
MHS016352,2024,,3.17,2.46,58,23,95,-37,Tepat Waktu,1.0,0.0
MHS016589,2024,,3.11,1.34,56,21,95,-39,Tepat Waktu,1.0,0.0
MHS017173,2024,,3.14,2.64,59,22,95,-36,Tepat Waktu,1.0,0.0
MHS017338,2024,,3.14,2.28,56,25,95,-39,Tepat Waktu,1.0,0.0
MHS017974,2021,,3.07,2.38,131,52,144,-13,Terlambat,0.0126,0.9874
MHS012429,2024,,2.94,2.54,59,23,95,-36,Tepat Waktu,1.0,0.0
MHS012648,2022,,1.49,1.09,102,41,144,-42,Terlambat,0.0,1.0
MHS012956,2023,,2.3,2.45,105,42,135,-30,Tepat Waktu,1.0,0.0
MHS013364,2023,,2.83,2.87,107,45,135,-28,Tepat Waktu,1.0,0.0
MHS014776,2024,,3.11,1.98,58,24,95,-37,Tepat Waktu,1.0,0.0
MHS015190,2023,,3.09,2.07,95,37,135,-40,Tepat Waktu,1.0,0.0
MHS017630,2020,,2.8,2.83,153,59,144,9,Terlambat,0.008,0.992
MHS017789,2022,,3.34,3.41,151,57,144,7,Tepat Waktu,0.5804,0.4196
MHS013289,2023,,2.27,2.65,105,42,135,-30,Tepat Waktu,1.0,0.0
MHS013657,2023,,3.08,1.99,97,41,135,-38,Tepat Waktu,1.0,0.0
MHS014548,2023,,2.99,2.5,102,42,135,-33,Tepat Waktu,1.0,0.0
MHS014595,2023,,3.11,2.35,97,39,135,-38,Tepat Waktu,1.0,0.0
MHS014786,2023,,2.47,2.66,107,43,135,-28,Tepat Waktu,1.0,0.0
MHS015624,2024,,3.09,2.13,60,24,95,-35,Tepat Waktu,1.0,0.0
MHS016341,2023,,3.13,2.39,102,43,135,-33,Tepat Waktu,1.0,0.0
MHS017877,2023,,3.24,2.39,101,41,135,-34,Tepat Waktu,1.0,0.0
MHS018031,2022,,3.14,2.62,139,62,144,-5,Terlambat,0.0089,0.9911
MHS012473,2024,,3.02,2.38,58,26,95,-37,Tepat Waktu,1.0,0.0
MHS012553,2024,,3.0,2.42,57,24,95,-38,Tepat Waktu,1.0,0.0
MHS013275,2024,,2.98,2.2,60,22,95,-35,Tepat Waktu,1.0,0.0
MHS013593,2023,,3.06,2.56,104,39,135,-31,Tepat Waktu,1.0,0.0
MHS015394,2024,,3.08,2.55,60,24,95,-35,Tepat Waktu,1.0,0.0
MHS015829,2023,,3.1,2.43,102,38,135,-33,Tepat Waktu,1.0,0.0
MHS016459,2023,,3.13,2.94,103,41,135,-32,Tepat Waktu,1.0,0.0
MHS017246,2022,,3.69,3.68,150,55,144,6,Tepat Waktu,0.8353,0.1647
MHS017310,2024,,3.19,1.76,58,23,95,-37,Tepat Waktu,1.0,0.0
MHS017341,2022,,3.41,1.89,118,51,144,-26,Terlambat,0.453,0.547
MHS017497,2022,,3.22,3.22,150,60,144,6,Terlambat,0.3131,0.6869
MHS017683,2024,,3.17,2.19,59,25,95,-36,Tepat Waktu,1.0,0.0
MHS017924,2022,,3.17,2.61,140,60,144,-4,Terlambat,0.0078,0.9922
MHS013064,2023,,3.01,2.63,101,41,135,-34,Tepat Waktu,1.0,0.0
MHS014109,2023,,2.97,2.4,102,38,135,-33,Tepat Waktu,1.0,0.0
MHS014177,2024,,3.03,2.12,55,23,95,-40,Tepat Waktu,1.0,0.0
MHS014956,2021,,3.3,3.35,163,60,144,19,Tepat Waktu,0.9945,0.0055
MHS015751,2024,,3.07,2.23,56,22,95,-39,Tepat Waktu,1.0,0.0
MHS016735,2022,,3.03,3.03,153,63,144,9,Terlambat,0.192,0.808
MHS017980,2024,,3.17,2.23,59,23,95,-36,Tepat Waktu,1.0,0.0
MHS018189,2022,,3.2,3.2,150,63,144,6,Terlambat,0.4897,0.5103
MHS013434,2024,,3.06,2.09,58,24,95,-37,Tepat Waktu,1.0,0.0
MHS014515,2023,,2.98,2.42,102,42,135,-33,Tepat Waktu,1.0,0.0
MHS014674,2024,,3.03,2.05,56,21,95,-39,Tepat Waktu,1.0,0.0
MHS014992,2024,,2.97,2.43,62,23,95,-33,Tepat Waktu,1.0,0.0
MHS015341,2024,,3.07,1.59,55,23,95,-40,Tepat Waktu,1.0,0.0
MHS015464,2022,,3.1,3.0,137,55,144,-7,Terlambat,0.3071,0.6929
MHS015644,2023,,3.09,2.74,108,40,135,-27,Tepat Waktu,1.0,0.0
MHS015791,2021,,3.45,3.14,40,15,144,-104,Tepat Waktu,1.0,0.0
MHS016260,2023,,3.15,2.83,108,41,135,-27,Tepat Waktu,1.0,0.0
MHS016516,2023,,3.14,2.22,102,43,135,-33,Tepat Waktu,1.0,0.0
MHS017176,2024,,3.14,1.89,60,24,95,-35,Tepat Waktu,1.0,0.0
MHS018000,2022,,3.17,2.67,140,58,144,-4,Terlambat,0.0126,0.9874
MHS018159,2023,,3.16,3.12,107,43,135,-28,Tepat Waktu,1.0,0.0
MHS018711,2022,,3.16,3.12,142,57,144,-2,Terlambat,0.2437,0.7563
MHS018732,2023,,3.19,2.03,94,38,135,-41,Tepat Waktu,1.0,0.0
MHS018852,2023,,3.24,2.43,96,36,135,-39,Tepat Waktu,1.0,0.0
MHS018962,2020,,3.23,3.23,150,61,144,6,Tepat Waktu,0.5776,0.4224
MHS019355,2023,,3.28,2.57,105,46,135,-30,Tepat Waktu,1.0,0.0
MHS019493,2022,,3.06,3.06,143,58,144,-1,Terlambat,0.1028,0.8972
MHS020113,2021,,2.75,2.76,151,57,144,7,Terlambat,0.001,0.999
MHS020195,2023,,3.3,2.72,104,37,135,-31,Tepat Waktu,1.0,0.0
MHS020369,2022,,3.18,3.2,148,57,144,4,Terlambat,0.2632,0.7368
MHS020462,2020,,2.42,2.41,150,59,144,6,Terlambat,0.0,1.0
MHS020671,2024,,3.38,2.55,54,19,95,-41,Tepat Waktu,1.0,0.0
MHS021820,2023,,3.29,2.18,96,36,135,-39,Tepat Waktu,1.0,0.0
MHS021857,2023,,3.32,2.94,108,42,135,-27,Tepat Waktu,1.0,0.0
MHS022184,2022,,3.28,2.53,138,53,144,-6,Terlambat,0.0083,0.9917
MHS022284,2024,,3.31,2.23,56,22,95,-39,Tepat Waktu,1.0,0.0
MHS022691,2022,,2.89,3.38,148,61,144,4,Terlambat,0.1607,0.8393
MHS023088,2023,,3.39,3.13,102,42,135,-33,Tepat Waktu,1.0,0.0
MHS023273,2019,,2.59,2.59,148,54,144,4,Terlambat,0.0,1.0
MHS023489,2022,,2.89,3.31,146,51,144,2,Terlambat,0.094,0.906
MHS023582,2022,,3.83,3.38,144,56,144,0,Tepat Waktu,0.7418,0.2582
MHS024349,2021,,2.78,2.83,152,61,144,8,Terlambat,0.0043,0.9957
MHS024397,2023,,3.53,2.46,104,45,135,-31,Tepat Waktu,1.0,0.0
MHS018463,2022,,2.84,2.84,151,61,144,7,Terlambat,0.0066,0.9934
MHS018666,2023,,3.18,2.67,102,42,135,-33,Tepat Waktu,1.0,0.0
MHS018808,2023,,3.14,2.27,98,39,135,-37,Tepat Waktu,1.0,0.0
MHS018940,2024,,3.27,1.96,58,24,95,-37,Tepat Waktu,1.0,0.0
MHS019445,2022,,3.31,1.56,129,54,144,-15,Terlambat,0.0,1.0
MHS019620,2023,,3.17,2.58,100,41,135,-35,Tepat Waktu,1.0,0.0
MHS019655,2024,,3.33,2.18,54,19,95,-41,Tepat Waktu,1.0,0.0
MHS019885,2023,,3.31,2.71,105,46,135,-30,Tepat Waktu,1.0,0.0
MHS021894,2022,,2.95,2.07,122,48,144,-22,Terlambat,0.074,0.926
MHS022011,2021,,2.74,2.72,152,60,144,8,Terlambat,0.0014,0.9986
MHS022738,2022,,3.03,3.14,145,55,144,1,Terlambat,0.0745,0.9255
MHS023292,2024,,3.35,2.18,57,22,95,-38,Tepat Waktu,1.0,0.0
MHS023648,2019,,2.53,2.53,148,60,144,4,Terlambat,0.0,1.0
MHS023768,2021,,2.74,2.75,152,58,144,8,Terlambat,0.0011,0.9989
MHS024078,2022,,2.83,3.36,144,54,144,0,Terlambat,0.0604,0.9396
MHS024430,2020,,2.64,2.64,149,59,144,5,Terlambat,0.0002,0.9998
MHS024512,2021,,2.18,2.18,149,57,144,5,Terlambat,0.0,1.0
MHS018700,2020,,2.89,2.9,150,58,144,6,Terlambat,0.0159,0.9841
MHS018800,2023,,2.29,2.64,107,43,135,-28,Tepat Waktu,1.0,0.0
MHS019301,2024,,3.21,1.3,57,21,95,-38,Tepat Waktu,1.0,0.0
MHS020121,2021,,3.2,3.17,151,58,144,7,Terlambat,0.3112,0.6888
MHS020619,2020,,2.49,2.49,150,61,144,6,Terlambat,0.0,1.0
MHS021259,2023,,3.19,2.33,100,41,135,-35,Tepat Waktu,1.0,0.0
MHS021677,2022,,3.12,2.84,143,55,144,-1,Terlambat,0.018,0.982
MHS021721,2023,,3.35,2.76,104,40,135,-31,Tepat Waktu,1.0,0.0
MHS021945,2024,,3.3,1.62,56,22,95,-39,Tepat Waktu,1.0,0.0
MHS022183,2020,,2.25,1.97,154,61,144,10,Terlambat,0.0,1.0
MHS022490,2023,,3.43,2.57,105,42,135,-30,Tepat Waktu,1.0,0.0
MHS022877,2023,,3.42,2.72,104,43,135,-31,Tepat Waktu,1.0,0.0
MHS023052,2020,,2.89,2.89,151,59,144,7,Terlambat,0.0119,0.9881
MHS023064,2022,,3.21,2.68,143,58,144,-1,Terlambat,0.006,0.994
MHS023201,2023,,3.46,2.61,105,42,135,-30,Tepat Waktu,1.0,0.0
MHS023267,2021,,3.11,3.09,151,63,144,7,Terlambat,0.2666,0.7334
MHS023733,2023,,3.3,3.17,109,40,135,-26,Tepat Waktu,1.0,0.0
MHS023994,2022,,2.82,3.27,147,56,144,3,Terlambat,0.0479,0.9521
MHS024095,2020,,2.32,2.43,152,62,144,8,Terlambat,0.0,1.0
MHS024390,2022,,2.67,2.67,144,55,144,0,Terlambat,0.0002,0.9998
MHS024484,2021,,2.86,2.86,145,58,144,1,Terlambat,0.005,0.995
MHS019189,2024,,3.14,2.55,62,23,95,-33,Tepat Waktu,1.0,0.0
MHS019446,2024,,3.21,1.38,56,24,95,-39,Tepat Waktu,1.0,0.0
MHS019879,2024,,3.31,2.08,58,25,95,-37,Tepat Waktu,1.0,0.0
MHS020110,2020,,2.44,2.44,150,63,144,6,Terlambat,0.0,1.0
MHS020404,2023,,3.22,2.74,107,43,135,-28,Tepat Waktu,1.0,0.0
MHS020444,2023,,3.16,2.87,109,44,135,-26,Tepat Waktu,1.0,0.0
MHS021546,2023,,3.29,2.88,107,38,135,-28,Tepat Waktu,1.0,0.0
MHS021622,2024,,3.31,2.52,60,27,95,-35,Tepat Waktu,1.0,0.0
MHS021725,2024,,3.28,2.17,56,24,95,-39,Tepat Waktu,1.0,0.0
MHS022060,2020,,2.35,2.47,152,62,144,8,Terlambat,0.0,1.0
MHS022686,2021,,2.83,2.84,151,51,144,7,Terlambat,0.0095,0.9905
MHS023579,2022,,2.86,3.26,144,58,144,0,Terlambat,0.0748,0.9252
MHS023802,2022,,2.86,3.12,144,59,144,0,Terlambat,0.0403,0.9597
MHS023999,2021,,2.91,2.97,145,68,144,1,Terlambat,0.1962,0.8038
MHS024007,2024,,3.53,2.19,58,22,95,-37,Tepat Waktu,1.0,0.0
MHS024064,2022,,2.83,3.25,144,57,144,0,Terlambat,0.0373,0.9627
MHS024336,2022,,3.54,2.46,137,55,144,-7,Terlambat,0.0056,0.9944
MHS018876,2023,,3.13,3.13,36,16,135,-99,Tepat Waktu,1.0,0.0
MHS019208,2023,,3.01,1.72,88,34,135,-47,Tepat Waktu,1.0,0.0
MHS020048,2020,,2.45,2.45,150,62,144,6,Terlambat,0.0,1.0
MHS020092,2023,,2.12,2.62,107,43,135,-28,Tepat Waktu,1.0,0.0
MHS020094,2024,,3.29,2.51,61,25,95,-34,Tepat Waktu,1.0,0.0
MHS020918,2022,,3.11,3.11,148,61,144,4,Terlambat,0.1256,0.8744
MHS020950,2023,,3.31,2.97,108,42,135,-27,Tepat Waktu,1.0,0.0
MHS020954,2022,,3.12,3.46,148,60,144,4,Terlambat,0.3642,0.6358
MHS021042,2022,,3.01,3.02,149,56,144,5,Terlambat,0.0475,0.9525
MHS021957,2024,,3.4,2.28,58,25,95,-37,Tepat Waktu,1.0,0.0
MHS022081,2021,,2.78,2.77,150,56,144,6,Terlambat,0.0019,0.9981
MHS022619,2020,,2.39,2.39,149,59,144,5,Terlambat,0.0,1.0
MHS022668,2024,,3.31,2.36,57,22,95,-38,Tepat Waktu,1.0,0.0
MHS022675,2022,,3.31,2.51,134,51,144,-10,Terlambat,0.0318,0.9682
MHS022930,2022,,2.85,2.85,148,60,144,4,Terlambat,0.0051,0.9949
MHS022991,2021,,2.73,2.73,148,62,144,4,Terlambat,0.0012,0.9988
MHS023219,2020,,2.39,2.39,149,56,144,5,Terlambat,0.0,1.0
MHS023631,2022,,2.86,3.36,144,58,144,0,Terlambat,0.107,0.893
MHS023937,2023,,3.39,2.03,96,41,135,-39,Tepat Waktu,1.0,0.0
MHS023946,2022,,2.82,3.08,147,60,144,3,Terlambat,0.0223,0.9777
MHS024106,2020,,2.63,2.63,148,61,144,4,Terlambat,0.0001,0.9999
MHS024281,2024,,3.43,2.19,60,23,95,-35,Tepat Waktu,1.0,0.0
MHS024350,2020,,2.8,2.83,148,58,144,4,Terlambat,0.0025,0.9975
MHS024386,2022,,2.76,3.26,147,60,144,3,Terlambat,0.036,0.964
MHS024559,2024,,3.45,2.19,57,22,95,-38,Tepat Waktu,1.0,0.0
MHS018470,2022,,3.12,3.12,152,64,144,8,Terlambat,0.4187,0.5813
MHS018764,2024,,3.26,2.45,58,22,95,-37,Tepat Waktu,1.0,0.0
MHS018991,2024,,3.27,2.65,58,25,95,-37,Tepat Waktu,1.0,0.0
MHS019533,2024,,3.29,2.15,58,26,95,-37,Tepat Waktu,1.0,0.0
MHS019702,2023,,3.14,1.47,74,29,135,-61,Tepat Waktu,1.0,0.0
MHS019853,2022,,3.14,3.14,148,60,144,4,Terlambat,0.2097,0.7903
MHS020578,2024,,3.26,2.1,59,22,95,-36,Tepat Waktu,1.0,0.0
MHS020678,2022,,3.53,3.42,149,61,144,5,Tepat Waktu,0.7972,0.2028
MHS021397,2022,,3.22,2.45,138,55,144,-6,Terlambat,0.002,0.998
MHS021554,2022,,2.7,2.71,145,57,144,1,Terlambat,0.0003,0.9997
MHS021931,2023,,2.97,2.97,112,52,135,-23,Tepat Waktu,1.0,0.0
MHS022090,2020,,2.49,2.48,154,59,144,10,Terlambat,0.0,1.0
MHS022194,2024,,3.36,2.64,59,23,95,-36,Tepat Waktu,1.0,0.0
MHS022349,2022,,2.97,2.97,145,57,144,1,Terlambat,0.0173,0.9827
MHS022476,2023,,3.33,2.76,102,36,135,-33,Tepat Waktu,1.0,0.0
MHS023058,2022,,2.86,2.86,145,61,144,1,Terlambat,0.0072,0.9928
MHS023153,2023,,3.46,2.71,106,41,135,-29,Tepat Waktu,1.0,0.0
MHS023607,2021,,2.92,2.87,152,64,144,8,Terlambat,0.0319,0.9681
MHS023841,2022,,2.86,3.2,144,55,144,0,Terlambat,0.0556,0.9444
MHS023849,2022,,2.83,2.94,147,55,144,3,Terlambat,0.0048,0.9952
MHS024057,2022,,3.3,3.07,141,54,144,-3,Terlambat,0.2701,0.7299
MHS024347,2022,,3.36,3.36,141,54,144,-3,Tepat Waktu,0.7435,0.2565
MHS024516,2024,,3.56,2.17,58,24,95,-37,Tepat Waktu,1.0,0.0
MHS018475,2022,,3.14,3.15,151,53,144,7,Terlambat,0.2604,0.7396
MHS018831,2020,,2.56,2.56,150,56,144,6,Terlambat,0.0,1.0
MHS019606,2023,,3.21,2.76,102,40,135,-33,Tepat Waktu,1.0,0.0
MHS020324,2023,,3.33,2.71,105,46,135,-30,Tepat Waktu,1.0,0.0
MHS020394,2021,,3.02,3.03,152,63,144,8,Terlambat,0.2095,0.7905
MHS020412,2021,,3.28,3.23,121,47,144,-23,Tepat Waktu,1.0,0.0
MHS020468,2022,,3.02,2.94,143,58,144,-1,Terlambat,0.0243,0.9757
MHS020497,2019,,2.08,2.09,151,53,144,7,Terlambat,0.0,1.0
MHS021064,2020,,1.64,1.95,159,62,144,15,Terlambat,0.0,1.0
MHS022439,2023,,3.46,3.07,101,39,135,-34,Tepat Waktu,1.0,0.0
MHS022510,2022,,3.89,3.64,145,66,144,1,Tepat Waktu,0.9231,0.0769
MHS022777,2024,,3.39,2.42,59,23,95,-36,Tepat Waktu,1.0,0.0
MHS022998,2022,,2.69,2.69,145,58,144,1,Terlambat,0.0003,0.9997
MHS023441,2024,,3.5,2.74,58,26,95,-37,Tepat Waktu,1.0,0.0
MHS023469,2022,,2.87,3.37,147,69,144,3,Tepat Waktu,0.603,0.397
MHS023473,2024,,3.27,2.68,62,29,95,-33,Tepat Waktu,1.0,0.0
MHS023726,2021,,2.68,2.6,151,61,144,7,Terlambat,0.0001,0.9999
MHS023788,2020,,2.77,2.77,148,61,144,4,Terlambat,0.0015,0.9985
MHS023789,2021,,2.73,2.73,150,61,144,6,Terlambat,0.0008,0.9992
MHS023853,2020,,2.41,2.42,154,58,144,10,Terlambat,0.0,1.0
MHS023928,2024,,3.45,2.73,59,23,95,-36,Tepat Waktu,1.0,0.0
MHS023931,2023,,3.44,2.08,94,36,135,-41,Tepat Waktu,1.0,0.0
MHS023988,2022,,3.9,3.58,144,55,144,0,Tepat Waktu,0.7292,0.2708
MHS024150,2024,,3.47,2.3,59,23,95,-36,Tepat Waktu,1.0,0.0
MHS024224,2021,,2.11,2.03,145,58,144,1,Terlambat,0.0,1.0
MHS019156,2024,,3.31,2.55,54,19,95,-41,Tepat Waktu,1.0,0.0
MHS019331,2024,,3.28,2.26,58,23,95,-37,Tepat Waktu,1.0,0.0
MHS019555,2021,,2.82,2.82,151,57,144,7,Terlambat,0.0032,0.9968
MHS020192,2023,,3.31,2.79,106,42,135,-29,Tepat Waktu,1.0,0.0
MHS020649,2021,,3.04,3.02,153,59,144,9,Terlambat,0.1564,0.8436
MHS020783,2022,,3.18,3.29,149,57,144,5,Terlambat,0.3653,0.6347
MHS020966,2024,,3.25,2.44,57,22,95,-38,Tepat Waktu,1.0,0.0
MHS021638,2024,,3.28,2.18,57,22,95,-38,Tepat Waktu,1.0,0.0
MHS021809,2022,,2.92,2.92,145,57,144,1,Terlambat,0.0127,0.9873
MHS022122,2023,,3.41,2.82,106,41,135,-29,Tepat Waktu,1.0,0.0
MHS022130,2022,,3.08,3.08,145,59,144,1,Terlambat,0.112,0.888
MHS022252,2024,,3.3,2.06,57,22,95,-38,Tepat Waktu,1.0,0.0
MHS022289,2022,,2.91,3.2,148,59,144,4,Terlambat,0.0758,0.9242
MHS022433,2022,,3.31,2.15,134,54,144,-10,Terlambat,0.0001,0.9999
MHS022842,2024,,3.36,2.26,60,23,95,-35,Tepat Waktu,1.0,0.0
MHS023024,2022,,3.56,3.53,141,54,144,-3,Tepat Waktu,0.8742,0.1258
MHS023241,2022,,2.89,3.42,147,69,144,3,Tepat Waktu,0.6716,0.3284
MHS023595,2024,,3.52,2.49,58,26,95,-37,Tepat Waktu,1.0,0.0
MHS023671,2023,,3.42,2.74,108,43,135,-27,Tepat Waktu,1.0,0.0
MHS024085,2020,,2.36,1.98,160,61,144,16,Terlambat,0.0,1.0
MHS024127,2021,,2.72,2.72,145,57,144,1,Terlambat,0.0006,0.9994
MHS024335,2023,,3.44,2.63,99,42,135,-36,Tepat Waktu,1.0,0.0
MHS019148,2023,,3.24,2.24,96,39,135,-39,Tepat Waktu,1.0,0.0
MHS020944,2023,,3.33,2.96,103,40,135,-32,Tepat Waktu,1.0,0.0
MHS021451,2023,,3.28,1.95,95,34,135,-40,Tepat Waktu,1.0,0.0
MHS021646,2023,,3.36,2.14,94,36,135,-41,Tepat Waktu,1.0,0.0
MHS022045,2024,,3.29,2.1,57,22,95,-38,Tepat Waktu,1.0,0.0
MHS022054,2022,,2.88,3.41,156,59,144,12,Terlambat,0.3204,0.6796
MHS022075,2019,,2.43,2.02,159,63,144,15,Terlambat,0.0,1.0
MHS023025,2023,,3.32,2.6,100,39,135,-35,Tepat Waktu,1.0,0.0
MHS023199,2022,,2.92,3.27,146,60,144,2,Terlambat,0.1192,0.8808
MHS023276,2022,,3.58,1.53,118,45,144,-26,Terlambat,0.0029,0.9971
MHS023536,2022,,2.95,2.98,145,58,144,1,Terlambat,0.0257,0.9743
MHS023732,2021,,2.94,3.07,145,60,144,1,Terlambat,0.075,0.925
MHS023972,2021,,2.64,2.64,148,58,144,4,Terlambat,0.0001,0.9999
MHS018435,2024,,3.2,2.44,60,26,95,-35,Tepat Waktu,1.0,0.0
MHS018805,2023,,3.26,2.62,101,42,135,-34,Tepat Waktu,1.0,0.0
MHS019106,2023,,3.16,2.25,100,37,135,-35,Tepat Waktu,1.0,0.0
MHS019728,2023,,3.21,3.09,107,43,135,-28,Tepat Waktu,1.0,0.0
MHS019955,2022,,3.12,2.24,141,54,144,-3,Terlambat,0.0,1.0
MHS020207,2024,,3.33,1.6,58,23,95,-37,Tepat Waktu,1.0,0.0
MHS020640,2023,,3.28,2.82,108,42,135,-27,Tepat Waktu,1.0,0.0
MHS020789,2022,,3.25,2.28,130,50,144,-14,Terlambat,0.0127,0.9873
MHS021436,2024,,3.31,2.27,59,23,95,-36,Tepat Waktu,1.0,0.0
MHS021649,2021,,2.66,2.66,158,63,144,14,Terlambat,0.0026,0.9974
MHS021663,2023,,3.4,2.64,105,42,135,-30,Tepat Waktu,1.0,0.0
MHS021950,2023,,3.3,2.89,107,38,135,-28,Tepat Waktu,1.0,0.0
MHS022874,2022,,3.94,3.75,145,68,144,1,Tepat Waktu,0.9706,0.0294
MHS023071,2024,,3.57,2.28,54,19,95,-41,Tepat Waktu,1.0,0.0
MHS023511,2024,,3.28,0.0,36,13,95,-59,Tepat Waktu,1.0,0.0
MHS023674,2023,,3.49,2.62,105,42,135,-30,Tepat Waktu,1.0,0.0
MHS023843,2021,,2.92,3.11,145,56,144,1,Terlambat,0.0671,0.9329
MHS023955,2023,,3.48,2.76,103,43,135,-32,Tepat Waktu,1.0,0.0
MHS024049,2024,,3.42,2.45,60,23,95,-35,Tepat Waktu,1.0,0.0
MHS024576,2020,,2.94,2.3,155,62,144,11,Terlambat,0.0001,0.9999
MHS018806,2023,,3.22,2.45,95,37,135,-40,Tepat Waktu,1.0,0.0
MHS018824,2024,,3.2,2.48,59,23,95,-36,Tepat Waktu,1.0,0.0
MHS019192,2022,,3.17,1.95,123,42,144,-21,Terlambat,0.1487,0.8513
MHS019748,2021,,1.84,1.85,150,56,144,6,Terlambat,0.0,1.0
MHS020136,2022,,2.96,2.96,143,58,144,-1,Terlambat,0.0195,0.9805
MHS020405,2024,,3.27,1.89,55,22,95,-40,Tepat Waktu,1.0,0.0
MHS020552,2023,,3.37,2.64,101,44,135,-34,Tepat Waktu,1.0,0.0
MHS020576,2019,,2.25,2.24,152,61,144,8,Terlambat,0.0,1.0
MHS020705,2020,,3.12,3.12,152,63,144,8,Terlambat,0.3694,0.6306
MHS020716,2022,,2.87,2.88,149,56,144,5,Terlambat,0.0064,0.9936
MHS020864,2024,,3.36,1.48,58,23,95,-37,Tepat Waktu,1.0,0.0
MHS021109,2023,,3.35,1.82,94,35,135,-41,Tepat Waktu,1.0,0.0
MHS021271,2022,,3.14,2.48,127,52,144,-17,Terlambat,0.4224,0.5776
MHS021567,2022,,2.39,2.39,145,60,144,1,Terlambat,0.0,1.0
MHS021696,2021,,2.65,2.66,150,61,144,6,Terlambat,0.0002,0.9998
MHS021992,2022,,3.86,3.56,145,59,144,1,Tepat Waktu,0.811,0.189
MHS022009,2023,,3.22,2.55,100,39,135,-35,Tepat Waktu,1.0,0.0
MHS022201,2023,,3.33,2.43,99,43,135,-36,Tepat Waktu,1.0,0.0
MHS022350,2023,,3.34,2.71,99,43,135,-36,Tepat Waktu,1.0,0.0
MHS023115,2022,,3.48,2.33,137,52,144,-7,Terlambat,0.0011,0.9989
MHS023161,2023,,3.43,2.22,94,36,135,-41,Tepat Waktu,1.0,0.0
MHS023821,2023,,3.5,3.13,105,44,135,-30,Tepat Waktu,1.0,0.0
MHS023940,2021,,2.82,2.82,149,60,144,5,Terlambat,0.0048,0.9952
MHS024191,2022,,2.83,3.27,144,51,144,0,Terlambat,0.0608,0.9392
MHS024320,2022,,2.73,3.37,146,55,144,2,Terlambat,0.0352,0.9648
MHS024557,2022,,2.7,2.7,147,60,144,3,Terlambat,0.0003,0.9997
MHS024558,2022,,2.72,3.72,147,69,144,3,Terlambat,0.3282,0.6718
MHS018911,2024,,0.22,1.61,59,22,95,-36,Tepat Waktu,1.0,0.0
MHS019275,2023,,3.2,2.78,107,43,135,-28,Tepat Waktu,1.0,0.0
MHS019433,2023,,3.3,2.01,101,36,135,-34,Tepat Waktu,1.0,0.0
MHS020170,2023,,3.34,2.81,101,44,135,-34,Tepat Waktu,1.0,0.0
MHS021459,2024,,3.31,2.54,59,23,95,-36,Tepat Waktu,1.0,0.0
MHS021527,2023,,3.1,3.03,110,51,135,-25,Tepat Waktu,1.0,0.0
MHS022455,2023,,3.44,2.81,106,41,135,-29,Tepat Waktu,1.0,0.0
MHS022771,2024,,3.46,2.48,58,26,95,-37,Tepat Waktu,1.0,0.0
MHS023330,2022,,2.89,3.02,147,69,144,3,Terlambat,0.224,0.776
MHS023446,2024,,3.51,2.2,58,26,95,-37,Tepat Waktu,1.0,0.0
MHS023587,2021,,2.94,3.26,145,55,144,1,Terlambat,0.109,0.891
MHS023740,2022,,3.51,2.62,137,52,144,-7,Terlambat,0.0691,0.9309
MHS023816,2023,,3.5,2.56,105,44,135,-30,Tepat Waktu,1.0,0.0
MHS024008,2024,,3.4,1.72,56,24,95,-39,Tepat Waktu,1.0,0.0
MHS024172,2022,,3.11,1.83,122,46,144,-22,Terlambat,0.0068,0.9932
MHS024490,2022,,2.74,3.01,147,58,144,3,Terlambat,0.004,0.996
MHS018917,2024,,3.21,1.89,59,22,95,-36,Tepat Waktu,1.0,0.0
MHS019787,2023,,3.31,2.59,105,46,135,-30,Tepat Waktu,1.0,0.0
MHS020738,2023,,3.33,2.65,106,43,135,-29,Tepat Waktu,1.0,0.0
MHS020788,2024,,3.28,2.13,59,23,95,-36,Tepat Waktu,1.0,0.0
MHS020973,2022,,3.21,3.0,142,57,144,-2,Terlambat,0.1554,0.8446
MHS021056,2020,,1.55,1.52,150,56,144,6,Terlambat,0.0,1.0
MHS021452,2022,,3.03,3.26,148,61,144,4,Terlambat,0.2344,0.7656
MHS021517,2020,,2.44,2.43,150,59,144,6,Terlambat,0.0,1.0
MHS021581,2023,,3.35,3.04,106,38,135,-29,Tepat Waktu,1.0,0.0
MHS021736,2024,,3.28,2.28,57,22,95,-38,Tepat Waktu,1.0,0.0
MHS021815,2021,,2.46,2.46,149,56,144,5,Terlambat,0.0,1.0
MHS022342,2022,,3.01,3.01,145,57,144,1,Terlambat,0.0295,0.9705
MHS023051,2023,,3.45,2.46,105,42,135,-30,Tepat Waktu,1.0,0.0
MHS023625,2021,,2.85,2.93,148,58,144,4,Terlambat,0.008,0.992
MHS023708,2022,,2.83,3.01,146,58,144,2,Terlambat,0.0085,0.9915
MHS023866,2022,,3.66,2.34,132,53,144,-12,Terlambat,0.0149,0.9851
MHS024131,2023,,3.53,2.76,106,41,135,-29,Tepat Waktu,1.0,0.0
MHS024167,2020,,2.69,2.69,145,55,144,1,Terlambat,0.0002,0.9998
MHS024187,2020,,2.93,2.85,155,62,144,11,Terlambat,0.0619,0.9381
MHS024383,2022,,2.72,3.09,144,59,144,0,Terlambat,0.0111,0.9889
MHS024391,2022,,2.72,3.18,146,60,144,2,Terlambat,0.0118,0.9882
MHS018817,2024,,3.2,1.81,59,25,95,-36,Tepat Waktu,1.0,0.0
MHS018950,2023,,3.19,2.52,102,42,135,-33,Tepat Waktu,1.0,0.0
MHS019219,2022,,3.15,3.01,139,53,144,-5,Terlambat,0.1919,0.8081
MHS019469,2023,,3.26,2.56,103,45,135,-32,Tepat Waktu,1.0,0.0
MHS019571,2023,,3.25,2.83,104,37,135,-31,Tepat Waktu,1.0,0.0
MHS019831,2024,,3.22,1.92,55,21,95,-40,Tepat Waktu,1.0,0.0
MHS019914,2024,,3.22,1.5,56,23,95,-39,Tepat Waktu,1.0,0.0
MHS020753,2024,,3.22,0.0,19,7,95,-76,Tepat Waktu,1.0,0.0
MHS021183,2021,,2.87,2.85,152,62,144,8,Terlambat,0.0186,0.9814
MHS021268,2023,,3.37,3.04,103,40,135,-32,Tepat Waktu,1.0,0.0
MHS021441,2022,,2.57,1.91,112,46,144,-32,Tepat Waktu,0.9665,0.0335
MHS021875,2022,,3.29,2.38,134,53,144,-10,Terlambat,0.0063,0.9937
MHS022105,2021,,2.74,2.74,150,60,144,6,Terlambat,0.0008,0.9992
MHS022403,2022,,2.9,2.9,145,62,144,1,Terlambat,0.0105,0.9895
MHS022508,2024,,3.38,2.51,59,23,95,-36,Tepat Waktu,1.0,0.0
MHS023170,2021,,2.76,2.76,149,61,144,5,Terlambat,0.0013,0.9987
MHS023297,2023,,3.47,2.51,105,36,135,-30,Tepat Waktu,1.0,0.0
MHS023868,2022,,2.86,2.91,144,54,144,0,Terlambat,0.0059,0.9941
MHS023986,2022,,2.78,3.19,146,63,144,2,Terlambat,0.0506,0.9494
MHS024422,2022,,3.94,3.35,144,58,144,0,Tepat Waktu,0.6998,0.3002
MHS024440,2023,,3.58,2.68,107,43,135,-28,Tepat Waktu,1.0,0.0
MHS019172,2023,,3.25,2.93,108,44,135,-27,Tepat Waktu,1.0,0.0
MHS019669,2023,,3.22,2.3,97,36,135,-38,Tepat Waktu,1.0,0.0
MHS020055,2020,,2.33,2.33,154,59,144,10,Terlambat,0.0,1.0
MHS020903,2024,,3.23,0.42,19,7,95,-76,Tepat Waktu,1.0,0.0
MHS021011,2024,,3.36,2.2,58,25,95,-37,Tepat Waktu,1.0,0.0
MHS021055,2023,,3.18,2.69,100,41,135,-35,Tepat Waktu,1.0,0.0
MHS021147,2022,,3.14,2.31,127,53,144,-17,Terlambat,0.0592,0.9408
MHS021818,2023,,3.36,2.62,104,43,135,-31,Tepat Waktu,1.0,0.0
MHS021843,2022,,2.94,2.94,145,55,144,1,Terlambat,0.0114,0.9886
MHS022102,2021,,2.83,2.71,155,62,144,11,Terlambat,0.0077,0.9923
MHS022338,2023,,3.34,2.37,99,43,135,-36,Tepat Waktu,1.0,0.0
MHS022623,2024,,3.39,2.32,59,23,95,-36,Tepat Waktu,1.0,0.0
MHS023113,2020,,2.89,2.65,153,60,144,9,Terlambat,0.0029,0.9971
MHS023475,2022,,2.95,3.01,145,55,144,1,Terlambat,0.0308,0.9692
MHS023787,2021,,2.69,2.69,145,56,144,1,Terlambat,0.0002,0.9998
MHS023807,2022,,2.83,3.44,147,69,144,3,Tepat Waktu,0.5789,0.4211
MHS023954,2024,,3.46,2.72,59,23,95,-36,Tepat Waktu,1.0,0.0
MHS023998,2022,,3.48,2.32,138,52,144,-6,Terlambat,0.001,0.999
MHS024102,2023,,3.42,1.89,95,38,135,-40,Tepat Waktu,1.0,0.0
MHS024212,2021,,3.01,3.05,150,61,144,6,Terlambat,0.1258,0.8742
MHS018474,2023,,3.18,2.66,102,40,135,-33,Tepat Waktu,1.0,0.0
MHS018892,2023,,3.37,1.86,83,38,135,-52,Tepat Waktu,1.0,0.0
MHS019997,2023,,3.24,2.41,97,39,135,-38,Tepat Waktu,1.0,0.0
MHS020118,2024,,3.25,2.1,55,22,95,-40,Tepat Waktu,1.0,0.0
MHS020209,2022,,3.19,3.31,148,56,144,4,Terlambat,0.286,0.714
MHS020329,2023,,3.34,2.43,101,44,135,-34,Tepat Waktu,1.0,0.0
MHS020342,2020,,1.46,1.56,152,62,144,8,Terlambat,0.0,1.0
MHS020831,2022,,2.64,2.65,148,55,144,4,Terlambat,0.0001,0.9999
MHS021486,2022,,3.14,3.35,145,59,144,1,Terlambat,0.3977,0.6023
MHS021616,2022,,3.83,3.54,145,59,144,1,Tepat Waktu,0.8119,0.1881
MHS022210,2021,,2.77,2.77,152,58,144,8,Terlambat,0.0025,0.9975
MHS022723,2022,,2.89,3.05,148,62,144,4,Terlambat,0.0425,0.9575
MHS022774,2024,,3.22,2.75,62,29,95,-33,Tepat Waktu,1.0,0.0
MHS022801,2024,,3.31,2.42,57,22,95,-38,Tepat Waktu,1.0,0.0
MHS023436,2024,,3.39,2.31,60,23,95,-35,Tepat Waktu,1.0,0.0
MHS023538,2024,,3.51,2.16,58,26,95,-37,Tepat Waktu,1.0,0.0
MHS023578,2021,,2.86,3.18,148,58,144,4,Terlambat,0.0652,0.9348
MHS023828,2024,,3.39,2.15,57,22,95,-38,Tepat Waktu,1.0,0.0
MHS024270,2022,,3.14,1.88,122,47,144,-22,Terlambat,0.0152,0.9848
MHS024464,2022,,2.72,3.1,144,58,144,0,Terlambat,0.011,0.989
MHS018511,2023,,3.17,2.85,107,43,135,-28,Tepat Waktu,1.0,0.0
MHS019520,2024,,3.22,1.87,59,22,95,-36,Tepat Waktu,1.0,0.0
MHS019944,2024,,3.23,1.76,56,24,95,-39,Tepat Waktu,1.0,0.0
MHS020129,2023,,3.23,2.11,94,38,135,-41,Tepat Waktu,1.0,0.0
MHS020265,2023,,3.22,2.44,99,43,135,-36,Tepat Waktu,1.0,0.0
MHS020292,2024,,3.24,2.18,56,25,95,-39,Tepat Waktu,1.0,0.0
MHS020772,2023,,3.34,3.06,105,46,135,-30,Tepat Waktu,1.0,0.0
MHS020948,2023,,3.19,2.1,98,37,135,-37,Tepat Waktu,1.0,0.0
MHS021264,2024,,3.37,2.08,58,22,95,-37,Tepat Waktu,1.0,0.0
MHS021438,2022,,2.97,2.96,149,58,144,5,Terlambat,0.0255,0.9745
MHS021555,2022,,3.35,2.46,137,59,144,-7,Terlambat,0.004,0.996
MHS021713,2022,,3.09,2.2,131,55,144,-13,Terlambat,0.0005,0.9995
MHS021747,2022,,3.22,3.13,141,54,144,-3,Terlambat,0.2802,0.7198
MHS021916,2020,,2.67,2.66,152,56,144,8,Terlambat,0.0003,0.9997
MHS022297,2022,,3.11,3.16,145,55,144,1,Terlambat,0.1774,0.8226
MHS022371,2022,,3.11,3.2,145,59,144,1,Terlambat,0.2285,0.7715
MHS023509,2022,,3.5,2.6,136,56,144,-8,Terlambat,0.0409,0.9591
MHS023698,2024,,3.39,2.07,56,25,95,-39,Tepat Waktu,1.0,0.0
MHS023699,2021,,3.05,3.07,151,60,144,7,Terlambat,0.1725,0.8275
MHS023755,2023,,3.43,2.43,97,42,135,-38,Tepat Waktu,1.0,0.0
MHS024155,2019,,2.04,1.93,152,64,144,8,Terlambat,0.0,1.0
MHS024200,2021,,2.9,3.23,145,60,144,1,Terlambat,0.0904,0.9096
MHS024219,2021,,1.83,1.81,148,55,144,4,Terlambat,0.0,1.0
MHS024340,2024,,3.42,1.94,57,22,95,-38,Tepat Waktu,1.0,0.0
MHS024382,2020,,2.7,2.71,145,50,144,1,Terlambat,0.0006,0.9994
MHS024561,2022,,2.68,3.26,146,51,144,2,Terlambat,0.0225,0.9775
MHS018610,2023,,3.28,1.75,90,37,135,-45,Tepat Waktu,1.0,0.0
MHS019707,2021,,2.38,2.37,150,59,144,6,Terlambat,0.0,1.0
MHS019712,2023,,3.25,2.78,104,37,135,-31,Tepat Waktu,1.0,0.0
MHS019942,2023,,3.28,2.91,104,37,135,-31,Tepat Waktu,1.0,0.0
MHS020655,2023,,3.31,2.72,104,40,135,-31,Tepat Waktu,1.0,0.0
MHS021740,2024,,3.53,3.03,35,13,95,-60,Tepat Waktu,1.0,0.0
MHS021839,2022,,3.83,3.6,145,66,144,1,Tepat Waktu,0.9505,0.0495
MHS021929,2022,,2.94,2.93,145,59,144,1,Terlambat,0.0117,0.9883
MHS022003,2021,,2.73,2.72,149,59,144,5,Terlambat,0.0008,0.9992
MHS022007,2024,,3.37,1.97,55,21,95,-40,Tepat Waktu,1.0,0.0
MHS022117,2023,,3.25,2.43,100,41,135,-35,Tepat Waktu,1.0,0.0
MHS022257,2024,,3.46,2.36,54,19,95,-41,Tepat Waktu,1.0,0.0
MHS022756,2022,,3.92,3.5,145,59,144,1,Tepat Waktu,0.781,0.219
MHS023651,2024,,3.44,0.44,18,8,95,-77,Tepat Waktu,1.0,0.0
MHS024014,2022,,2.78,3.28,146,60,144,2,Terlambat,0.0465,0.9535
MHS024182,2020,,2.95,2.94,154,58,144,10,Terlambat,0.0461,0.9539
MHS024261,2024,,3.34,2.64,62,29,95,-33,Tepat Waktu,1.0,0.0
MHS024434,2022,,2.75,3.06,147,56,144,3,Terlambat,0.0059,0.9941
MHS018756,2023,,3.26,2.74,105,43,135,-30,Tepat Waktu,1.0,0.0
MHS019193,2024,,3.28,2.04,58,26,95,-37,Tepat Waktu,1.0,0.0
MHS019797,2024,,3.21,1.91,55,23,95,-40,Tepat Waktu,1.0,0.0
MHS020835,2024,,3.25,2.03,57,22,95,-38,Tepat Waktu,1.0,0.0
MHS020885,2023,,3.39,2.9,105,41,135,-30,Tepat Waktu,1.0,0.0
MHS021061,2024,,3.36,2.54,58,23,95,-37,Tepat Waktu,1.0,0.0
MHS021125,2022,,3.09,3.31,148,60,144,4,Terlambat,0.2338,0.7662
MHS021232,2023,,3.37,2.99,103,40,135,-32,Tepat Waktu,1.0,0.0
MHS021280,2023,,3.21,2.43,100,39,135,-35,Tepat Waktu,1.0,0.0
MHS021422,2024,,3.27,2.21,57,22,95,-38,Tepat Waktu,1.0,0.0
MHS022485,2024,,3.3,2.14,57,20,95,-38,Tepat Waktu,1.0,0.0
MHS022643,2021,,2.65,2.65,150,61,144,6,Terlambat,0.0003,0.9997
MHS022960,2023,,3.42,2.46,103,41,135,-32,Tepat Waktu,1.0,0.0
MHS022967,2021,,2.87,2.88,148,59,144,4,Terlambat,0.01,0.99
MHS023332,2024,,3.49,2.43,58,26,95,-37,Tepat Waktu,1.0,0.0
MHS023832,2022,,2.83,3.12,147,56,144,3,Terlambat,0.0244,0.9756
MHS024015,2024,,3.41,2.11,57,22,95,-38,Tepat Waktu,1.0,0.0
MHS024036,2022,,2.81,2.89,147,59,144,3,Terlambat,0.0046,0.9954
MHS024163,2022,,2.77,3.36,146,56,144,2,Terlambat,0.0461,0.9539
MHS024176,2023,,3.51,2.85,103,43,135,-32,Tepat Waktu,1.0,0.0
MHS024246,2022,,2.75,3.15,146,51,144,2,Terlambat,0.0238,0.9762
MHS024417,2021,,2.8,3.15,148,59,144,4,Terlambat,0.0385,0.9615
MHS024423,2022,,3.94,3.43,144,55,144,0,Tepat Waktu,0.7432,0.2568
MHS018540,2024,,3.15,1.84,55,24,95,-40,Tepat Waktu,1.0,0.0
MHS018859,2019,,2.33,2.31,150,58,144,6,Terlambat,0.0,1.0
MHS018904,2024,,3.19,2.11,57,25,95,-38,Tepat Waktu,1.0,0.0
MHS019747,2024,,3.24,2.02,60,23,95,-35,Tepat Waktu,1.0,0.0
MHS020653,2023,,3.25,2.25,102,39,135,-33,Tepat Waktu,1.0,0.0
MHS020852,2023,,3.26,2.58,99,43,135,-36,Tepat Waktu,1.0,0.0
MHS021009,2021,,2.97,2.97,150,58,144,6,Terlambat,0.0292,0.9708
MHS021127,2024,,3.17,1.98,62,23,95,-33,Tepat Waktu,1.0,0.0
MHS021239,2020,,2.9,1.32,115,46,144,-29,Terlambat,0.0,1.0
MHS022140,2023,,3.44,1.82,89,36,135,-46,Tepat Waktu,1.0,0.0
MHS022267,2023,,3.4,2.51,103,42,135,-32,Tepat Waktu,1.0,0.0
MHS022855,2022,,3.29,2.57,140,52,144,-4,Terlambat,0.0086,0.9914
MHS022912,2022,,3.03,3.34,145,51,144,1,Terlambat,0.2366,0.7634
MHS023044,2023,,3.22,2.92,109,44,135,-26,Tepat Waktu,1.0,0.0
MHS023364,2024,,3.42,2.55,59,23,95,-36,Tepat Waktu,1.0,0.0
MHS023430,2022,,2.88,3.13,147,69,144,3,Terlambat,0.3529,0.6471
MHS023629,2022,,2.86,3.22,146,59,144,2,Terlambat,0.0588,0.9412
MHS024058,2022,,2.7,2.7,144,54,144,0,Terlambat,0.0003,0.9997
MHS024184,2020,,2.4,2.4,145,56,144,1,Terlambat,0.0,1.0
MHS024218,2024,,3.44,0.0,18,7,95,-77,Tepat Waktu,1.0,0.0
MHS024326,2021,,3.0,3.0,149,53,144,5,Terlambat,0.0656,0.9344
MHS024405,2022,,2.72,3.31,146,56,144,2,Terlambat,0.0256,0.9744
MHS019083,2024,,3.2,2.0,57,22,95,-38,Tepat Waktu,1.0,0.0
MHS021574,2023,,3.3,2.33,99,43,135,-36,Tepat Waktu,1.0,0.0
MHS022283,2022,,3.12,3.19,145,59,144,1,Terlambat,0.2287,0.7713
MHS022968,2022,,3.94,3.5,145,58,144,1,Tepat Waktu,0.7614,0.2386
MHS023103,2024,,3.48,2.28,58,26,95,-37,Tepat Waktu,1.0,0.0
MHS023584,2020,,2.75,2.74,149,59,144,5,Terlambat,0.0008,0.9992
MHS023914,2024,,3.39,1.74,56,23,95,-39,Tepat Waktu,1.0,0.0
MHS024035,2022,,2.81,3.56,147,69,144,3,Tepat Waktu,0.5961,0.4039
MHS024045,2021,,2.26,2.24,148,57,144,4,Terlambat,0.0,1.0
MHS024472,2023,,3.46,2.94,108,51,135,-27,Tepat Waktu,1.0,0.0
MHS024477,2021,,2.72,2.69,151,63,144,7,Terlambat,0.0008,0.9992
MHS024525,2022,,2.69,2.93,146,57,144,2,Terlambat,0.0014,0.9986
MHS018504,2024,,3.19,2.51,59,26,95,-36,Tepat Waktu,1.0,0.0
MHS018845,2023,,3.23,2.9,104,41,135,-31,Tepat Waktu,1.0,0.0
MHS019212,2023,,3.26,1.75,87,33,135,-48,Tepat Waktu,1.0,0.0
MHS019289,2023,,3.16,2.75,100,42,135,-35,Tepat Waktu,1.0,0.0
MHS019510,2021,,3.55,1.9,165,66,144,21,Terlambat,0.0004,0.9996
MHS019960,2023,,3.22,2.71,102,40,135,-33,Tepat Waktu,1.0,0.0
MHS020888,2023,,3.33,2.83,103,40,135,-32,Tepat Waktu,1.0,0.0
MHS021490,2023,,3.27,2.97,107,42,135,-28,Tepat Waktu,1.0,0.0
MHS021636,2024,,3.33,2.31,59,23,95,-36,Tepat Waktu,1.0,0.0
MHS021752,2020,,2.41,2.01,155,59,144,11,Terlambat,0.0,1.0
MHS022014,2022,,3.08,3.09,145,60,144,1,Terlambat,0.1301,0.8699
MHS022189,2022,,3.12,3.27,145,59,144,1,Terlambat,0.2223,0.7777
MHS022223,2024,,3.36,2.31,59,23,95,-36,Tepat Waktu,1.0,0.0
MHS022340,2020,,2.86,2.86,149,59,144,5,Terlambat,0.0059,0.9941
MHS022466,2022,,3.06,3.29,145,68,144,1,Tepat Waktu,0.6511,0.3489
MHS023223,2022,,2.83,2.82,146,55,144,2,Terlambat,0.0027,0.9973
MHS023308,2024,,3.94,3.69,36,13,95,-59,Tepat Waktu,1.0,0.0
MHS023643,2023,,3.41,2.76,99,42,135,-36,Tepat Waktu,1.0,0.0
MHS023756,2021,,2.58,2.57,148,51,144,4,Terlambat,0.0,1.0
MHS023850,2022,,3.89,3.48,144,54,144,0,Tepat Waktu,0.7115,0.2885
MHS023881,2022,,2.83,3.5,147,58,144,3,Terlambat,0.1052,0.8948
MHS024211,2020,,2.14,2.17,145,51,144,1,Terlambat,0.0,1.0
MHS024237,2022,,2.78,3.24,144,58,144,0,Terlambat,0.0379,0.9621
MHS024317,2021,,2.47,2.47,148,57,144,4,Terlambat,0.0,1.0
MHS018794,2022,,3.2,2.61,140,53,144,-4,Terlambat,0.0055,0.9945
MHS018976,2022,,3.09,2.64,125,47,144,-19,Tepat Waktu,0.9821,0.0179
MHS019077,2022,,3.17,3.25,152,62,144,8,Tepat Waktu,0.5421,0.4579
MHS019281,2024,,3.01,0.14,36,14,95,-59,Tepat Waktu,1.0,0.0
MHS019782,2023,,3.22,1.37,94,39,135,-41,Tepat Waktu,1.0,0.0
MHS020770,2024,,3.29,1.27,55,22,95,-40,Tepat Waktu,1.0,0.0
MHS020814,2023,,3.26,2.38,102,39,135,-33,Tepat Waktu,1.0,0.0
MHS021380,2024,,3.31,2.23,60,27,95,-35,Tepat Waktu,1.0,0.0
MHS021432,2022,,2.34,1.57,113,46,144,-31,Terlambat,0.0005,0.9995
MHS021446,2023,,3.36,2.26,94,36,135,-41,Tepat Waktu,1.0,0.0
MHS021664,2024,,3.28,1.8,56,24,95,-39,Tepat Waktu,1.0,0.0
MHS021803,2022,,3.83,3.73,145,59,144,1,Tepat Waktu,0.8248,0.1752
MHS021835,2023,,3.29,2.81,107,40,135,-28,Tepat Waktu,1.0,0.0
MHS022366,2023,,3.39,3.09,108,42,135,-27,Tepat Waktu,1.0,0.0
MHS022607,2024,,3.38,1.9,55,21,95,-40,Tepat Waktu,1.0,0.0
MHS022988,2023,,3.34,2.27,97,39,135,-38,Tepat Waktu,1.0,0.0
MHS023352,2021,,3.06,3.07,152,63,144,8,Terlambat,0.2241,0.7759
MHS023558,2021,,3.1,3.07,150,61,144,6,Terlambat,0.2167,0.7833
MHS023653,2021,,2.87,2.92,149,62,144,5,Terlambat,0.0148,0.9852
MHS023730,2023,,3.42,2.19,95,41,135,-40,Tepat Waktu,1.0,0.0
MHS023809,2021,,2.83,2.84,149,56,144,5,Terlambat,0.0032,0.9968
MHS023844,2022,,2.8,3.07,146,58,144,2,Terlambat,0.0153,0.9847
MHS024056,2022,,3.37,2.25,134,51,144,-10,Terlambat,0.0016,0.9984
MHS024169,2024,,3.46,2.09,55,21,95,-40,Tepat Waktu,1.0,0.0
MHS024503,2024,,3.48,2.41,59,23,95,-36,Tepat Waktu,1.0,0.0
MHS018549,2022,,3.05,2.95,141,54,144,-3,Terlambat,0.068,0.932
MHS018894,2022,,3.27,2.97,137,52,144,-7,Terlambat,0.4007,0.5993
MHS019363,2020,,2.5,2.3,157,61,144,13,Terlambat,0.0,1.0
MHS019767,2024,,3.23,2.23,59,22,95,-36,Tepat Waktu,1.0,0.0
MHS020737,2023,,3.26,2.3,96,37,135,-39,Tepat Waktu,1.0,0.0
MHS021492,2022,,3.56,3.47,149,61,144,5,Tepat Waktu,0.7538,0.2462
MHS021565,2022,,3.27,2.28,130,50,144,-14,Terlambat,0.0138,0.9862
MHS022094,2024,,3.36,1.96,61,28,95,-34,Tepat Waktu,1.0,0.0
MHS022159,2022,,2.92,3.33,148,60,144,4,Terlambat,0.1479,0.8521
MHS022312,2022,,2.91,3.08,148,61,144,4,Terlambat,0.0499,0.9501
MHS022582,2024,,3.39,2.48,59,23,95,-36,Tepat Waktu,1.0,0.0
MHS023101,2020,,2.64,2.65,149,58,144,5,Terlambat,0.0002,0.9998
MHS023428,2021,,2.82,2.65,159,61,144,15,Terlambat,0.0145,0.9855
MHS023662,2021,,3.19,3.18,150,57,144,6,Terlambat,0.2758,0.7242
MHS024381,2022,,2.72,3.03,144,55,144,0,Terlambat,0.0068,0.9932
MHS024553,2024,,3.69,2.53,54,19,95,-41,Tepat Waktu,1.0,0.0
MHS018583,2024,,3.26,1.82,58,22,95,-37,Tepat Waktu,1.0,0.0
MHS018626,2024,,3.19,1.7,56,22,95,-39,Tepat Waktu,1.0,0.0
MHS018714,2023,,3.15,2.08,99,37,135,-36,Tepat Waktu,1.0,0.0
MHS018941,2022,,2.94,2.77,143,58,144,-1,Terlambat,0.0033,0.9967
MHS019576,2022,,3.44,3.43,155,60,144,11,Tepat Waktu,0.86,0.14
MHS019663,2023,,3.31,2.54,105,46,135,-30,Tepat Waktu,1.0,0.0
MHS020366,2020,,2.5,2.47,153,61,144,9,Terlambat,0.0,1.0
MHS020486,2023,,3.25,2.36,102,39,135,-33,Tepat Waktu,1.0,0.0
MHS020834,2023,,3.38,3.03,105,41,135,-30,Tepat Waktu,1.0,0.0
MHS020892,2020,,2.57,2.54,152,64,144,8,Terlambat,0.0001,0.9999
MHS021270,2023,,3.36,2.2,94,36,135,-41,Tepat Waktu,1.0,0.0
MHS021673,2023,,3.29,2.27,95,40,135,-40,Tepat Waktu,1.0,0.0
MHS021891,2022,,3.94,3.49,148,60,144,4,Tepat Waktu,0.7816,0.2184
MHS022249,2020,,2.97,2.97,152,63,144,8,Terlambat,0.0807,0.9193
MHS022608,2024,,3.39,2.19,59,23,95,-36,Tepat Waktu,1.0,0.0
MHS022692,2022,,3.29,2.75,141,58,144,-3,Terlambat,0.0245,0.9755
MHS023061,2022,,3.36,2.73,139,53,144,-5,Terlambat,0.0471,0.9529
MHS023411,2020,,2.91,2.91,154,58,144,10,Terlambat,0.028,0.972
MHS023498,2023,,3.48,2.58,105,36,135,-30,Tepat Waktu,1.0,0.0
MHS023745,2021,,2.81,2.82,145,60,144,1,Terlambat,0.0029,0.9971
MHS023922,2021,,2.78,2.65,154,59,144,10,Terlambat,0.0013,0.9987
MHS024360,2023,,3.56,2.26,101,40,135,-34,Tepat Waktu,1.0,0.0
MHS024429,2023,,3.53,2.95,103,43,135,-32,Tepat Waktu,1.0,0.0
MHS018977,2022,,3.17,2.62,142,56,144,-2,Terlambat,0.0029,0.9971
MHS019924,2024,,3.31,2.13,58,27,95,-37,Tepat Waktu,1.0,0.0
MHS019940,2023,,3.3,2.79,106,42,135,-29,Tepat Waktu,1.0,0.0
MHS020119,2024,,3.32,2.28,58,23,95,-37,Tepat Waktu,1.0,0.0
MHS020609,2024,,3.31,2.42,61,25,95,-34,Tepat Waktu,1.0,0.0
MHS020746,2024,,3.35,2.17,58,23,95,-37,Tepat Waktu,1.0,0.0
MHS020855,2023,,3.11,3.13,111,43,135,-24,Tepat Waktu,1.0,0.0
MHS021168,2024,,3.26,2.2,56,24,95,-39,Tepat Waktu,1.0,0.0
MHS021481,2020,,1.55,1.61,150,62,144,6,Terlambat,0.0,1.0
MHS021482,2020,,1.38,1.74,154,59,144,10,Terlambat,0.0,1.0
MHS022552,2022,,3.01,3.45,41,15,144,-103,Tepat Waktu,1.0,0.0
MHS022886,2021,,2.43,2.47,151,62,144,7,Terlambat,0.0,1.0
MHS023119,2022,,3.01,3.35,145,57,144,1,Terlambat,0.2205,0.7795
MHS023889,2022,,2.79,3.44,146,51,144,2,Terlambat,0.0683,0.9317
MHS024048,2021,,2.87,2.87,149,56,144,5,Terlambat,0.0057,0.9943
MHS020700,2024,,3.34,2.36,58,25,95,-37,Tepat Waktu,1.0,0.0
MHS020861,2023,,3.33,2.02,94,38,135,-41,Tepat Waktu,1.0,0.0
MHS021978,2022,,4.0,3.67,148,60,144,4,Tepat Waktu,0.7131,0.2869
MHS022076,2024,,3.44,2.48,54,19,95,-41,Tepat Waktu,1.0,0.0
MHS022400,2024,,2.93,1.41,44,17,95,-51,Tepat Waktu,1.0,0.0
MHS022940,2024,,3.39,1.76,55,21,95,-40,Tepat Waktu,1.0,0.0
MHS023011,2022,,3.03,3.08,145,59,144,1,Terlambat,0.0863,0.9137
MHS023281,2022,,2.51,2.51,146,59,144,2,Terlambat,0.0,1.0
MHS023450,2024,,3.51,2.43,58,26,95,-37,Tepat Waktu,1.0,0.0
MHS023462,2023,,3.35,2.37,96,37,135,-39,Tepat Waktu,1.0,0.0
MHS023852,2023,,2.72,3.0,110,51,135,-25,Tepat Waktu,1.0,0.0
MHS024043,2022,,3.18,1.95,131,50,144,-13,Terlambat,0.0,1.0
MHS024158,2022,,2.77,3.65,146,59,144,2,Terlambat,0.0857,0.9143
MHS024362,2020,,2.47,2.49,150,57,144,6,Terlambat,0.0,1.0
MHS019865,2024,,3.22,2.57,57,23,95,-38,Tepat Waktu,1.0,0.0
MHS020711,2022,,2.87,2.9,149,53,144,5,Terlambat,0.0089,0.9911
MHS020712,2024,,3.28,2.19,59,23,95,-36,Tepat Waktu,1.0,0.0
MHS021034,2023,,3.26,3.78,111,43,135,-24,Tepat Waktu,1.0,0.0
MHS021403,2022,,3.04,3.13,148,62,144,4,Terlambat,0.1646,0.8354
MHS021483,2023,,3.35,2.67,106,39,135,-29,Tepat Waktu,1.0,0.0
MHS021792,2024,,3.28,1.97,57,22,95,-38,Tepat Waktu,1.0,0.0
MHS021805,2021,,2.97,2.97,149,56,144,5,Terlambat,0.0379,0.9621
MHS023451,2021,,2.62,2.62,150,61,144,6,Terlambat,0.0001,0.9999
MHS023565,2020,,2.74,2.74,148,61,144,4,Terlambat,0.0013,0.9987
MHS023872,2022,,2.79,3.55,146,61,144,2,Terlambat,0.0787,0.9213
MHS023907,2022,,3.39,2.81,140,56,144,-4,Terlambat,0.1028,0.8972
MHS024062,2021,,3.11,3.11,150,69,144,6,Tepat Waktu,0.7845,0.2155
MHS024206,2023,,3.53,1.83,94,35,135,-41,Tepat Waktu,1.0,0.0
MHS018636,2022,,3.22,3.22,151,62,144,7,Terlambat,0.4161,0.5839
MHS018870,2022,,3.22,3.22,151,61,144,7,Terlambat,0.3752,0.6248
MHS018908,2023,,3.23,2.76,104,41,135,-31,Tepat Waktu,1.0,0.0
MHS019021,2022,,2.66,2.66,151,61,144,7,Terlambat,0.0002,0.9998
MHS019215,2023,,3.26,2.56,103,45,135,-32,Tepat Waktu,1.0,0.0
MHS019516,2023,,3.28,2.67,105,46,135,-30,Tepat Waktu,1.0,0.0
MHS019673,2023,,3.23,1.72,95,41,135,-40,Tepat Waktu,1.0,0.0
MHS019881,2024,,3.24,2.09,59,22,95,-36,Tepat Waktu,1.0,0.0
MHS020419,2020,,2.11,2.23,155,63,144,11,Terlambat,0.0,1.0
MHS020644,2023,,3.25,2.09,99,43,135,-36,Tepat Waktu,1.0,0.0
MHS020836,2021,,3.09,3.09,150,62,144,6,Terlambat,0.1885,0.8115
MHS020953,2023,,3.39,2.68,105,42,135,-30,Tepat Waktu,1.0,0.0
MHS021314,2024,,3.27,2.04,56,22,95,-39,Tepat Waktu,1.0,0.0
MHS021330,2022,,3.27,2.63,139,58,144,-5,Terlambat,0.0109,0.9891
MHS022191,2021,,3.23,3.23,150,53,144,6,Tepat Waktu,0.5097,0.4903
MHS022614,2024,,3.44,2.43,58,26,95,-37,Tepat Waktu,1.0,0.0
MHS023193,2022,,2.98,2.98,145,58,144,1,Terlambat,0.0207,0.9793
MHS023195,2023,,3.42,2.77,104,43,135,-31,Tepat Waktu,1.0,0.0
MHS023264,2022,,2.89,3.32,147,64,144,3,Terlambat,0.2184,0.7816
MHS023371,2022,,2.89,3.28,147,60,144,3,Terlambat,0.0688,0.9312
MHS023439,2020,,2.59,2.59,148,58,144,4,Terlambat,0.0,1.0
MHS023583,2022,,2.78,2.78,147,55,144,3,Terlambat,0.0012,0.9988
MHS023634,2022,,2.86,3.24,144,55,144,0,Terlambat,0.0669,0.9331
MHS023654,2022,,2.86,2.97,144,57,144,0,Terlambat,0.0088,0.9912
MHS024038,2022,,2.78,3.51,146,59,144,2,Terlambat,0.0808,0.9192
MHS024061,2023,,3.5,2.71,103,43,135,-32,Tepat Waktu,1.0,0.0
MHS024068,2021,,1.94,2.08,151,61,144,7,Terlambat,0.0,1.0
MHS024076,2021,,2.8,2.8,148,61,144,4,Terlambat,0.0024,0.9976
MHS024255,2022,,2.78,3.02,147,59,144,3,Terlambat,0.0065,0.9935
MHS024404,2023,,3.51,3.01,103,43,135,-32,Tepat Waktu,1.0,0.0
MHS024476,2022,,2.72,3.14,144,58,144,0,Terlambat,0.0092,0.9908
MHS024479,2024,,3.44,1.96,60,23,95,-35,Tepat Waktu,1.0,0.0
MHS019062,2023,,3.25,2.73,106,44,135,-29,Tepat Waktu,1.0,0.0
MHS019180,2022,,2.36,1.47,109,44,144,-35,Terlambat,0.0316,0.9684
MHS019608,2023,,3.3,2.82,105,46,135,-30,Tepat Waktu,1.0,0.0
MHS020307,2024,,3.24,0.68,56,24,95,-39,Tepat Waktu,1.0,0.0
MHS020407,2022,,3.23,2.85,139,55,144,-5,Terlambat,0.0766,0.9234
MHS020679,2019,,1.86,2.01,159,54,144,15,Terlambat,0.0,1.0
MHS020960,2024,,3.25,2.22,56,24,95,-39,Tepat Waktu,1.0,0.0
MHS021148,2024,,3.26,2.09,57,22,95,-38,Tepat Waktu,1.0,0.0
MHS021226,2022,,2.87,2.88,148,52,144,4,Terlambat,0.008,0.992
MHS021515,2023,,3.43,2.81,101,39,135,-34,Tepat Waktu,1.0,0.0
MHS021665,2024,,3.38,2.62,58,23,95,-37,Tepat Waktu,1.0,0.0
MHS021775,2022,,3.03,3.03,145,59,144,1,Terlambat,0.0426,0.9574
MHS021828,2021,,2.93,3.08,158,63,144,14,Tepat Waktu,0.5661,0.4339
MHS022432,2023,,3.22,2.18,92,35,135,-43,Tepat Waktu,1.0,0.0
MHS022460,2024,,3.36,2.57,60,23,95,-35,Tepat Waktu,1.0,0.0
MHS022492,2023,,3.46,2.84,101,39,135,-34,Tepat Waktu,1.0,0.0
MHS023258,2024,,3.49,2.42,58,26,95,-37,Tepat Waktu,1.0,0.0
MHS023416,2022,,2.88,3.11,147,58,144,3,Terlambat,0.0233,0.9767
MHS023453,2021,,3.13,3.13,152,56,144,8,Terlambat,0.225,0.775
MHS023485,2022,,2.82,3.79,41,15,144,-103,Tepat Waktu,1.0,0.0
MHS023502,2022,,2.86,3.61,147,56,144,3,Terlambat,0.1395,0.8605
MHS023516,2024,,3.39,2.49,60,23,95,-35,Tepat Waktu,1.0,0.0
MHS024174,2022,,2.76,3.35,146,60,144,2,Terlambat,0.0344,0.9656
MHS024279,2022,,2.72,3.0,144,59,144,0,Terlambat,0.0061,0.9939
MHS024467,2022,,2.69,3.51,146,59,144,2,Terlambat,0.026,0.974
MHS024552,2024,,3.56,1.87,58,24,95,-37,Tepat Waktu,1.0,0.0
MHS019164,2021,,2.67,2.68,150,62,144,6,Terlambat,0.0005,0.9995
MHS019684,2020,,2.85,2.83,150,58,144,6,Terlambat,0.0043,0.9957
MHS019834,2022,,3.21,3.2,148,58,144,4,Terlambat,0.2193,0.7807
MHS019884,2022,,3.19,2.71,142,54,144,-2,Terlambat,0.0091,0.9909
MHS019947,2023,,3.3,2.8,106,44,135,-29,Tepat Waktu,1.0,0.0
MHS019966,2021,,3.11,3.13,150,58,144,6,Terlambat,0.168,0.832
MHS020034,2024,,3.22,1.95,57,22,95,-38,Tepat Waktu,1.0,0.0
MHS020393,2021,,2.63,2.63,151,57,144,7,Terlambat,0.0001,0.9999
MHS020784,2022,,3.17,3.28,148,59,144,4,Terlambat,0.3576,0.6424
MHS021291,2024,,3.37,2.16,58,23,95,-37,Tepat Waktu,1.0,0.0
MHS022001,2022,,3.13,3.23,145,68,144,1,Tepat Waktu,0.7608,0.2392
MHS022274,2022,,2.77,2.77,145,57,144,1,Terlambat,0.0007,0.9993
MHS022484,2021,,2.61,2.61,156,61,144,12,Terlambat,0.0003,0.9997
MHS022503,2020,,2.46,2.46,151,56,144,7,Terlambat,0.0,1.0
MHS023413,2023,,3.43,2.81,104,43,135,-31,Tepat Waktu,1.0,0.0
MHS023433,2021,,3.15,3.21,149,57,144,5,Terlambat,0.3361,0.6639
MHS024186,2024,,3.54,2.19,58,23,95,-37,Tepat Waktu,1.0,0.0
MHS024198,2024,,3.41,2.17,57,22,95,-38,Tepat Waktu,1.0,0.0
MHS024201,2024,,3.44,2.55,61,24,95,-34,Tepat Waktu,1.0,0.0
MHS024205,2021,,2.81,2.86,148,59,144,4,Terlambat,0.0035,0.9965
MHS024332,2023,,3.43,2.78,102,42,135,-33,Tepat Waktu,1.0,0.0
MHS024427,2022,,2.75,3.1,147,56,144,3,Terlambat,0.0115,0.9885
MHS019042,2024,,3.21,1.73,59,22,95,-36,Tepat Waktu,1.0,0.0
MHS019595,2024,,3.22,2.23,59,24,95,-36,Tepat Waktu,1.0,0.0
MHS020663,2022,,2.39,2.62,143,58,144,-1,Terlambat,0.0,1.0
MHS020872,2019,,2.56,2.55,150,57,144,6,Terlambat,0.0,1.0
MHS020947,2023,,3.26,3.12,107,43,135,-28,Tepat Waktu,1.0,0.0
MHS022064,2023,,3.24,2.74,100,44,135,-35,Tepat Waktu,1.0,0.0
MHS022712,2022,,2.73,2.73,145,60,144,1,Terlambat,0.0006,0.9994
MHS022733,2024,,3.39,2.22,59,23,95,-36,Tepat Waktu,1.0,0.0
MHS022736,2022,,3.66,3.32,120,48,144,-24,Tepat Waktu,1.0,0.0
MHS023046,2022,,2.82,2.82,145,59,144,1,Terlambat,0.0029,0.9971
MHS023261,2021,,2.94,2.95,150,57,144,6,Terlambat,0.0198,0.9802
MHS023493,2022,,2.89,3.08,146,60,144,2,Terlambat,0.0379,0.9621
MHS023598,2024,,3.43,2.09,55,21,95,-40,Tepat Waktu,1.0,0.0
MHS023685,2022,,2.83,3.45,146,51,144,2,Terlambat,0.1357,0.8643
MHS023691,2023,,3.4,2.94,102,42,135,-33,Tepat Waktu,1.0,0.0
MHS023855,2022,,3.53,2.3,136,54,144,-8,Terlambat,0.0009,0.9991
MHS023959,2021,,2.81,2.82,148,57,144,4,Terlambat,0.0022,0.9978
MHS018595,2023,,3.22,2.92,104,40,135,-31,Tepat Waktu,1.0,0.0
MHS018669,2023,,3.22,2.99,104,43,135,-31,Tepat Waktu,1.0,0.0
MHS019976,2024,,3.24,1.53,55,24,95,-40,Tepat Waktu,1.0,0.0
MHS020109,2020,,2.51,2.51,150,58,144,6,Terlambat,0.0,1.0
MHS020483,2022,,3.06,3.04,149,56,144,5,Terlambat,0.0717,0.9283
MHS020912,2024,,3.36,2.63,58,25,95,-37,Tepat Waktu,1.0,0.0
MHS021981,2022,,3.22,2.95,141,58,144,-3,Terlambat,0.1001,0.8999
MHS022152,2022,,2.93,3.43,148,61,144,4,Terlambat,0.2272,0.7728
MHS022337,2023,,3.31,2.44,96,37,135,-39,Tepat Waktu,1.0,0.0
MHS022402,2022,,3.06,3.07,145,55,144,1,Terlambat,0.0869,0.9131
MHS022472,2022,,3.44,2.49,136,52,144,-8,Terlambat,0.0196,0.9804
MHS022488,2020,,2.06,2.1,152,58,144,8,Terlambat,0.0,1.0
MHS023341,2022,,2.9,3.3,146,60,144,2,Terlambat,0.0805,0.9195
MHS023435,2019,,2.42,2.47,151,56,144,7,Terlambat,0.0,1.0
MHS023661,2021,,3.21,3.21,150,57,144,6,Terlambat,0.4255,0.5745
MHS024108,2019,,2.81,2.8,149,61,144,5,Terlambat,0.0023,0.9977
MHS024359,2020,,2.9,2.97,145,54,144,1,Terlambat,0.027,0.973
MHS024442,2022,,2.72,3.41,146,59,144,2,Terlambat,0.0402,0.9598
MHS018727,2023,,3.13,2.14,98,41,135,-37,Tepat Waktu,1.0,0.0
MHS018860,2019,,3.03,3.02,150,58,144,6,Terlambat,0.0499,0.9501
MHS019991,2021,,2.77,2.77,151,58,144,7,Terlambat,0.0021,0.9979
MHS020967,2023,,3.35,2.57,106,41,135,-29,Tepat Waktu,1.0,0.0
MHS021003,2022,,3.29,2.08,128,47,144,-16,Terlambat,0.005,0.995
MHS021054,2022,,3.55,3.5,140,54,144,-4,Tepat Waktu,0.845,0.155
MHS021305,2021,,3.19,3.18,150,62,144,6,Terlambat,0.3936,0.6064
MHS021576,2020,,2.46,2.48,151,63,144,7,Terlambat,0.0,1.0
MHS022038,2022,,3.08,3.09,145,59,144,1,Terlambat,0.1185,0.8815
MHS022486,2024,,3.32,2.2,56,22,95,-39,Tepat Waktu,1.0,0.0
MHS022539,2021,,2.89,2.89,150,57,144,6,Terlambat,0.0087,0.9913
MHS022710,2022,,3.92,3.57,145,65,144,1,Tepat Waktu,0.9243,0.0757
MHS022815,2024,,3.31,2.34,57,25,95,-38,Tepat Waktu,1.0,0.0
MHS023407,2022,,2.89,3.28,146,58,144,2,Terlambat,0.087,0.913
MHS023592,2022,,2.86,3.02,144,55,144,0,Terlambat,0.0194,0.9806
MHS023663,2022,,2.85,3.47,146,60,144,2,Terlambat,0.1356,0.8644
MHS023720,2020,,2.96,2.65,153,57,144,9,Terlambat,0.0025,0.9975
MHS024276,2024,,3.42,2.48,60,23,95,-35,Tepat Waktu,1.0,0.0
MHS018871,2021,,3.71,2.47,161,66,144,17,Terlambat,0.2513,0.7487
MHS019312,2024,,3.22,2.11,59,22,95,-36,Tepat Waktu,1.0,0.0
MHS019561,2020,,2.66,2.66,152,58,144,8,Terlambat,0.0003,0.9997
MHS019607,2023,,3.28,2.71,106,42,135,-29,Tepat Waktu,1.0,0.0
MHS019775,2023,,3.28,1.17,70,26,135,-65,Tepat Waktu,1.0,0.0
MHS020005,2024,,3.32,1.99,58,25,95,-37,Tepat Waktu,1.0,0.0
MHS020356,2023,,3.31,2.54,103,45,135,-32,Tepat Waktu,1.0,0.0
MHS021195,2022,,3.17,3.29,149,53,144,5,Terlambat,0.2962,0.7038
MHS021608,2022,,3.08,3.09,145,58,144,1,Terlambat,0.1109,0.8891
MHS021932,2024,,3.29,2.12,56,24,95,-39,Tepat Waktu,1.0,0.0
MHS022884,2023,,2.8,1.98,78,31,135,-57,Tepat Waktu,1.0,0.0
MHS023009,2021,,2.57,2.58,150,61,144,6,Terlambat,0.0,1.0
MHS023182,2024,,3.38,2.22,60,23,95,-35,Tepat Waktu,1.0,0.0
MHS023298,2023,,3.42,2.26,97,42,135,-38,Tepat Waktu,1.0,0.0
MHS023380,2022,,2.79,2.79,146,57,144,2,Terlambat,0.0015,0.9985
MHS023933,2022,,2.79,3.11,146,60,144,2,Terlambat,0.0215,0.9785
MHS024047,2020,,2.3,2.12,154,65,144,10,Terlambat,0.0,1.0
MHS024443,2020,,2.93,2.92,150,62,144,6,Terlambat,0.0264,0.9736
MHS019015,2022,,3.22,2.78,140,53,144,-4,Terlambat,0.0349,0.9651
MHS019055,2023,,3.24,2.72,104,41,135,-31,Tepat Waktu,1.0,0.0
MHS019485,2023,,3.27,2.54,103,45,135,-32,Tepat Waktu,1.0,0.0
MHS020138,2023,,3.3,2.61,103,45,135,-32,Tepat Waktu,1.0,0.0
MHS020184,2023,,3.21,2.85,107,43,135,-28,Tepat Waktu,1.0,0.0
MHS020214,2023,,3.22,2.63,99,43,135,-36,Tepat Waktu,1.0,0.0
MHS020337,2024,,3.27,1.71,55,21,95,-40,Tepat Waktu,1.0,0.0
MHS020398,2020,,2.94,2.94,151,57,144,7,Terlambat,0.0337,0.9663
MHS020539,2023,,3.22,2.83,107,43,135,-28,Tepat Waktu,1.0,0.0
MHS021179,2023,,3.36,2.89,103,40,135,-32,Tepat Waktu,1.0,0.0
MHS021830,2020,,1.98,2.02,149,56,144,5,Terlambat,0.0,1.0
MHS022086,2022,,3.28,2.81,142,54,144,-2,Terlambat,0.0518,0.9482
MHS022286,2023,,3.31,2.73,102,36,135,-33,Tepat Waktu,1.0,0.0
MHS022348,2020,,2.15,2.09,149,57,144,5,Terlambat,0.0,1.0
MHS022370,2023,,3.43,2.78,107,43,135,-28,Tepat Waktu,1.0,0.0
MHS022589,2021,,3.08,3.15,154,57,144,10,Terlambat,0.2857,0.7143
MHS023030,2022,,3.03,3.3,145,61,144,1,Terlambat,0.1999,0.8001
MHS023309,2022,,3.3,2.65,142,48,144,-2,Terlambat,0.0204,0.9796
MHS023432,2021,,2.97,2.96,152,57,144,8,Terlambat,0.0352,0.9648
MHS023614,2020,,2.85,2.85,151,58,144,7,Terlambat,0.0059,0.9941
MHS023966,2022,,3.9,3.67,144,58,144,0,Tepat Waktu,0.8162,0.1838
MHS024170,2022,,2.83,3.21,144,58,144,0,Terlambat,0.0483,0.9517
MHS024221,2022,,2.78,3.16,147,59,144,3,Terlambat,0.0234,0.9766
MHS024339,2020,,2.25,2.2,145,51,144,1,Terlambat,0.0,1.0
MHS024459,2022,,2.72,3.17,144,55,144,0,Terlambat,0.0159,0.9841
MHS018518,2020,,3.03,3.03,150,56,144,6,Terlambat,0.0946,0.9054
MHS019667,2024,,3.23,1.73,59,22,95,-36,Tepat Waktu,1.0,0.0
MHS019863,2021,,3.11,3.09,151,59,144,7,Terlambat,0.1636,0.8364
MHS020442,2019,,2.46,2.47,152,52,144,8,Terlambat,0.0,1.0
MHS020659,2022,,2.94,2.95,148,59,144,4,Terlambat,0.0197,0.9803
MHS020752,2021,,3.25,3.27,150,62,144,6,Tepat Waktu,0.5658,0.4342
MHS021874,2022,,3.27,2.5,138,57,144,-6,Terlambat,0.0047,0.9953
MHS022232,2020,,2.34,2.36,152,59,144,8,Terlambat,0.0,1.0
MHS022363,2022,,2.91,3.42,148,60,144,4,Terlambat,0.178,0.822
MHS022369,2021,,2.46,2.51,151,55,144,7,Terlambat,0.0,1.0
MHS022501,2022,,2.89,3.18,148,60,144,4,Terlambat,0.0665,0.9335
MHS022822,2024,,3.35,2.14,56,22,95,-39,Tepat Waktu,1.0,0.0
MHS022861,2020,,2.33,2.31,150,63,144,6,Terlambat,0.0,1.0
MHS022897,2023,,3.37,2.63,99,42,135,-36,Tepat Waktu,1.0,0.0
MHS023275,2022,,2.86,2.86,146,57,144,2,Terlambat,0.0031,0.9969
MHS023326,2022,,3.0,3.41,145,54,144,1,Terlambat,0.1844,0.8156
MHS023904,2022,,2.56,2.56,144,54,144,0,Terlambat,0.0,1.0
MHS023985,2022,,2.78,3.19,146,60,144,2,Terlambat,0.0309,0.9691
MHS024274,2024,,3.42,2.61,57,22,95,-38,Tepat Waktu,1.0,0.0
MHS024312,2019,,2.9,3.04,145,59,144,1,Terlambat,0.0241,0.9759
MHS024351,2022,,2.73,2.79,146,55,144,2,Terlambat,0.0006,0.9994
MHS018784,2023,,3.19,2.68,102,40,135,-33,Tepat Waktu,1.0,0.0
MHS019195,2024,,3.22,1.91,59,22,95,-36,Tepat Waktu,1.0,0.0
MHS019471,2023,,3.21,1.96,97,40,135,-38,Tepat Waktu,1.0,0.0
MHS019654,2022,,3.35,2.32,124,52,144,-20,Tepat Waktu,0.692,0.308
MHS020302,2024,,3.24,2.14,56,22,95,-39,Tepat Waktu,1.0,0.0
MHS020620,2021,,3.23,3.42,151,56,144,7,Tepat Waktu,0.6744,0.3256
MHS021331,2022,,3.06,3.05,149,56,144,5,Terlambat,0.0764,0.9236
MHS021632,2022,,3.28,2.19,123,51,144,-21,Terlambat,0.4074,0.5926
MHS021771,2024,,3.39,2.16,58,26,95,-37,Tepat Waktu,1.0,0.0
MHS021885,2020,,2.88,2.88,151,57,144,7,Terlambat,0.0091,0.9909
MHS022287,2024,,3.37,2.2,59,23,95,-36,Tepat Waktu,1.0,0.0
MHS022404,2024,,3.38,2.39,59,23,95,-36,Tepat Waktu,1.0,0.0
MHS022416,2022,,3.32,2.64,139,58,144,-5,Terlambat,0.0147,0.9853
MHS022479,2023,,1.65,2.47,105,42,135,-30,Tepat Waktu,0.9885,0.0115
MHS022601,2022,,3.35,2.39,138,55,144,-6,Terlambat,0.001,0.999
MHS022804,2021,,2.45,2.45,156,60,144,12,Terlambat,0.0,1.0
MHS022873,2022,,3.56,3.55,141,54,144,-3,Tepat Waktu,0.8246,0.1754
MHS022923,2022,,2.87,3.27,148,60,144,4,Terlambat,0.0588,0.9412
MHS023271,2023,,3.53,3.01,101,41,135,-34,Tepat Waktu,1.0,0.0
MHS023912,2021,,3.14,3.36,149,58,144,5,Terlambat,0.4853,0.5147
MHS024321,2022,,2.72,2.89,144,58,144,0,Terlambat,0.0024,0.9976
MHS024529,2023,,3.54,2.93,103,43,135,-32,Tepat Waktu,1.0,0.0
MHS024573,2022,,3.25,2.41,131,50,144,-13,Terlambat,0.0422,0.9578
MHS018538,2024,,3.21,2.32,60,25,95,-35,Tepat Waktu,1.0,0.0
MHS018972,2024,,3.19,2.38,56,21,95,-39,Tepat Waktu,1.0,0.0
MHS019634,2024,,3.22,1.95,56,24,95,-39,Tepat Waktu,1.0,0.0
MHS020154,2022,,3.4,2.13,129,49,144,-15,Terlambat,0.0049,0.9951
MHS020205,2023,,3.25,2.01,95,41,135,-40,Tepat Waktu,1.0,0.0
MHS020597,2024,,3.34,2.0,58,23,95,-37,Tepat Waktu,1.0,0.0
MHS020693,2022,,3.18,2.76,141,54,144,-3,Terlambat,0.0175,0.9825
MHS020832,2021,,3.3,3.28,155,59,144,11,Tepat Waktu,0.7591,0.2409
MHS021439,2024,,3.18,2.39,62,23,95,-33,Tepat Waktu,1.0,0.0
MHS021566,2021,,3.06,3.07,150,58,144,6,Terlambat,0.1385,0.8615
MHS021569,2020,,2.56,2.24,157,62,144,13,Terlambat,0.0,1.0
MHS021852,2024,,3.29,2.07,56,24,95,-39,Tepat Waktu,1.0,0.0
MHS022540,2024,,3.38,2.43,59,23,95,-36,Tepat Waktu,1.0,0.0
MHS022903,2020,,2.89,2.64,153,57,144,9,Terlambat,0.0014,0.9986
MHS023198,2023,,3.43,2.91,104,43,135,-31,Tepat Waktu,1.0,0.0
MHS023459,2023,,3.54,2.31,101,40,135,-34,Tepat Waktu,1.0,0.0
MHS023534,2022,,2.69,2.69,144,56,144,0,Terlambat,0.0003,0.9997
MHS023677,2022,,2.86,3.36,144,58,144,0,Terlambat,0.107,0.893
MHS024051,2021,,2.72,2.72,145,59,144,1,Terlambat,0.0005,0.9995
MHS024080,2021,,2.97,2.95,151,57,144,7,Terlambat,0.0413,0.9587
MHS018651,2023,,3.26,2.74,101,39,135,-34,Tepat Waktu,1.0,0.0
MHS019305,2024,,3.22,2.03,59,22,95,-36,Tepat Waktu,1.0,0.0
MHS019980,2024,,3.22,2.23,57,23,95,-38,Tepat Waktu,1.0,0.0
MHS020555,2024,,3.33,2.77,58,25,95,-37,Tepat Waktu,1.0,0.0
MHS020718,2022,,3.24,2.14,139,54,144,-5,Terlambat,0.0,1.0
MHS021479,2023,,3.17,3.06,109,41,135,-26,Tepat Waktu,1.0,0.0
MHS021493,2023,,3.3,2.67,102,36,135,-33,Tepat Waktu,1.0,0.0
MHS021741,2022,,2.91,2.91,145,62,144,1,Terlambat,0.0185,0.9815
MHS022088,2020,,2.57,2.51,157,53,144,13,Terlambat,0.0001,0.9999
MHS022734,2023,,3.31,2.11,97,44,135,-38,Tepat Waktu,1.0,0.0
MHS022981,2023,,3.31,2.67,100,39,135,-35,Tepat Waktu,1.0,0.0
MHS023037,2022,,3.0,3.0,145,59,144,1,Terlambat,0.0435,0.9565
MHS023676,2022,,2.31,2.31,144,57,144,0,Terlambat,0.0,1.0
MHS023750,2019,,2.86,2.86,145,54,144,1,Terlambat,0.0065,0.9935
MHS023882,2022,,2.83,3.65,147,57,144,3,Terlambat,0.1173,0.8827
MHS023961,2021,,2.68,2.68,145,60,144,1,Terlambat,0.0002,0.9998
MHS024438,2021,,2.5,2.5,145,54,144,1,Terlambat,0.0,1.0
MHS024448,2021,,2.5,2.5,145,58,144,1,Terlambat,0.0,1.0
MHS019641,2023,,3.36,2.03,93,37,135,-42,Tepat Waktu,1.0,0.0
MHS020414,2023,,3.31,2.62,106,43,135,-29,Tepat Waktu,1.0,0.0
MHS020645,2023,,3.25,2.5,99,43,135,-36,Tepat Waktu,1.0,0.0
MHS020683,2023,,3.18,1.94,76,30,135,-59,Tepat Waktu,1.0,0.0
MHS020915,2024,,3.36,2.09,58,23,95,-37,Tepat Waktu,1.0,0.0
MHS022059,2024,,3.44,2.61,54,19,95,-41,Tepat Waktu,1.0,0.0
MHS022278,2022,,3.2,2.93,143,55,144,-1,Terlambat,0.0812,0.9188
MHS022424,2022,,3.11,3.28,145,57,144,1,Terlambat,0.2771,0.7229
MHS022489,2024,,3.37,1.55,55,21,95,-40,Tepat Waktu,1.0,0.0
MHS022798,2022,,3.34,2.7,139,53,144,-5,Terlambat,0.0492,0.9508
MHS022826,2024,,3.32,2.26,57,22,95,-38,Tepat Waktu,1.0,0.0
MHS023593,2023,,3.24,3.02,109,41,135,-26,Tepat Waktu,1.0,0.0
MHS023650,2023,,3.44,2.91,103,43,135,-32,Tepat Waktu,1.0,0.0
MHS023783,2024,,3.44,2.64,59,23,95,-36,Tepat Waktu,1.0,0.0
MHS023796,2023,,3.39,2.06,96,41,135,-39,Tepat Waktu,1.0,0.0
MHS023831,2023,,3.46,2.73,103,35,135,-32,Tepat Waktu,1.0,0.0
MHS024384,2020,,2.43,2.43,148,56,144,4,Terlambat,0.0,1.0
MHS024470,2024,,3.44,2.38,57,22,95,-38,Tepat Waktu,1.0,0.0
MHS018532,2024,,3.19,1.94,59,26,95,-36,Tepat Waktu,1.0,0.0
MHS019803,2024,,3.22,1.8,56,24,95,-39,Tepat Waktu,1.0,0.0
MHS021367,2024,,3.27,2.24,57,22,95,-38,Tepat Waktu,1.0,0.0
MHS021461,2024,,3.31,2.15,59,23,95,-36,Tepat Waktu,1.0,0.0
MHS021596,2022,,3.03,3.34,148,56,144,4,Terlambat,0.2257,0.7743
MHS021654,2021,,2.57,2.57,149,57,144,5,Terlambat,0.0,1.0
MHS022200,2023,,3.35,3.15,107,38,135,-28,Tepat Waktu,1.0,0.0
MHS022203,2022,,3.12,3.41,145,55,144,1,Terlambat,0.3938,0.6062
MHS022391,2022,,3.11,3.19,145,59,144,1,Terlambat,0.2195,0.7805
MHS022731,2023,,3.45,1.83,93,37,135,-42,Tepat Waktu,1.0,0.0
MHS022766,2021,,2.89,2.89,151,61,144,7,Terlambat,0.0215,0.9785
MHS022963,2021,,2.35,2.05,156,62,144,12,Terlambat,0.0,1.0
MHS023234,2022,,3.21,2.87,143,59,144,-1,Terlambat,0.0393,0.9607
MHS023472,2021,,3.05,3.06,151,57,144,7,Terlambat,0.0931,0.9069
MHS023520,2022,,3.45,3.45,143,55,144,-1,Tepat Waktu,0.7586,0.2414
MHS023549,2022,,2.94,3.21,145,58,144,1,Terlambat,0.0936,0.9064
MHS023929,2024,,3.4,2.23,57,22,95,-38,Tepat Waktu,1.0,0.0
MHS024269,2022,,2.78,2.95,147,57,144,3,Terlambat,0.0035,0.9965
MHS018568,2023,,3.23,1.04,87,35,135,-48,Tepat Waktu,1.0,0.0
MHS019265,2024,,3.28,2.23,58,24,95,-37,Tepat Waktu,1.0,0.0
MHS019798,2023,,3.26,2.89,104,37,135,-31,Tepat Waktu,1.0,0.0
MHS020261,2022,,3.19,3.29,148,59,144,4,Terlambat,0.3895,0.6105
MHS020970,2020,,2.78,2.79,150,60,144,6,Terlambat,0.0031,0.9969
MHS021365,2024,,3.27,2.01,56,24,95,-39,Tepat Waktu,1.0,0.0
MHS021469,2021,,2.72,2.75,151,60,144,7,Terlambat,0.0014,0.9986
MHS022149,2023,,3.26,1.87,97,36,135,-38,Tepat Waktu,1.0,0.0
MHS022246,2022,,3.12,3.17,145,55,144,1,Terlambat,0.1937,0.8063
MHS022301,2022,,3.11,3.14,145,59,144,1,Terlambat,0.1762,0.8238
MHS022741,2023,,3.43,2.76,105,42,135,-30,Tepat Waktu,1.0,0.0
MHS022809,2022,,3.32,2.33,134,51,144,-10,Terlambat,0.003,0.997
MHS023727,2023,,3.43,2.89,108,42,135,-27,Tepat Waktu,1.0,0.0
MHS023757,2022,,2.83,1.74,111,45,144,-33,Tepat Waktu,0.982,0.018
MHS023814,2022,,3.68,3.64,142,55,144,-2,Tepat Waktu,0.8687,0.1313
MHS023836,2023,,3.4,2.86,102,42,135,-33,Tepat Waktu,1.0,0.0
MHS023884,2023,,3.48,2.81,104,40,135,-31,Tepat Waktu,1.0,0.0
MHS023974,2022,,2.83,3.15,144,57,144,0,Terlambat,0.0342,0.9658
MHS024394,2024,,3.44,2.48,60,23,95,-35,Tepat Waktu,1.0,0.0
MHS024402,2022,,3.94,3.68,144,58,144,0,Tepat Waktu,0.8053,0.1947
MHS019923,2024,,3.24,1.81,59,22,95,-36,Tepat Waktu,1.0,0.0
MHS020064,2023,,3.03,2.98,111,43,135,-24,Tepat Waktu,1.0,0.0
MHS020208,2024,,3.33,2.58,58,23,95,-37,Tepat Waktu,1.0,0.0
MHS020321,2020,,1.96,1.97,152,56,144,8,Terlambat,0.0,1.0
MHS020984,2023,,3.54,1.67,87,38,135,-48,Tepat Waktu,1.0,0.0
MHS021152,2024,,3.26,1.53,56,22,95,-39,Tepat Waktu,1.0,0.0
MHS021584,2024,,3.38,2.3,58,26,95,-37,Tepat Waktu,1.0,0.0
MHS021889,2024,,3.34,2.29,61,28,95,-34,Tepat Waktu,1.0,0.0
MHS022410,2023,,3.42,2.72,105,42,135,-30,Tepat Waktu,1.0,0.0
MHS022468,2022,,2.9,2.9,145,56,144,1,Terlambat,0.0093,0.9907
MHS022538,2024,,3.3,2.04,57,24,95,-38,Tepat Waktu,1.0,0.0
MHS022648,2023,,3.4,2.94,104,43,135,-31,Tepat Waktu,1.0,0.0
MHS022888,2022,,2.89,2.88,145,55,144,1,Terlambat,0.0049,0.9951
MHS023135,2021,,2.87,2.81,155,59,144,11,Terlambat,0.012,0.988
MHS023454,2022,,2.89,3.0,146,63,144,2,Terlambat,0.0244,0.9756
MHS023747,2022,,3.89,3.47,144,58,144,0,Tepat Waktu,0.7818,0.2182
MHS023924,2022,,2.79,2.79,144,55,144,0,Terlambat,0.0011,0.9989
MHS024549,2022,,2.64,2.64,144,57,144,0,Terlambat,0.0001,0.9999
MHS024554,2023,,3.56,2.6,101,41,135,-34,Tepat Waktu,1.0,0.0
MHS018438,2022,,3.94,3.63,160,63,144,16,Tepat Waktu,0.9917,0.0083
MHS018453,2023,,3.22,2.09,96,38,135,-39,Tepat Waktu,1.0,0.0
MHS018833,2023,,3.31,3.39,111,43,135,-24,Tepat Waktu,1.0,0.0
MHS018975,2023,,3.22,1.82,93,37,135,-42,Tepat Waktu,1.0,0.0
MHS020120,2021,,2.39,2.08,153,60,144,9,Terlambat,0.0,1.0
MHS020234,2021,,2.74,2.75,157,61,144,13,Terlambat,0.0061,0.9939
MHS020424,2023,,3.3,1.57,94,37,135,-41,Tepat Waktu,1.0,0.0
MHS020438,2020,,2.74,2.74,151,62,144,7,Terlambat,0.0014,0.9986
MHS020676,2022,,3.89,3.65,148,60,144,4,Tepat Waktu,0.8242,0.1758
MHS020785,2022,,3.17,3.27,149,57,144,5,Terlambat,0.3352,0.6648
MHS020857,2023,,3.19,2.31,98,40,135,-37,Tepat Waktu,1.0,0.0
MHS020949,2022,,3.53,3.46,149,59,144,5,Tepat Waktu,0.6912,0.3088
MHS021686,2024,,3.33,2.31,59,23,95,-36,Tepat Waktu,1.0,0.0
MHS022077,2024,,3.3,1.78,56,24,95,-39,Tepat Waktu,1.0,0.0
MHS022116,2024,,3.29,2.48,57,22,95,-38,Tepat Waktu,1.0,0.0
MHS022482,2022,,2.89,3.01,148,60,144,4,Terlambat,0.0241,0.9759
MHS022557,2024,,3.81,3.71,36,14,95,-59,Tepat Waktu,1.0,0.0
MHS023427,2024,,3.36,2.29,57,22,95,-38,Tepat Waktu,1.0,0.0
MHS023573,2022,,2.86,2.97,147,60,144,3,Terlambat,0.0142,0.9858
MHS023575,2023,,3.35,2.65,100,39,135,-35,Tepat Waktu,1.0,0.0
MHS023647,2024,,3.52,1.99,58,24,95,-37,Tepat Waktu,1.0,0.0
MHS023711,2022,,2.83,3.18,147,57,144,3,Terlambat,0.0343,0.9657
MHS023760,2022,,2.8,3.09,146,57,144,2,Terlambat,0.0166,0.9834
MHS023965,2022,,2.78,3.43,146,51,144,2,Terlambat,0.0618,0.9382
MHS024084,2024,,3.31,1.36,36,14,95,-59,Tepat Waktu,1.0,0.0
MHS024094,2022,,2.79,2.96,147,59,144,3,Terlambat,0.0069,0.9931
MHS024189,2022,,2.79,2.84,147,58,144,3,Terlambat,0.0016,0.9984
MHS024416,2021,,2.48,2.47,145,57,144,1,Terlambat,0.0,1.0
MHS024432,2022,,2.75,3.11,147,58,144,3,Terlambat,0.0128,0.9872
MHS024446,2023,,2.96,2.94,112,52,135,-23,Tepat Waktu,1.0,0.0
MHS024478,2020,,2.65,2.65,150,59,144,6,Terlambat,0.0002,0.9998
MHS024571,2023,,3.57,2.91,101,39,135,-34,Tepat Waktu,1.0,0.0
MHS018693,2024,,3.19,1.83,56,24,95,-39,Tepat Waktu,1.0,0.0
MHS018787,2019,,2.42,2.42,150,55,144,6,Terlambat,0.0,1.0
MHS018836,2022,,3.08,3.09,151,58,144,7,Terlambat,0.0952,0.9048
MHS018920,2021,,2.6,2.63,157,59,144,13,Terlambat,0.0006,0.9994
MHS019364,2023,,3.22,1.6,95,35,135,-40,Tepat Waktu,1.0,0.0
MHS020081,2023,,3.22,2.61,99,43,135,-36,Tepat Waktu,1.0,0.0
MHS020300,2024,,3.28,2.15,60,23,95,-35,Tepat Waktu,1.0,0.0
MHS021343,2022,,2.99,2.99,149,56,144,5,Terlambat,0.0342,0.9658
MHS021424,2020,,2.39,2.29,155,62,144,11,Terlambat,0.0,1.0
MHS021522,2024,,3.31,2.15,60,25,95,-35,Tepat Waktu,1.0,0.0
MHS021660,2023,,3.4,2.54,105,42,135,-30,Tepat Waktu,1.0,0.0
MHS022176,2023,,3.39,2.76,103,45,135,-32,Tepat Waktu,1.0,0.0
MHS022396,2022,,2.9,3.51,148,69,144,4,Tepat Waktu,0.7339,0.2661
MHS022649,2022,,2.89,3.01,148,60,144,4,Terlambat,0.016,0.984
MHS022926,2020,,2.25,1.9,154,65,144,10,Terlambat,0.0,1.0
MHS023159,2022,,2.92,3.22,146,60,144,2,Terlambat,0.097,0.903
MHS023349,2022,,2.9,3.15,146,60,144,2,Terlambat,0.0406,0.9594
MHS023374,2023,,2.56,2.87,109,41,135,-26,Tepat Waktu,1.0,0.0
MHS023602,2020,,2.56,2.13,158,66,144,14,Terlambat,0.0,1.0
MHS023978,2021,,2.81,3.42,148,59,144,4,Terlambat,0.0814,0.9186
MHS024075,2020,,2.58,2.59,148,56,144,4,Terlambat,0.0,1.0
MHS024114,2022,,2.83,3.2,144,55,144,0,Terlambat,0.0299,0.9701
MHS024468,2021,,2.8,3.06,148,61,144,4,Terlambat,0.019,0.981
MHS018834,2022,,3.26,1.89,124,49,144,-20,Terlambat,0.002,0.998
MHS018955,2024,,3.21,1.79,59,22,95,-36,Tepat Waktu,1.0,0.0
MHS019297,2023,,3.26,2.87,106,44,135,-29,Tepat Waktu,1.0,0.0
MHS019704,2024,,3.23,2.48,59,22,95,-36,Tepat Waktu,1.0,0.0
MHS019961,2021,,3.2,3.18,151,60,144,7,Terlambat,0.465,0.535
MHS020087,2023,,3.17,2.25,98,40,135,-37,Tepat Waktu,1.0,0.0
MHS020250,2024,,3.33,2.34,58,23,95,-37,Tepat Waktu,1.0,0.0
MHS020932,2024,,3.32,2.2,61,28,95,-34,Tepat Waktu,1.0,0.0
MHS020999,2022,,3.12,3.51,148,61,144,4,Terlambat,0.4219,0.5781
MHS021444,2022,,3.56,3.56,149,55,144,5,Tepat Waktu,0.7163,0.2837
MHS021705,2022,,3.14,3.25,145,57,144,1,Terlambat,0.2818,0.7182
MHS022613,2023,,3.33,2.4,96,37,135,-39,Tepat Waktu,1.0,0.0
MHS023105,2023,,3.43,3.1,110,51,135,-25,Tepat Waktu,1.0,0.0
MHS023212,2024,,3.4,2.25,59,23,95,-36,Tepat Waktu,1.0,0.0
MHS023724,2020,,2.15,2.16,145,56,144,1,Terlambat,0.0,1.0
MHS023766,2022,,2.83,2.88,147,55,144,3,Terlambat,0.0029,0.9971
MHS024003,2022,,2.83,2.98,144,58,144,0,Terlambat,0.012,0.988
MHS024204,2024,,3.54,2.19,58,26,95,-37,Tepat Waktu,1.0,0.0
MHS024560,2020,,2.89,3.12,145,68,144,1,Terlambat,0.3841,0.6159
MHS019979,2022,,3.5,1.46,124,46,144,-20,Terlambat,0.0,1.0
MHS020335,2023,,3.17,2.03,98,40,135,-37,Tepat Waktu,1.0,0.0
MHS020521,2023,,3.32,2.77,106,43,135,-29,Tepat Waktu,1.0,0.0
MHS020548,2023,,3.25,2.52,102,39,135,-33,Tepat Waktu,1.0,0.0
MHS020822,2024,,3.3,1.44,18,7,95,-77,Tepat Waktu,1.0,0.0
MHS020854,2020,,2.62,2.62,152,62,144,8,Terlambat,0.0002,0.9998
MHS021114,2022,,3.17,3.32,149,56,144,5,Terlambat,0.3799,0.6201
MHS021135,2023,,3.35,3.0,103,40,135,-32,Tepat Waktu,1.0,0.0
MHS021281,2019,,2.78,2.8,150,61,144,6,Terlambat,0.002,0.998
MHS021530,2024,,3.31,2.68,60,27,95,-35,Tepat Waktu,1.0,0.0
MHS021577,2024,,3.38,2.33,54,19,95,-41,Tepat Waktu,1.0,0.0
MHS023638,2024,,3.39,2.5,60,23,95,-35,Tepat Waktu,1.0,0.0
MHS023692,2021,,2.85,2.85,149,58,144,5,Terlambat,0.0066,0.9934
MHS023885,2023,,3.47,2.92,103,43,135,-32,Tepat Waktu,1.0,0.0
MHS023923,2023,,3.49,2.39,104,38,135,-31,Tepat Waktu,1.0,0.0
MHS024071,2022,,2.83,3.11,144,55,144,0,Terlambat,0.0275,0.9725
MHS024139,2024,,3.46,2.47,59,23,95,-36,Tepat Waktu,1.0,0.0
MHS024319,2023,,3.5,2.86,105,44,135,-30,Tepat Waktu,1.0,0.0
MHS024322,2022,,2.73,3.06,146,55,144,2,Terlambat,0.0078,0.9922
MHS024403,2022,,2.76,3.11,147,55,144,3,Terlambat,0.0089,0.9911
MHS024408,2023,,3.39,2.15,100,38,135,-35,Tepat Waktu,1.0,0.0
MHS024514,2022,,2.73,2.73,147,58,144,3,Terlambat,0.0003,0.9997
MHS018630,2023,,3.19,2.22,97,38,135,-38,Tepat Waktu,1.0,0.0
MHS019256,2022,,3.22,2.55,134,53,144,-10,Terlambat,0.0279,0.9721
MHS019585,2023,,3.2,2.89,107,43,135,-28,Tepat Waktu,1.0,0.0
MHS020622,2024,,3.26,0.0,18,7,95,-77,Tepat Waktu,1.0,0.0
MHS020660,2024,,3.27,2.06,59,23,95,-36,Tepat Waktu,1.0,0.0
MHS021615,2022,,3.03,3.22,148,60,144,4,Terlambat,0.1268,0.8732
MHS022740,2024,,3.46,2.63,58,26,95,-37,Tepat Waktu,1.0,0.0
MHS023107,2022,,3.03,3.31,145,51,144,1,Terlambat,0.2167,0.7833
MHS023188,2022,,3.49,3.49,142,55,144,-2,Tepat Waktu,0.8158,0.1842
MHS023377,2023,,3.47,3.13,107,39,135,-28,Tepat Waktu,1.0,0.0
MHS023637,2022,,2.86,3.15,146,62,144,2,Terlambat,0.0413,0.9587
MHS023681,2022,,2.83,2.98,146,55,144,2,Terlambat,0.0101,0.9899
MHS024235,2024,,3.42,2.48,57,22,95,-38,Tepat Waktu,1.0,0.0
MHS024251,2019,,2.39,2.39,149,62,144,5,Terlambat,0.0,1.0
MHS019375,2023,,3.25,2.64,104,37,135,-31,Tepat Waktu,1.0,0.0
MHS019699,2021,,2.77,2.77,153,61,144,9,Terlambat,0.0028,0.9972
MHS020226,2022,,3.86,3.57,148,62,144,4,Tepat Waktu,0.8628,0.1372
MHS020494,2022,,3.17,3.19,148,60,144,4,Terlambat,0.288,0.712
MHS021514,2022,,3.03,3.38,148,60,144,4,Terlambat,0.217,0.783
MHS021676,2022,,3.14,3.24,145,68,144,1,Tepat Waktu,0.7782,0.2218
MHS022168,2023,,3.25,2.22,100,38,135,-35,Tepat Waktu,1.0,0.0
MHS023504,2024,,3.29,2.75,62,29,95,-33,Tepat Waktu,1.0,0.0
MHS024079,2024,,3.2,2.18,17,6,95,-78,Tepat Waktu,1.0,0.0
MHS024294,2021,,2.81,2.82,145,58,144,1,Terlambat,0.0036,0.9964
MHS024385,2022,,3.29,2.49,126,53,144,-18,Tepat Waktu,0.756,0.244
MHS024526,2021,,3.11,3.1,151,59,144,7,Terlambat,0.2405,0.7595
MHS018801,2023,,3.2,1.93,94,37,135,-41,Tepat Waktu,1.0,0.0
MHS018907,2024,,3.27,2.07,58,23,95,-37,Tepat Waktu,1.0,0.0
MHS019261,2023,,3.2,2.23,97,39,135,-38,Tepat Waktu,1.0,0.0
MHS019480,2022,,3.19,2.78,142,54,144,-2,Terlambat,0.0182,0.9818
MHS019893,2019,,2.27,2.14,153,62,144,9,Terlambat,0.0,1.0
MHS020347,2022,,3.24,2.66,140,53,144,-4,Terlambat,0.0114,0.9886
MHS020710,2023,,3.31,2.65,104,40,135,-31,Tepat Waktu,1.0,0.0
MHS020848,2023,,3.33,3.09,106,43,135,-29,Tepat Waktu,1.0,0.0
MHS021261,2021,,2.61,2.65,155,64,144,11,Terlambat,0.0006,0.9994
MHS021804,2022,,3.83,3.61,145,58,144,1,Tepat Waktu,0.8123,0.1877
MHS021983,2023,,3.31,2.86,99,43,135,-36,Tepat Waktu,1.0,0.0
MHS022071,2023,,3.36,3.18,108,42,135,-27,Tepat Waktu,1.0,0.0
MHS022547,2022,,3.04,3.05,145,58,144,1,Terlambat,0.0478,0.9522
MHS023008,2024,,3.4,2.83,59,23,95,-36,Tepat Waktu,1.0,0.0
MHS023354,2021,,3.1,3.08,150,56,144,6,Terlambat,0.1179,0.8821
MHS024042,2024,,3.4,2.05,56,25,95,-39,Tepat Waktu,1.0,0.0
MHS024175,2024,,3.65,2.83,54,19,95,-41,Tepat Waktu,1.0,0.0
MHS024304,2022,,2.72,2.9,144,53,144,0,Terlambat,0.0019,0.9981
MHS024374,2022,,2.76,3.42,147,60,144,3,Terlambat,0.0624,0.9376
MHS024507,2021,,2.89,2.88,145,57,144,1,Terlambat,0.0071,0.9929
MHS018793,2022,,2.89,2.89,151,61,144,7,Terlambat,0.0147,0.9853
MHS019129,2023,,3.24,2.43,104,40,135,-31,Tepat Waktu,1.0,0.0
MHS019916,2024,,3.15,2.51,62,23,95,-33,Tepat Waktu,1.0,0.0
MHS020238,2021,,2.79,2.81,157,60,144,13,Terlambat,0.0215,0.9785
MHS020670,2024,,3.26,0.44,18,7,95,-77,Tepat Waktu,1.0,0.0
MHS021373,2022,,3.2,2.27,141,53,144,-3,Terlambat,0.0001,0.9999
MHS021541,2020,,2.92,2.93,151,60,144,7,Terlambat,0.0225,0.9775
MHS022420,2023,,3.36,1.5,95,35,135,-40,Tepat Waktu,1.0,0.0
MHS023348,2024,,3.36,2.11,57,22,95,-38,Tepat Waktu,1.0,0.0
MHS023484,2022,,2.87,3.04,147,58,144,3,Terlambat,0.0139,0.9861
MHS024208,2020,,2.27,2.27,145,68,144,1,Terlambat,0.0,1.0
MHS024278,2022,,2.58,2.58,144,58,144,0,Terlambat,0.0,1.0
MHS018566,2024,,3.26,2.33,58,24,95,-37,Tepat Waktu,1.0,0.0
MHS018738,2024,,3.11,2.18,62,23,95,-33,Tepat Waktu,1.0,0.0
MHS019091,2023,,3.16,2.24,99,37,135,-36,Tepat Waktu,1.0,0.0
MHS019122,2023,,3.25,2.8,103,45,135,-32,Tepat Waktu,1.0,0.0
MHS020054,2022,,3.16,3.16,148,57,144,4,Terlambat,0.1471,0.8529
MHS020815,2024,,3.28,2.22,59,23,95,-36,Tepat Waktu,1.0,0.0
MHS020858,2022,,2.97,2.98,148,60,144,4,Terlambat,0.0333,0.9667
MHS021146,2024,,3.26,2.06,57,22,95,-38,Tepat Waktu,1.0,0.0
MHS021609,2022,,3.24,3.04,142,53,144,-2,Terlambat,0.2445,0.7555
MHS021850,2023,,3.36,2.5,104,43,135,-31,Tepat Waktu,1.0,0.0
MHS023191,2024,,3.25,2.64,62,29,95,-33,Tepat Waktu,1.0,0.0
MHS023253,2020,,1.49,1.49,149,61,144,5,Terlambat,0.0,1.0
MHS023355,2022,,2.89,2.89,145,68,144,1,Terlambat,0.0476,0.9524
MHS023414,2022,,2.88,3.25,147,56,144,3,Terlambat,0.0676,0.9324
MHS023419,2020,,2.95,2.64,153,60,144,9,Terlambat,0.004,0.996
MHS023429,2021,,2.54,2.55,148,59,144,4,Terlambat,0.0,1.0
MHS023513,2024,,3.43,2.38,59,23,95,-36,Tepat Waktu,1.0,0.0
MHS023615,2023,,3.36,2.24,100,38,135,-35,Tepat Waktu,1.0,0.0
MHS023875,2022,,2.83,3.15,147,51,144,3,Terlambat,0.0294,0.9706
MHS024121,2022,,3.44,3.13,128,47,144,-16,Tepat Waktu,0.9995,0.0005
MHS018849,2022,,3.11,3.65,154,57,144,10,Tepat Waktu,0.5864,0.4136
MHS019348,2023,,3.29,2.56,101,44,135,-34,Tepat Waktu,1.0,0.0
MHS019652,2024,,3.29,2.24,58,22,95,-37,Tepat Waktu,1.0,0.0
MHS021132,2023,,3.77,1.34,80,34,135,-55,Tepat Waktu,1.0,0.0
MHS021688,2022,,3.14,3.14,145,59,144,1,Terlambat,0.1999,0.8001
MHS021764,2024,,3.29,1.51,56,24,95,-39,Tepat Waktu,1.0,0.0
MHS021895,2022,,3.13,3.15,145,58,144,1,Terlambat,0.1329,0.8671
MHS021991,2024,,3.33,2.17,60,25,95,-35,Tepat Waktu,1.0,0.0
MHS022493,2019,,2.75,2.23,153,59,144,9,Terlambat,0.0,1.0
MHS022580,2024,,3.43,2.13,58,26,95,-37,Tepat Waktu,1.0,0.0
MHS022688,2022,,2.89,3.41,148,57,144,4,Terlambat,0.0876,0.9124
MHS023324,2022,,3.47,2.9,136,52,144,-8,Tepat Waktu,0.5113,0.4887
MHS023342,2022,,2.78,2.78,146,56,144,2,Terlambat,0.0012,0.9988
MHS023554,2020,,2.15,2.15,145,58,144,1,Terlambat,0.0,1.0
MHS023562,2022,,3.11,3.18,144,58,144,0,Terlambat,0.2135,0.7865
MHS023572,2022,,2.87,2.89,144,55,144,0,Terlambat,0.0051,0.9949
MHS024011,2023,,3.43,1.76,98,35,135,-37,Tepat Waktu,1.0,0.0
MHS024165,2024,,3.46,1.89,55,21,95,-40,Tepat Waktu,1.0,0.0
MHS024323,2021,,2.35,2.35,149,57,144,5,Terlambat,0.0,1.0
MHS018996,2023,,3.2,1.46,94,39,135,-41,Tepat Waktu,1.0,0.0
MHS020350,2020,,3.33,1.93,169,71,144,25,Terlambat,0.0609,0.9391
MHS020614,2019,,1.94,1.95,151,63,144,7,Terlambat,0.0,1.0
MHS021096,2022,,3.11,3.49,148,58,144,4,Terlambat,0.4241,0.5759
MHS021176,2024,,3.26,2.2,57,22,95,-38,Tepat Waktu,1.0,0.0
MHS021814,2024,,3.29,1.59,56,22,95,-39,Tepat Waktu,1.0,0.0
MHS021879,2024,,3.39,2.38,58,25,95,-37,Tepat Waktu,1.0,0.0
MHS022241,2022,,3.89,3.51,145,59,144,1,Tepat Waktu,0.7923,0.2077
MHS023100,2023,,3.36,2.29,97,42,135,-38,Tepat Waktu,1.0,0.0
MHS023243,2020,,1.79,1.84,149,56,144,5,Terlambat,0.0,1.0
MHS023567,2022,,3.4,3.4,143,55,144,-1,Tepat Waktu,0.7072,0.2928
MHS023744,2020,,2.83,2.97,148,61,144,4,Terlambat,0.0137,0.9863
MHS023953,2019,,2.39,2.39,149,56,144,5,Terlambat,0.0,1.0
MHS024118,2022,,2.78,3.0,146,55,144,2,Terlambat,0.0078,0.9922
MHS024461,2024,,3.43,2.24,57,22,95,-38,Tepat Waktu,1.0,0.0
MHS018592,2022,,3.29,2.41,136,55,144,-8,Terlambat,0.0034,0.9966
MHS019145,2024,,3.27,2.29,58,23,95,-37,Tepat Waktu,1.0,0.0
MHS020007,2019,,2.7,2.67,153,59,144,9,Terlambat,0.0004,0.9996
MHS020182,2022,,3.19,3.31,148,57,144,4,Terlambat,0.288,0.712
MHS020724,2021,,2.72,2.72,150,61,144,6,Terlambat,0.0007,0.9993
MHS020964,2024,,3.3,2.65,55,22,95,-40,Tepat Waktu,1.0,0.0
MHS021029,2024,,3.31,2.24,55,22,95,-40,Tepat Waktu,1.0,0.0
MHS021499,2024,,3.38,1.74,58,21,95,-37,Tepat Waktu,1.0,0.0
MHS021718,2021,,2.36,2.44,152,56,144,8,Terlambat,0.0,1.0
MHS021865,2023,,3.39,2.85,106,41,135,-29,Tepat Waktu,1.0,0.0
MHS022068,2024,,3.3,2.13,56,22,95,-39,Tepat Waktu,1.0,0.0
MHS022112,2021,,3.13,3.12,153,63,144,9,Terlambat,0.4167,0.5833
MHS022292,2023,,3.38,2.77,104,43,135,-31,Tepat Waktu,1.0,0.0
MHS022325,2021,,3.06,3.05,149,59,144,5,Terlambat,0.0829,0.9171
MHS022880,2023,,3.29,2.66,100,39,135,-35,Tepat Waktu,1.0,0.0
MHS022943,2024,,3.33,2.56,57,22,95,-38,Tepat Waktu,1.0,0.0
MHS023357,2024,,3.36,2.15,57,22,95,-38,Tepat Waktu,1.0,0.0
MHS023926,2024,,3.41,2.55,60,23,95,-35,Tepat Waktu,1.0,0.0
MHS023976,2021,,2.83,2.83,145,55,144,1,Terlambat,0.0045,0.9955
MHS024017,2022,,2.78,3.74,146,55,144,2,Terlambat,0.0559,0.9441
MHS024037,2023,,3.03,1.11,81,35,135,-54,Tepat Waktu,1.0,0.0
MHS024183,2019,,2.85,1.93,159,62,144,15,Terlambat,0.0,1.0
MHS024302,2023,,3.4,1.94,96,40,135,-39,Tepat Waktu,1.0,0.0
MHS024399,2021,,2.77,2.67,152,63,144,8,Terlambat,0.0012,0.9988
MHS018697,2023,,3.17,2.83,107,43,135,-28,Tepat Waktu,1.0,0.0
MHS018735,2023,,3.26,1.84,101,38,135,-34,Tepat Waktu,1.0,0.0
MHS019057,2023,,3.19,2.43,102,42,135,-33,Tepat Waktu,1.0,0.0
MHS019308,2022,,3.08,3.24,154,61,144,10,Terlambat,0.3841,0.6159
MHS019739,2021,,2.69,2.68,152,60,144,8,Terlambat,0.0006,0.9994
MHS020058,2024,,3.23,1.99,57,22,95,-38,Tepat Waktu,1.0,0.0
MHS020531,2022,,3.19,3.19,149,59,144,5,Terlambat,0.2181,0.7819
MHS020564,2023,,3.38,2.51,101,44,135,-34,Tepat Waktu,1.0,0.0
MHS020910,2021,,3.02,3.02,154,59,144,10,Terlambat,0.1744,0.8256
MHS021115,2022,,3.16,3.28,41,15,144,-103,Tepat Waktu,1.0,0.0
MHS021124,2023,,3.35,2.89,103,40,135,-32,Tepat Waktu,1.0,0.0
MHS021254,2024,,3.27,2.09,56,24,95,-39,Tepat Waktu,1.0,0.0
MHS021506,2022,,3.56,3.52,149,59,144,5,Tepat Waktu,0.8007,0.1993
MHS021680,2022,,3.03,3.08,148,60,144,4,Terlambat,0.0618,0.9382
MHS021942,2021,,2.51,2.45,153,65,144,9,Terlambat,0.0,1.0
MHS021958,2020,,2.73,2.64,153,58,144,9,Terlambat,0.0006,0.9994
MHS022335,2021,,2.97,2.96,159,63,144,15,Terlambat,0.4283,0.5717
MHS022431,2023,,3.43,2.63,105,41,135,-30,Tepat Waktu,1.0,0.0
MHS022618,2022,,2.89,3.37,148,56,144,4,Terlambat,0.1133,0.8867
MHS023300,2022,,2.89,3.5,147,58,144,3,Terlambat,0.1081,0.8919
MHS023403,2022,,2.77,2.77,145,59,144,1,Terlambat,0.0012,0.9988
MHS023919,2022,,2.56,2.55,144,55,144,0,Terlambat,0.0,1.0
MHS023935,2022,,3.33,3.17,142,58,144,-2,Terlambat,0.3723,0.6277
MHS024032,2022,,2.83,3.13,144,54,144,0,Terlambat,0.0326,0.9674
MHS024147,2023,,3.44,2.62,108,43,135,-27,Tepat Waktu,1.0,0.0
MHS024188,2022,,2.83,2.89,144,53,144,0,Terlambat,0.0066,0.9934
MHS024341,2024,,3.42,1.89,56,23,95,-39,Tepat Waktu,1.0,0.0
MHS018959,2022,,3.25,3.24,143,58,144,-1,Terlambat,0.3463,0.6537
MHS019283,2023,,3.2,2.89,102,42,135,-33,Tepat Waktu,1.0,0.0
MHS019777,2020,,2.28,2.18,150,63,144,6,Terlambat,0.0,1.0
MHS020510,2019,,2.28,2.29,150,55,144,6,Terlambat,0.0,1.0
MHS020606,2024,,3.26,2.21,59,23,95,-36,Tepat Waktu,1.0,0.0
MHS020900,2022,,3.14,3.39,148,60,144,4,Terlambat,0.4443,0.5557
MHS021374,2019,,2.35,2.29,159,64,144,15,Terlambat,0.0,1.0
MHS021795,2022,,2.58,1.69,112,45,144,-32,Terlambat,0.3515,0.6485
MHS021844,2022,,2.68,2.68,145,56,144,1,Terlambat,0.0002,0.9998
MHS022511,2023,,3.39,2.82,104,43,135,-31,Tepat Waktu,1.0,0.0
MHS022670,2021,,2.53,2.49,149,58,144,5,Terlambat,0.0,1.0
MHS022758,2022,,3.45,3.44,143,55,144,-1,Tepat Waktu,0.754,0.246
MHS022794,2024,,3.36,2.58,60,23,95,-35,Tepat Waktu,1.0,0.0
MHS023117,2021,,2.97,3.0,153,61,144,9,Terlambat,0.1172,0.8828
MHS023216,2023,,3.47,2.73,106,41,135,-29,Tepat Waktu,1.0,0.0
MHS023515,2022,,2.89,3.44,146,56,144,2,Terlambat,0.1347,0.8653
MHS023618,2021,,2.69,2.69,145,57,144,1,Terlambat,0.0002,0.9998
MHS023652,2023,,3.44,2.01,90,41,135,-45,Tepat Waktu,1.0,0.0
MHS024083,2024,,3.53,2.58,58,24,95,-37,Tepat Waktu,1.0,0.0
MHS024239,2024,,3.42,2.26,57,22,95,-38,Tepat Waktu,1.0,0.0
MHS024378,2023,,3.45,2.41,99,42,135,-36,Tepat Waktu,1.0,0.0
MHS024489,2020,,2.35,2.32,150,60,144,6,Terlambat,0.0,1.0
MHS018433,2024,,3.19,2.31,59,23,95,-36,Tepat Waktu,1.0,0.0
MHS018517,2023,,3.17,2.23,97,38,135,-38,Tepat Waktu,1.0,0.0
MHS019672,2020,,2.84,2.84,154,60,144,10,Terlambat,0.0112,0.9888
MHS020105,2022,,3.13,2.31,127,48,144,-17,Terlambat,0.1303,0.8697
MHS020824,2023,,3.42,1.89,93,35,135,-42,Tepat Waktu,1.0,0.0
MHS020884,2024,,3.16,2.08,62,23,95,-33,Tepat Waktu,1.0,0.0
MHS021619,2022,,3.92,3.53,148,61,144,4,Tepat Waktu,0.8209,0.1791
MHS022004,2024,,3.3,1.67,56,22,95,-39,Tepat Waktu,1.0,0.0
MHS022163,2024,,3.33,2.56,60,25,95,-35,Tepat Waktu,1.0,0.0
MHS022164,2020,,2.81,2.82,151,60,144,7,Terlambat,0.006,0.994
MHS022192,2023,,3.45,2.57,101,39,135,-34,Tepat Waktu,1.0,0.0
MHS022875,2024,,3.54,2.57,54,19,95,-41,Tepat Waktu,1.0,0.0
MHS023078,2023,,3.5,2.29,101,41,135,-34,Tepat Waktu,1.0,0.0
MHS023238,2024,,3.34,2.27,57,22,95,-38,Tepat Waktu,1.0,0.0
MHS023269,2024,,3.49,1.94,58,24,95,-37,Tepat Waktu,1.0,0.0
MHS023461,2021,,2.86,3.0,148,58,144,4,Terlambat,0.0146,0.9854
MHS023544,2022,,2.86,3.51,147,69,144,3,Tepat Waktu,0.668,0.332
MHS023815,2023,,3.37,2.33,100,38,135,-35,Tepat Waktu,1.0,0.0
MHS023897,2022,,2.56,1.4,113,49,144,-31,Terlambat,0.0,1.0
MHS023947,2022,,2.83,3.08,144,56,144,0,Terlambat,0.0225,0.9775
MHS024010,2024,,3.46,2.11,55,21,95,-40,Tepat Waktu,1.0,0.0
MHS024491,2022,,3.53,2.41,139,51,144,-5,Terlambat,0.0033,0.9967
MHS024524,2023,,3.46,2.78,108,47,135,-27,Tepat Waktu,1.0,0.0
MHS019584,2022,,3.35,2.45,136,52,144,-8,Terlambat,0.0091,0.9909
MHS020626,2023,,3.32,1.92,94,37,135,-41,Tepat Waktu,1.0,0.0
MHS021039,2023,,3.19,2.7,74,28,135,-61,Tepat Waktu,1.0,0.0
MHS021480,2022,,2.55,2.55,145,59,144,1,Terlambat,0.0,1.0
MHS021531,2023,,3.34,2.55,104,40,135,-31,Tepat Waktu,1.0,0.0
MHS022558,2022,,2.53,2.53,145,60,144,1,Terlambat,0.0,1.0
MHS022769,2022,,3.03,3.21,145,55,144,1,Terlambat,0.1514,0.8486
MHS022788,2022,,3.47,2.33,136,51,144,-8,Terlambat,0.0028,0.9972
MHS022882,2022,,3.3,2.87,142,58,144,-2,Terlambat,0.0607,0.9393
MHS022895,2022,,2.87,2.98,148,56,144,4,Terlambat,0.0134,0.9866
MHS023274,2024,,3.36,2.06,56,25,95,-39,Tepat Waktu,1.0,0.0
MHS023338,2022,,2.78,2.78,145,55,144,1,Terlambat,0.0009,0.9991
MHS023424,2021,,2.86,2.99,148,61,144,4,Terlambat,0.028,0.972
MHS023476,2024,,3.51,1.54,58,26,95,-37,Tepat Waktu,1.0,0.0
MHS023670,2021,,2.49,2.49,145,54,144,1,Terlambat,0.0,1.0
MHS024065,2024,,3.4,1.8,56,23,95,-39,Tepat Waktu,1.0,0.0
MHS024463,2024,,3.48,2.75,59,23,95,-36,Tepat Waktu,1.0,0.0
MHS018576,2021,,2.47,2.48,150,59,144,6,Terlambat,0.0,1.0
MHS018719,2024,,3.19,2.5,59,23,95,-36,Tepat Waktu,1.0,0.0
MHS019040,2023,,3.15,2.75,100,41,135,-35,Tepat Waktu,1.0,0.0
MHS019049,2021,,2.97,2.96,150,63,144,6,Terlambat,0.0782,0.9218
MHS019647,2022,,3.22,3.22,143,56,144,-1,Terlambat,0.287,0.713
MHS019762,2022,,3.13,1.93,114,40,144,-30,Tepat Waktu,0.9997,0.0003
MHS020066,2023,,2.95,2.01,91,34,135,-44,Tepat Waktu,1.0,0.0
MHS020172,2022,,3.24,2.34,134,58,144,-10,Terlambat,0.0017,0.9983
MHS020429,2024,,3.24,1.42,57,22,95,-38,Tepat Waktu,1.0,0.0
MHS020774,2022,,3.17,3.29,148,60,144,4,Terlambat,0.3925,0.6075
MHS020924,2022,,3.12,3.28,148,57,144,4,Terlambat,0.2783,0.7217
MHS021358,2022,,3.05,3.34,148,60,144,4,Terlambat,0.293,0.707
MHS022115,2024,,3.35,2.59,59,23,95,-36,Tepat Waktu,1.0,0.0
MHS022632,2021,,2.83,2.84,151,60,144,7,Terlambat,0.0052,0.9948
MHS022704,2023,,3.34,2.52,102,39,135,-33,Tepat Waktu,1.0,0.0
MHS022820,2024,,3.32,2.16,57,22,95,-38,Tepat Waktu,1.0,0.0
MHS022857,2022,,3.01,2.17,122,51,144,-22,Terlambat,0.246,0.754
MHS022870,2023,,3.33,1.91,96,36,135,-39,Tepat Waktu,1.0,0.0
MHS023040,2023,,3.32,2.61,100,39,135,-35,Tepat Waktu,1.0,0.0
MHS023564,2022,,2.86,3.06,146,59,144,2,Terlambat,0.0161,0.9839
MHS023865,2022,,2.83,2.83,144,57,144,0,Terlambat,0.0022,0.9978
MHS024203,2024,,3.47,2.7,59,23,95,-36,Tepat Waktu,1.0,0.0
MHS024220,2022,,2.79,2.79,144,54,144,0,Terlambat,0.0012,0.9988
MHS019168,2022,,3.27,2.52,135,54,144,-9,Terlambat,0.0138,0.9862
MHS019346,2021,,2.67,1.52,121,49,144,-23,Terlambat,0.0,1.0
MHS019381,2024,,3.2,2.03,56,25,95,-39,Tepat Waktu,1.0,0.0
MHS019465,2020,,2.5,2.49,157,59,144,13,Terlambat,0.0,1.0
MHS020426,2024,,3.33,2.08,58,23,95,-37,Tepat Waktu,1.0,0.0
MHS020623,2020,,2.42,2.36,153,62,144,9,Terlambat,0.0,1.0
MHS020797,2023,,3.39,2.01,93,35,135,-42,Tepat Waktu,1.0,0.0
MHS021004,2023,,3.33,2.03,94,37,135,-41,Tepat Waktu,1.0,0.0
MHS021583,2022,,3.17,3.31,149,61,144,5,Terlambat,0.4609,0.5391
MHS021758,2024,,3.32,2.55,60,23,95,-35,Tepat Waktu,1.0,0.0
MHS022067,2022,,2.94,3.46,148,55,144,4,Terlambat,0.1358,0.8642
MHS022119,2023,,3.4,2.22,94,38,135,-41,Tepat Waktu,1.0,0.0
MHS022147,2020,,2.75,2.7,154,61,144,10,Terlambat,0.0016,0.9984
MHS022214,2021,,2.88,2.85,153,66,144,9,Terlambat,0.0646,0.9354
MHS022569,2024,,3.3,2.28,57,22,95,-38,Tepat Waktu,1.0,0.0
MHS023209,2020,,2.56,2.58,149,56,144,5,Terlambat,0.0,1.0
MHS023225,2023,,3.53,2.46,101,40,135,-34,Tepat Waktu,1.0,0.0
MHS023255,2024,,3.41,2.45,59,23,95,-36,Tepat Waktu,1.0,0.0
MHS023532,2022,,2.86,3.53,147,69,144,3,Tepat Waktu,0.6754,0.3246
MHS023780,2022,,3.58,3.55,141,54,144,-3,Tepat Waktu,0.8801,0.1199
MHS023981,2021,,2.78,2.78,149,58,144,5,Terlambat,0.002,0.998
MHS024216,2023,,3.53,2.76,106,41,135,-29,Tepat Waktu,1.0,0.0
MHS024343,2022,,2.76,3.31,147,69,144,3,Terlambat,0.3391,0.6609
MHS024373,2024,,3.47,2.48,59,23,95,-36,Tepat Waktu,1.0,0.0
MHS024410,2022,,2.76,2.82,147,58,144,3,Terlambat,0.0015,0.9985
MHS018720,2023,,3.18,2.89,107,43,135,-28,Tepat Waktu,1.0,0.0
MHS019752,2023,,3.32,2.63,101,44,135,-34,Tepat Waktu,1.0,0.0
MHS020043,2023,,3.29,2.87,103,45,135,-32,Tepat Waktu,1.0,0.0
MHS020482,2022,,3.04,3.04,148,62,144,4,Terlambat,0.0682,0.9318
MHS021904,2022,,3.13,3.24,145,59,144,1,Terlambat,0.2857,0.7143
MHS022571,2023,,3.47,2.91,101,39,135,-34,Tepat Waktu,1.0,0.0
MHS022578,2022,,3.06,3.2,145,58,144,1,Terlambat,0.1725,0.8275
MHS022586,2022,,3.06,3.39,145,51,144,1,Terlambat,0.3993,0.6007
MHS023229,2024,,3.42,2.17,61,24,95,-34,Tepat Waktu,1.0,0.0
MHS023392,2022,,3.43,2.76,135,54,144,-9,Terlambat,0.3383,0.6617
MHS023660,2022,,2.85,3.6,146,57,144,2,Terlambat,0.1327,0.8673
MHS023798,2021,,2.92,3.05,145,53,144,1,Terlambat,0.0546,0.9454
MHS024244,2021,,2.39,2.38,148,59,144,4,Terlambat,0.0,1.0
MHS018772,2023,,3.14,2.26,100,37,135,-35,Tepat Waktu,1.0,0.0
MHS019307,2020,,2.92,2.92,151,60,144,7,Terlambat,0.0313,0.9687
MHS020078,2021,,2.87,2.86,152,61,144,8,Terlambat,0.0171,0.9829
MHS020126,2023,,3.3,3.0,106,42,135,-29,Tepat Waktu,1.0,0.0
MHS020941,2024,,3.3,1.37,55,22,95,-40,Tepat Waktu,1.0,0.0
MHS020946,2021,,2.77,2.77,151,59,144,7,Terlambat,0.0015,0.9985
MHS021181,2024,,3.29,3.14,59,23,95,-36,Tepat Waktu,1.0,0.0
MHS021362,2024,,3.37,2.4,58,23,95,-37,Tepat Waktu,1.0,0.0
MHS021402,2023,,3.26,1.51,95,40,135,-40,Tepat Waktu,1.0,0.0
MHS021430,2023,,3.42,2.68,101,39,135,-34,Tepat Waktu,1.0,0.0
MHS021572,2022,,2.73,2.73,145,54,144,1,Terlambat,0.0006,0.9994
MHS021674,2023,,3.37,1.51,94,36,135,-41,Tepat Waktu,1.0,0.0
MHS021901,2022,,2.97,2.96,148,57,144,4,Terlambat,0.0231,0.9769
MHS021953,2020,,2.78,2.78,150,69,144,6,Terlambat,0.0305,0.9695
MHS022534,2023,,3.34,2.8,102,39,135,-33,Tepat Waktu,1.0,0.0
MHS022841,2022,,2.79,2.8,145,59,144,1,Terlambat,0.0019,0.9981
MHS023245,2020,,2.17,2.12,152,64,144,8,Terlambat,0.0,1.0
MHS023369,2021,,2.87,2.83,155,59,144,11,Terlambat,0.0217,0.9783
MHS023465,2021,,3.05,3.05,152,63,144,8,Terlambat,0.1928,0.8072
MHS023863,2021,,2.83,2.87,148,58,144,4,Terlambat,0.0063,0.9937
MHS024115,2022,,3.9,3.7,144,54,144,0,Tepat Waktu,0.749,0.251
MHS024124,2023,,3.44,2.45,99,42,135,-36,Tepat Waktu,1.0,0.0
MHS019340,2024,,3.21,1.4,57,21,95,-38,Tepat Waktu,1.0,0.0
MHS019808,2022,,3.35,1.86,129,50,144,-15,Terlambat,0.0,1.0
MHS020131,2021,,2.94,2.95,151,57,144,7,Terlambat,0.0341,0.9659
MHS021385,2022,,2.73,2.1,121,53,144,-23,Terlambat,0.0252,0.9748
MHS021727,2020,,2.63,2.55,151,60,144,7,Terlambat,0.0001,0.9999
MHS021807,2021,,2.78,2.78,150,59,144,6,Terlambat,0.0016,0.9984
MHS022451,2023,,3.33,2.71,102,36,135,-33,Tepat Waktu,1.0,0.0
MHS023420,2022,,2.89,3.71,146,59,144,2,Terlambat,0.135,0.865
MHS023892,2021,,2.92,3.04,145,60,144,1,Terlambat,0.0366,0.9634
MHS024089,2022,,2.83,3.04,144,54,144,0,Terlambat,0.0124,0.9876
MHS024574,2021,,2.72,2.41,151,61,144,7,Terlambat,0.0,1.0
MHS019653,2024,,3.2,1.94,55,24,95,-40,Tepat Waktu,1.0,0.0
MHS021173,2024,,3.33,2.12,55,22,95,-40,Tepat Waktu,1.0,0.0
MHS021392,2019,,2.28,2.18,150,65,144,6,Terlambat,0.0,1.0
MHS021573,2024,,3.28,2.14,57,22,95,-38,Tepat Waktu,1.0,0.0
MHS021648,2024,,3.33,1.82,55,21,95,-40,Tepat Waktu,1.0,0.0
MHS022043,2023,,3.34,1.98,95,39,135,-40,Tepat Waktu,1.0,0.0
MHS022171,2022,,3.12,3.18,145,55,144,1,Terlambat,0.1428,0.8572
MHS022275,2024,,3.36,2.22,59,23,95,-36,Tepat Waktu,1.0,0.0
MHS022862,2024,,3.35,2.21,56,25,95,-39,Tepat Waktu,1.0,0.0
MHS023026,2023,,3.32,2.09,100,38,135,-35,Tepat Waktu,1.0,0.0
MHS023305,2024,,3.35,2.6,57,22,95,-38,Tepat Waktu,1.0,0.0
MHS023390,2024,,3.5,2.11,58,24,95,-37,Tepat Waktu,1.0,0.0
MHS023701,2020,,2.39,2.39,145,57,144,1,Terlambat,0.0,1.0
MHS024164,2024,,3.42,2.37,60,23,95,-35,Tepat Waktu,1.0,0.0
MHS024532,2024,,3.48,2.49,59,26,95,-36,Tepat Waktu,1.0,0.0
MHS018821,2023,,3.23,2.37,104,40,135,-31,Tepat Waktu,1.0,0.0
MHS018884,2023,,3.22,3.0,103,38,135,-32,Tepat Waktu,1.0,0.0
MHS019279,2023,,3.24,2.59,104,40,135,-31,Tepat Waktu,1.0,0.0
MHS020454,2021,,2.2,2.22,152,60,144,8,Terlambat,0.0,1.0
MHS020554,2024,,2.93,1.13,38,14,95,-57,Tepat Waktu,1.0,0.0
MHS021122,2023,,3.34,3.0,103,40,135,-32,Tepat Waktu,1.0,0.0
MHS021151,2023,,3.26,3.05,107,42,135,-28,Tepat Waktu,1.0,0.0
MHS021535,2024,,3.38,2.74,58,23,95,-37,Tepat Waktu,1.0,0.0
MHS021753,2021,,2.88,2.83,153,61,144,9,Terlambat,0.0175,0.9825
MHS021779,2024,,3.33,2.33,59,23,95,-36,Tepat Waktu,1.0,0.0
MHS022247,2022,,3.39,1.82,119,42,144,-25,Tepat Waktu,0.6326,0.3674
MHS022395,2021,,2.99,2.94,149,58,144,5,Terlambat,0.024,0.976
MHS022954,2022,,3.03,3.03,145,54,144,1,Terlambat,0.0406,0.9594
MHS023146,2022,,4.0,3.55,145,66,144,1,Tepat Waktu,0.9313,0.0687
MHS023794,2019,,2.26,2.24,148,56,144,4,Terlambat,0.0,1.0
MHS023854,2024,,3.45,2.3,59,23,95,-36,Tepat Waktu,1.0,0.0
MHS024256,2022,,2.75,3.25,146,55,144,2,Terlambat,0.0174,0.9826
MHS024260,2023,,3.39,2.2,100,38,135,-35,Tepat Waktu,1.0,0.0
MHS024455,2022,,2.72,3.22,144,60,144,0,Terlambat,0.0252,0.9748
MHS019687,2020,,2.73,2.73,152,62,144,8,Terlambat,0.0014,0.9986
MHS020516,2024,,3.24,1.45,56,24,95,-39,Tepat Waktu,1.0,0.0
MHS020550,2023,,3.25,2.14,95,41,135,-40,Tepat Waktu,1.0,0.0
MHS020919,2024,,3.28,2.55,59,23,95,-36,Tepat Waktu,1.0,0.0
MHS021137,2024,,3.26,1.8,56,24,95,-39,Tepat Waktu,1.0,0.0
MHS021301,2023,,3.39,2.54,105,42,135,-30,Tepat Waktu,1.0,0.0
MHS021489,2022,,3.14,3.19,145,58,144,1,Terlambat,0.2337,0.7663
MHS021822,2020,,2.72,2.69,150,60,144,6,Terlambat,0.0007,0.9993
MHS022074,2022,,2.93,3.21,148,57,144,4,Terlambat,0.0548,0.9452
MHS022690,2020,,2.53,1.95,158,60,144,14,Terlambat,0.0,1.0
MHS022770,2024,,3.39,2.63,59,23,95,-36,Tepat Waktu,1.0,0.0
MHS023675,2022,,3.44,2.24,139,54,144,-5,Terlambat,0.0002,0.9998
MHS023927,2022,,2.83,3.1,147,60,144,3,Terlambat,0.0273,0.9727
MHS024142,2022,,2.79,3.68,147,69,144,3,Tepat Waktu,0.575,0.425
MHS024178,2021,,2.79,2.8,145,51,144,1,Terlambat,0.0038,0.9962
MHS024297,2021,,2.66,2.66,145,57,144,1,Terlambat,0.0001,0.9999
MHS018612,2024,,0.25,1.63,59,22,95,-36,Tepat Waktu,1.0,0.0
MHS018662,2023,,3.26,2.64,101,42,135,-34,Tepat Waktu,1.0,0.0
MHS020662,2022,,3.17,3.35,148,60,144,4,Terlambat,0.4483,0.5517
MHS021448,2020,,2.33,2.33,154,58,144,10,Terlambat,0.0,1.0
MHS021781,2024,,3.33,1.79,55,21,95,-40,Tepat Waktu,1.0,0.0
MHS022080,2024,,3.3,2.14,56,22,95,-39,Tepat Waktu,1.0,0.0
MHS022097,2022,,3.13,3.38,145,55,144,1,Terlambat,0.3846,0.6154
MHS022101,2024,,3.41,2.81,58,26,95,-37,Tepat Waktu,1.0,0.0
MHS022519,2020,,2.53,2.51,149,61,144,5,Terlambat,0.0,1.0
MHS022521,2021,,2.97,2.39,157,61,144,13,Terlambat,0.0005,0.9995
MHS023109,2022,,3.03,3.13,145,59,144,1,Terlambat,0.0777,0.9223
MHS023183,2023,,3.42,2.88,104,43,135,-31,Tepat Waktu,1.0,0.0
MHS024377,2024,,3.47,2.57,59,23,95,-36,Tepat Waktu,1.0,0.0
MHS019290,2023,,3.28,2.2,93,40,135,-42,Tepat Waktu,1.0,0.0
MHS020400,2023,,3.24,2.46,102,39,135,-33,Tepat Waktu,1.0,0.0
MHS020697,2023,,3.38,2.23,101,44,135,-34,Tepat Waktu,1.0,0.0
MHS021526,2022,,3.82,3.54,145,65,144,1,Tepat Waktu,0.9306,0.0694
MHS022049,2024,,3.35,2.43,59,23,95,-36,Tepat Waktu,1.0,0.0
MHS022135,2022,,2.9,2.9,148,59,144,4,Terlambat,0.0066,0.9934
MHS022389,2019,,2.75,2.42,153,59,144,9,Terlambat,0.0,1.0
MHS022494,2024,,3.38,2.47,59,23,95,-36,Tepat Waktu,1.0,0.0
MHS022793,2024,,3.23,2.3,62,23,95,-33,Tepat Waktu,1.0,0.0
MHS022799,2022,,2.89,3.16,148,57,144,4,Terlambat,0.0325,0.9675
MHS023034,2020,,2.62,2.62,156,62,144,12,Terlambat,0.0007,0.9993
MHS023157,2024,,3.36,2.14,56,24,95,-39,Tepat Waktu,1.0,0.0
MHS023334,2022,,2.9,3.31,146,55,144,2,Terlambat,0.0687,0.9313
MHS023452,2022,,2.97,3.3,145,58,144,1,Terlambat,0.1107,0.8893
MHS023507,2021,,2.86,3.0,148,61,144,4,Terlambat,0.02,0.98
MHS023610,2024,,3.31,2.58,62,29,95,-33,Tepat Waktu,1.0,0.0
MHS023632,2023,,3.49,2.69,107,41,135,-28,Tepat Waktu,1.0,0.0
MHS023977,2022,,3.43,2.27,128,53,144,-16,Terlambat,0.0475,0.9525
MHS024077,2022,,2.78,3.03,146,55,144,2,Terlambat,0.0097,0.9903
MHS018671,2023,,3.22,2.66,104,42,135,-31,Tepat Waktu,1.0,0.0
MHS018857,2023,,3.15,2.24,99,41,135,-36,Tepat Waktu,1.0,0.0
MHS020083,2022,,3.2,2.6,142,54,144,-2,Terlambat,0.0029,0.9971
MHS020557,2022,,3.17,3.29,148,61,144,4,Terlambat,0.426,0.574
MHS021299,2024,,3.3,2.13,60,23,95,-35,Tepat Waktu,1.0,0.0
MHS022146,2024,,3.41,1.51,58,22,95,-37,Tepat Waktu,1.0,0.0
MHS022462,2022,,3.06,3.44,145,59,144,1,Terlambat,0.2699,0.7301
MHS022605,2022,,3.34,2.79,139,53,144,-5,Terlambat,0.0771,0.9229
MHS023047,2020,,2.93,2.92,150,61,144,6,Terlambat,0.0223,0.9777
MHS023063,2022,,3.03,3.34,145,55,144,1,Terlambat,0.238,0.762
MHS023126,2024,,3.36,1.15,56,24,95,-39,Tepat Waktu,1.0,0.0
MHS023166,2024,,3.58,2.41,54,19,95,-41,Tepat Waktu,1.0,0.0
MHS023478,2024,,3.36,2.58,57,22,95,-38,Tepat Waktu,1.0,0.0
MHS023600,2023,,3.46,2.31,104,45,135,-31,Tepat Waktu,1.0,0.0
MHS024033,2023,,3.49,2.23,104,38,135,-31,Tepat Waktu,1.0,0.0
MHS024090,2020,,2.59,2.56,156,59,144,12,Terlambat,0.0001,0.9999
MHS024275,2022,,2.72,3.2,144,55,144,0,Terlambat,0.0186,0.9814
MHS024328,2019,,1.99,2.12,148,58,144,4,Terlambat,0.0,1.0
MHS024565,2023,,3.53,2.81,106,41,135,-29,Tepat Waktu,1.0,0.0
MHS018570,2022,,3.12,3.56,154,64,144,10,Tepat Waktu,0.7866,0.2134
MHS018710,2024,,3.19,2.02,56,22,95,-39,Tepat Waktu,1.0,0.0
MHS018815,2023,,2.29,2.57,107,43,135,-28,Tepat Waktu,1.0,0.0
MHS018916,2022,,3.18,2.29,134,55,144,-10,Terlambat,0.001,0.999
MHS018924,2023,,3.27,2.53,101,38,135,-34,Tepat Waktu,1.0,0.0
MHS019234,2024,,3.22,2.01,59,22,95,-36,Tepat Waktu,1.0,0.0
MHS019253,2023,,3.19,2.64,102,42,135,-33,Tepat Waktu,1.0,0.0
MHS019513,2023,,3.31,2.45,101,44,135,-34,Tepat Waktu,1.0,0.0
MHS020095,2023,,3.23,2.55,102,40,135,-33,Tepat Waktu,1.0,0.0
MHS020168,2024,,3.23,1.82,57,22,95,-38,Tepat Waktu,1.0,0.0
MHS020310,2023,,3.31,2.84,106,42,135,-29,Tepat Waktu,1.0,0.0
MHS020758,2022,,3.19,3.35,149,57,144,5,Terlambat,0.4314,0.5686
MHS021037,2020,,1.61,1.81,154,62,144,10,Terlambat,0.0,1.0
MHS021282,2023,,3.28,2.42,96,37,135,-39,Tepat Waktu,1.0,0.0
MHS021597,2019,,2.29,2.32,151,53,144,7,Terlambat,0.0,1.0
MHS021846,2022,,3.14,3.46,145,55,144,1,Terlambat,0.3502,0.6498
MHS022108,2021,,2.2,1.78,154,60,144,10,Terlambat,0.0,1.0
MHS022428,2022,,2.86,2.86,145,56,144,1,Terlambat,0.005,0.995
MHS023644,2019,,2.22,2.22,149,59,144,5,Terlambat,0.0,1.0
MHS023649,2022,,2.85,3.8,146,59,144,2,Terlambat,0.0972,0.9028
MHS023725,2022,,3.89,3.74,144,55,144,0,Tepat Waktu,0.7381,0.2619
MHS024135,2021,,3.14,3.27,149,53,144,5,Terlambat,0.4265,0.5735
MHS024151,2021,,2.91,3.55,145,55,144,1,Terlambat,0.2604,0.7396
MHS024179,2020,,2.86,2.85,145,60,144,1,Terlambat,0.0059,0.9941
MHS024193,2023,,3.44,2.67,99,42,135,-36,Tepat Waktu,1.0,0.0
MHS024258,2024,,3.54,2.15,58,24,95,-37,Tepat Waktu,1.0,0.0
MHS024291,2022,,2.78,3.23,147,60,144,3,Terlambat,0.0369,0.9631
MHS018648,2023,,3.11,2.47,98,40,135,-37,Tepat Waktu,1.0,0.0
MHS019447,2021,,2.98,2.98,150,60,144,6,Terlambat,0.0398,0.9602
MHS019524,2024,,3.22,2.8,59,24,95,-36,Tepat Waktu,1.0,0.0
MHS020088,2022,,3.17,2.19,130,52,144,-14,Terlambat,0.0016,0.9984
MHS021002,2024,,3.31,2.41,55,22,95,-40,Tepat Waktu,1.0,0.0
MHS021063,2023,,3.35,2.66,106,41,135,-29,Tepat Waktu,1.0,0.0
MHS021407,2022,,2.36,2.68,143,56,144,-1,Terlambat,0.0,1.0
MHS021630,2022,,3.14,3.41,145,58,144,1,Terlambat,0.4259,0.5741
MHS021858,2023,,3.3,2.94,107,38,135,-28,Tepat Waktu,1.0,0.0
MHS022272,2022,,3.06,3.07,145,68,144,1,Terlambat,0.3665,0.6335
MHS022321,2022,,3.11,3.38,145,68,144,1,Tepat Waktu,0.8389,0.1611
MHS022386,2022,,3.28,3.14,142,53,144,-2,Terlambat,0.416,0.584
MHS022504,2023,,3.46,2.89,101,39,135,-34,Tepat Waktu,1.0,0.0
MHS022682,2022,,3.06,3.32,145,51,144,1,Terlambat,0.343,0.657
MHS022878,2024,,3.33,2.18,57,22,95,-38,Tepat Waktu,1.0,0.0
MHS023382,2024,,3.42,2.74,59,23,95,-36,Tepat Waktu,1.0,0.0
MHS023617,2022,,3.89,3.77,144,58,144,0,Tepat Waktu,0.8116,0.1884
MHS023719,2022,,3.45,2.09,132,49,144,-12,Terlambat,0.0007,0.9993
MHS023823,2024,,3.53,2.36,58,26,95,-37,Tepat Waktu,1.0,0.0
MHS024006,2022,,2.79,2.79,144,53,144,0,Terlambat,0.002,0.998
MHS024145,2022,,3.92,3.64,144,55,144,0,Tepat Waktu,0.7311,0.2689
MHS024474,2021,,2.61,2.6,149,61,144,5,Terlambat,0.0001,0.9999
MHS019126,2022,,3.05,3.06,154,58,144,10,Terlambat,0.1737,0.8263
MHS020022,2024,,3.22,2.73,57,23,95,-38,Tepat Waktu,1.0,0.0
MHS020178,2021,,3.19,3.24,155,58,144,11,Tepat Waktu,0.6082,0.3918
MHS020306,2023,,3.22,2.38,99,43,135,-36,Tepat Waktu,1.0,0.0
MHS021310,2023,,3.4,2.63,101,39,135,-34,Tepat Waktu,1.0,0.0
MHS021335,2022,,3.07,3.08,149,56,144,5,Terlambat,0.0963,0.9037
MHS022040,2022,,2.89,2.89,145,55,144,1,Terlambat,0.0082,0.9918
MHS022587,2024,,3.33,2.47,56,22,95,-39,Tepat Waktu,1.0,0.0
MHS022698,2022,,2.78,1.94,121,46,144,-23,Terlambat,0.0103,0.9897
MHS023108,2019,,2.83,2.83,148,59,144,4,Terlambat,0.004,0.996
MHS023118,2024,,3.4,2.56,59,23,95,-36,Tepat Waktu,1.0,0.0
MHS023213,2022,,3.52,3.53,143,55,144,-1,Tepat Waktu,0.7366,0.2634
MHS023561,2021,,2.7,2.7,148,59,144,4,Terlambat,0.0005,0.9995
MHS023714,2020,,2.47,2.46,145,56,144,1,Terlambat,0.0,1.0
MHS024496,2022,,2.74,2.96,147,59,144,3,Terlambat,0.0046,0.9954
MHS024523,2024,,3.48,2.27,59,26,95,-36,Tepat Waktu,1.0,0.0
MHS024555,2024,,3.44,1.99,56,23,95,-39,Tepat Waktu,1.0,0.0
MHS020001,2024,,3.31,2.15,58,23,95,-37,Tepat Waktu,1.0,0.0
MHS020312,2022,,3.44,1.65,129,50,144,-15,Terlambat,0.0,1.0
MHS020351,2022,,3.18,3.3,148,60,144,4,Terlambat,0.4137,0.5863
MHS020879,2024,,3.13,2.63,36,14,95,-59,Tepat Waktu,1.0,0.0
MHS020909,2024,,3.36,1.96,58,23,95,-37,Tepat Waktu,1.0,0.0
MHS021431,2019,,3.76,1.82,163,60,144,19,Terlambat,0.0,1.0
MHS022784,2022,,2.69,2.69,145,55,144,1,Terlambat,0.0002,0.9998
MHS023221,2024,,3.49,2.18,58,26,95,-37,Tepat Waktu,1.0,0.0
MHS023372,2022,,2.69,2.69,147,58,144,3,Terlambat,0.0002,0.9998
MHS023404,2021,,2.86,2.86,148,58,144,4,Terlambat,0.0048,0.9952
MHS023496,2023,,3.48,2.92,106,41,135,-29,Tepat Waktu,1.0,0.0
MHS023764,2021,,2.54,2.54,148,59,144,4,Terlambat,0.0,1.0
MHS023979,2020,,2.93,2.89,152,64,144,8,Terlambat,0.0429,0.9571
MHS024082,2022,,2.67,2.67,147,61,144,3,Terlambat,0.0002,0.9998
MHS024086,2023,,3.5,2.5,103,43,135,-32,Tepat Waktu,1.0,0.0
MHS024264,2022,,2.78,3.31,147,55,144,3,Terlambat,0.0422,0.9578
MHS024361,2023,,3.52,2.52,104,45,135,-31,Tepat Waktu,1.0,0.0
MHS018564,2022,,3.08,2.16,131,52,144,-13,Terlambat,0.0003,0.9997
MHS020530,2020,,3.22,3.22,150,59,144,6,Terlambat,0.3908,0.6092
MHS020664,2024,,3.28,2.22,59,23,95,-36,Tepat Waktu,1.0,0.0
MHS021941,2022,,3.13,3.43,145,55,144,1,Terlambat,0.4196,0.5804
MHS022138,2020,,1.52,1.51,149,58,144,5,Terlambat,0.0,1.0
MHS022213,2024,,3.36,2.55,59,23,95,-36,Tepat Waktu,1.0,0.0
MHS022302,2022,,2.91,2.98,148,61,144,4,Terlambat,0.0256,0.9744
MHS022463,2024,,3.2,2.24,62,23,95,-33,Tepat Waktu,1.0,0.0
MHS022528,2022,,2.89,3.41,148,59,144,4,Terlambat,0.1409,0.8591
MHS022602,2023,,3.36,2.56,99,43,135,-36,Tepat Waktu,1.0,0.0
MHS023497,2022,,2.95,3.24,145,52,144,1,Terlambat,0.1386,0.8614
MHS023695,2020,,2.44,2.45,145,55,144,1,Terlambat,0.0,1.0
MHS023822,2019,,2.69,2.53,151,60,144,7,Terlambat,0.0,1.0
MHS024052,2022,,2.81,3.21,147,57,144,3,Terlambat,0.0342,0.9658
MHS024253,2022,,2.74,2.75,144,62,144,0,Terlambat,0.0013,0.9987
MHS024293,2020,,2.76,2.76,145,60,144,1,Terlambat,0.0012,0.9988
MHS024475,2022,,3.33,2.09,122,46,144,-22,Tepat Waktu,0.6788,0.3212
MHS024492,2022,,3.42,3.49,141,55,144,-3,Tepat Waktu,0.7527,0.2473
MHS024534,2024,,3.44,2.27,56,25,95,-39,Tepat Waktu,1.0,0.0
MHS018822,2024,,3.21,2.35,60,24,95,-35,Tepat Waktu,1.0,0.0
MHS019113,2024,,3.21,1.87,59,22,95,-36,Tepat Waktu,1.0,0.0
MHS019294,2023,,3.28,2.41,101,41,135,-34,Tepat Waktu,1.0,0.0
MHS019788,2023,,3.17,2.26,98,39,135,-37,Tepat Waktu,1.0,0.0
MHS019896,2023,,3.33,2.7,101,44,135,-34,Tepat Waktu,1.0,0.0
MHS019986,2024,,3.06,1.14,36,14,95,-59,Tepat Waktu,1.0,0.0
MHS020251,2020,,2.55,2.63,154,59,144,10,Terlambat,0.0001,0.9999
MHS020543,2023,,3.32,2.76,106,43,135,-29,Tepat Waktu,1.0,0.0
MHS020558,2023,,3.17,2.35,100,41,135,-35,Tepat Waktu,1.0,0.0
MHS021182,2022,,3.27,2.53,140,52,144,-4,Terlambat,0.0032,0.9968
MHS021970,2020,,2.94,2.81,157,62,144,13,Terlambat,0.0605,0.9395
MHS022008,2021,,2.87,2.9,149,56,144,5,Terlambat,0.0111,0.9889
MHS022343,2024,,3.32,2.77,56,22,95,-39,Tepat Waktu,1.0,0.0
MHS022356,2022,,2.85,2.85,145,57,144,1,Terlambat,0.0028,0.9972
MHS022475,2024,,3.38,2.32,59,23,95,-36,Tepat Waktu,1.0,0.0
MHS022964,2023,,3.35,2.95,102,42,135,-33,Tepat Waktu,1.0,0.0
MHS023074,2021,,2.86,2.86,148,56,144,4,Terlambat,0.0046,0.9954
MHS023491,2022,,2.89,3.56,146,59,144,2,Terlambat,0.1816,0.8184
MHS023680,2023,,3.49,2.72,105,44,135,-30,Tepat Waktu,1.0,0.0
MHS023834,2020,,2.58,2.31,156,60,144,12,Terlambat,0.0,1.0
MHS023858,2022,,2.8,2.91,146,56,144,2,Terlambat,0.003,0.997
MHS024299,2022,,2.78,3.16,147,58,144,3,Terlambat,0.0218,0.9782
MHS018792,2023,,3.15,2.72,99,41,135,-36,Tepat Waktu,1.0,0.0
MHS019229,2024,,3.28,1.81,58,23,95,-37,Tepat Waktu,1.0,0.0
MHS019507,2023,,3.28,3.08,108,50,135,-27,Tepat Waktu,1.0,0.0
MHS019649,2024,,3.22,1.89,59,22,95,-36,Tepat Waktu,1.0,0.0
MHS020293,2023,,3.3,2.59,104,37,135,-31,Tepat Waktu,1.0,0.0
MHS020362,2021,,2.67,2.67,150,63,144,6,Terlambat,0.0004,0.9996
MHS021582,2020,,2.98,2.98,152,63,144,8,Terlambat,0.0917,0.9083
MHS022032,2024,,3.39,2.3,54,19,95,-41,Tepat Waktu,1.0,0.0
MHS022456,2020,,2.63,2.6,152,62,144,8,Terlambat,0.0002,0.9998
MHS022831,2024,,3.47,2.19,58,26,95,-37,Tepat Waktu,1.0,0.0
MHS022921,2019,,2.68,2.67,156,57,144,12,Terlambat,0.001,0.999
MHS022959,2021,,2.83,2.84,149,58,144,5,Terlambat,0.0052,0.9948
MHS023254,2022,,2.92,3.03,146,58,144,2,Terlambat,0.0188,0.9812
MHS023282,2023,,3.44,2.77,103,42,135,-32,Tepat Waktu,1.0,0.0
MHS023905,2022,,3.51,2.51,139,55,144,-5,Terlambat,0.0051,0.9949
MHS024030,2020,,2.75,2.75,145,60,144,1,Terlambat,0.001,0.999
MHS019629,2022,,3.2,2.51,138,55,144,-6,Terlambat,0.004,0.996
MHS019846,2023,,3.26,2.98,104,37,135,-31,Tepat Waktu,1.0,0.0
MHS020132,2024,,3.25,2.18,59,22,95,-36,Tepat Waktu,1.0,0.0
MHS020246,2024,,3.23,2.51,57,23,95,-38,Tepat Waktu,1.0,0.0
MHS020353,2024,,3.1,1.26,36,14,95,-59,Tepat Waktu,1.0,0.0
MHS020769,2022,,3.17,3.26,148,56,144,4,Terlambat,0.3102,0.6898
MHS021728,2021,,2.91,2.91,151,59,144,7,Terlambat,0.0229,0.9771
MHS022577,2023,,3.27,2.21,97,36,135,-38,Tepat Waktu,1.0,0.0
MHS023320,2022,,2.58,2.58,145,57,144,1,Terlambat,0.0,1.0
MHS023406,2022,,2.89,3.23,146,58,144,2,Terlambat,0.0476,0.9524
MHS023851,2023,,3.5,2.71,106,41,135,-29,Tepat Waktu,1.0,0.0
MHS024238,2021,,2.98,2.96,150,61,144,6,Terlambat,0.0393,0.9607
MHS024372,2021,,3.12,3.26,151,57,144,7,Terlambat,0.4105,0.5895
MHS024488,2022,,3.32,3.2,141,54,144,-3,Terlambat,0.4581,0.5419
MHS018935,2024,,3.19,1.81,56,24,95,-39,Tepat Waktu,1.0,0.0
MHS020255,2024,,3.28,2.25,60,23,95,-35,Tepat Waktu,1.0,0.0
MHS020991,2024,,3.36,2.12,58,23,95,-37,Tepat Waktu,1.0,0.0
MHS021212,2022,,2.83,2.83,148,62,144,4,Terlambat,0.005,0.995
MHS021346,2022,,2.94,2.94,148,59,144,4,Terlambat,0.0183,0.9817
MHS021440,2022,,3.25,2.52,138,57,144,-6,Terlambat,0.0037,0.9963
MHS021707,2020,,2.92,2.85,152,57,144,8,Terlambat,0.0111,0.9889
MHS022306,2024,,3.35,2.04,60,25,95,-35,Tepat Waktu,1.0,0.0
MHS022426,2021,,2.16,2.16,152,56,144,8,Terlambat,0.0,1.0
MHS022443,2022,,3.41,3.41,143,56,144,-1,Tepat Waktu,0.7143,0.2857
MHS022627,2023,,3.4,3.2,104,43,135,-31,Tepat Waktu,1.0,0.0
MHS023296,2024,,3.41,2.7,59,23,95,-36,Tepat Waktu,1.0,0.0
MHS023526,2020,,2.52,2.24,156,66,144,12,Terlambat,0.0,1.0
MHS023664,2024,,3.44,2.56,59,23,95,-36,Tepat Waktu,1.0,0.0
MHS023721,2024,,3.31,2.55,62,29,95,-33,Tepat Waktu,1.0,0.0
MHS023948,2024,,3.39,1.96,56,23,95,-39,Tepat Waktu,1.0,0.0
MHS024119,2022,,2.83,2.93,144,55,144,0,Terlambat,0.0052,0.9948
MHS024240,2022,,2.75,3.33,146,60,144,2,Terlambat,0.0443,0.9557
MHS024249,2022,,2.75,3.44,146,59,144,2,Terlambat,0.0556,0.9444
MHS018685,2021,,2.72,2.72,153,59,144,9,Terlambat,0.0013,0.9987
MHS018893,2024,,3.18,2.03,55,22,95,-40,Tepat Waktu,1.0,0.0
MHS019210,2022,,3.28,2.33,135,54,144,-9,Terlambat,0.0017,0.9983
MHS019325,2022,,3.31,3.31,142,57,144,-2,Tepat Waktu,0.6085,0.3915
MHS019609,2024,,3.22,1.43,56,24,95,-39,Tepat Waktu,1.0,0.0
MHS020243,2022,,3.04,3.04,148,58,144,4,Terlambat,0.0429,0.9571
MHS021207,2019,,2.03,2.07,154,55,144,10,Terlambat,0.0,1.0
MHS021414,2024,,3.38,2.23,58,25,95,-37,Tepat Waktu,1.0,0.0
MHS021613,2022,,2.92,2.92,145,54,144,1,Terlambat,0.0136,0.9864
MHS021786,2022,,3.92,3.48,148,61,144,4,Tepat Waktu,0.807,0.193
MHS021790,2024,,3.39,2.73,58,25,95,-37,Tepat Waktu,1.0,0.0
MHS021949,2022,,3.83,3.6,145,51,144,1,Tepat Waktu,0.8053,0.1947
MHS022397,2022,,2.9,3.34,148,60,144,4,Terlambat,0.0932,0.9068
MHS022446,2021,,2.72,2.72,150,61,144,6,Terlambat,0.001,0.999
MHS022891,2022,,3.3,2.49,141,57,144,-3,Terlambat,0.002,0.998
MHS023773,2022,,2.78,2.78,146,54,144,2,Terlambat,0.0013,0.9987
MHS024091,2024,,3.44,2.54,61,24,95,-34,Tepat Waktu,1.0,0.0
MHS018480,2024,,3.21,2.6,60,23,95,-35,Tepat Waktu,1.0,0.0
MHS018585,2022,,3.24,1.77,119,44,144,-25,Terlambat,0.1367,0.8633
MHS020061,2020,,2.94,2.95,152,63,144,8,Terlambat,0.0581,0.9419
MHS020188,2022,,3.19,3.24,148,60,144,4,Terlambat,0.3627,0.6373
MHS020341,2023,,3.38,1.59,90,36,135,-45,Tepat Waktu,1.0,0.0
MHS020627,2024,,3.27,2.13,59,23,95,-36,Tepat Waktu,1.0,0.0
MHS021090,2020,,2.4,2.44,152,64,144,8,Terlambat,0.0,1.0
MHS021496,2022,,3.21,3.1,142,57,144,-2,Terlambat,0.1914,0.8086
MHS021595,2022,,3.21,2.77,142,53,144,-2,Terlambat,0.0296,0.9704
MHS021631,2024,,3.33,1.33,18,7,95,-77,Tepat Waktu,1.0,0.0
MHS022018,2023,,3.44,2.89,101,39,135,-34,Tepat Waktu,1.0,0.0
MHS022392,2023,,3.33,2.22,96,37,135,-39,Tepat Waktu,1.0,0.0
MHS023242,2024,,3.42,2.63,61,24,95,-34,Tepat Waktu,1.0,0.0
MHS023375,2020,,2.61,2.61,148,60,144,4,Terlambat,0.0001,0.9999
MHS023405,2023,,3.47,3.07,105,36,135,-30,Tepat Waktu,1.0,0.0
MHS023722,2020,,2.7,2.7,145,57,144,1,Terlambat,0.0005,0.9995
MHS023739,2023,,1.8,2.61,107,41,135,-28,Tepat Waktu,0.9985,0.0015
MHS024060,2021,,2.71,2.71,148,58,144,4,Terlambat,0.0003,0.9997
MHS024093,2019,,2.9,2.9,145,59,144,1,Terlambat,0.0085,0.9915
MHS019050,2023,,2.93,2.95,110,51,135,-25,Tepat Waktu,1.0,0.0
MHS019350,2024,,3.21,1.43,57,21,95,-38,Tepat Waktu,1.0,0.0
MHS019361,2024,,3.28,2.26,58,26,95,-37,Tepat Waktu,1.0,0.0
MHS019488,2021,,3.25,3.27,150,56,144,6,Tepat Waktu,0.5353,0.4647
MHS019657,2020,,2.53,2.54,150,61,144,6,Terlambat,0.0,1.0
MHS019721,2020,,2.48,2.55,159,61,144,15,Terlambat,0.0001,0.9999
MHS020478,2022,,3.1,3.1,148,59,144,4,Terlambat,0.091,0.909
MHS020526,2023,,3.36,2.48,101,44,135,-34,Tepat Waktu,1.0,0.0
MHS020882,2024,,3.28,2.72,59,23,95,-36,Tepat Waktu,1.0,0.0
MHS021013,2022,,3.36,2.36,136,52,144,-8,Terlambat,0.0028,0.9972
MHS021614,2022,,3.28,2.72,140,56,144,-4,Terlambat,0.0212,0.9788
MHS022238,2022,,3.0,1.93,122,53,144,-22,Terlambat,0.0054,0.9946
MHS022387,2021,,2.94,2.94,150,57,144,6,Terlambat,0.0184,0.9816
MHS023659,2024,,3.4,2.4,60,23,95,-35,Tepat Waktu,1.0,0.0
MHS023801,2021,,2.25,2.26,145,57,144,1,Terlambat,0.0,1.0
MHS023837,2022,,2.83,3.01,147,58,144,3,Terlambat,0.0084,0.9916
MHS023910,2020,,2.77,2.77,148,61,144,4,Terlambat,0.0015,0.9985
MHS024073,2021,,2.64,2.64,145,58,144,1,Terlambat,0.0001,0.9999
MHS024263,2021,,2.75,2.75,145,68,144,1,Terlambat,0.0102,0.9898
MHS024376,2020,,1.32,1.94,155,59,144,11,Terlambat,0.0,1.0
MHS024387,2021,,2.63,2.63,148,61,144,4,Terlambat,0.0001,0.9999
MHS024409,2022,,2.76,3.36,147,60,144,3,Terlambat,0.0524,0.9476
MHS018449,2022,,3.17,2.74,140,56,144,-4,Terlambat,0.0162,0.9838
MHS018587,2021,,3.6,3.39,40,15,144,-104,Tepat Waktu,1.0,0.0
MHS019601,2024,,3.2,1.5,55,24,95,-40,Tepat Waktu,1.0,0.0
MHS019719,2024,,3.22,2.09,56,24,95,-39,Tepat Waktu,1.0,0.0
MHS019822,2022,,3.1,2.9,141,57,144,-3,Terlambat,0.0382,0.9618
MHS020411,2020,,2.35,2.36,150,56,144,6,Terlambat,0.0,1.0
MHS020514,2022,,3.14,3.15,148,61,144,4,Terlambat,0.175,0.825
MHS020546,2022,,3.2,3.06,142,57,144,-2,Terlambat,0.1491,0.8509
MHS020794,2023,,3.25,2.37,102,39,135,-33,Tepat Waktu,1.0,0.0
MHS020849,2023,,3.39,3.18,105,41,135,-30,Tepat Waktu,1.0,0.0
MHS021754,2024,,3.33,2.19,59,23,95,-36,Tepat Waktu,1.0,0.0
MHS021842,2023,,3.31,2.73,99,44,135,-36,Tepat Waktu,1.0,0.0
MHS021884,2024,,3.4,1.47,58,21,95,-37,Tepat Waktu,1.0,0.0
MHS022037,2022,,2.35,2.67,143,60,144,-1,Terlambat,0.0,1.0
MHS022667,2021,,3.17,3.2,152,59,144,8,Terlambat,0.3711,0.6289
MHS022689,2021,,2.69,2.69,149,58,144,5,Terlambat,0.0002,0.9998
MHS022806,2024,,3.33,1.83,56,24,95,-39,Tepat Waktu,1.0,0.0
MHS022956,2023,,3.29,2.47,100,39,135,-35,Tepat Waktu,1.0,0.0
MHS023069,2024,,3.36,1.58,56,21,95,-39,Tepat Waktu,1.0,0.0
MHS023173,2019,,2.83,2.84,151,62,144,7,Terlambat,0.0058,0.9942
MHS023667,2024,,3.52,2.5,58,26,95,-37,Tepat Waktu,1.0,0.0
MHS023838,2022,,2.83,3.24,147,60,144,3,Terlambat,0.0565,0.9435
MHS023906,2023,,3.47,2.8,103,43,135,-32,Tepat Waktu,1.0,0.0
MHS023951,2023,,3.44,2.19,97,41,135,-38,Tepat Waktu,1.0,0.0
MHS018632,2022,,3.17,2.47,138,59,144,-6,Terlambat,0.0015,0.9985
MHS019591,2024,,3.29,1.92,58,23,95,-37,Tepat Waktu,1.0,0.0
MHS020278,2019,,2.36,2.36,150,60,144,6,Terlambat,0.0,1.0
MHS020452,2022,,3.25,2.72,140,54,144,-4,Terlambat,0.0306,0.9694
MHS020507,2022,,3.5,1.2,114,43,144,-30,Terlambat,0.0002,0.9998
MHS020607,2024,,3.27,2.51,59,23,95,-36,Tepat Waktu,1.0,0.0
MHS020897,2021,,2.43,2.42,153,58,144,9,Terlambat,0.0,1.0
MHS020979,2020,,2.89,2.89,150,62,144,6,Terlambat,0.0157,0.9843
MHS021341,2023,,3.38,3.02,103,40,135,-32,Tepat Waktu,1.0,0.0
MHS021540,2019,,2.54,2.58,154,61,144,10,Terlambat,0.0,1.0
MHS021544,2024,,3.32,2.34,59,23,95,-36,Tepat Waktu,1.0,0.0
MHS021791,2023,,3.29,2.29,96,37,135,-39,Tepat Waktu,1.0,0.0
MHS022170,2024,,3.36,2.31,59,23,95,-36,Tepat Waktu,1.0,0.0
MHS022474,2023,,2.78,3.01,110,51,135,-25,Tepat Waktu,1.0,0.0
MHS022636,2023,,3.28,2.42,97,36,135,-38,Tepat Waktu,1.0,0.0
MHS022790,2022,,3.6,3.6,142,55,144,-2,Tepat Waktu,0.8007,0.1993
MHS022846,2024,,3.53,2.42,54,19,95,-41,Tepat Waktu,1.0,0.0
MHS023366,2021,,3.57,3.4,149,58,144,5,Tepat Waktu,0.7337,0.2663
MHS023386,2024,,3.42,2.64,59,23,95,-36,Tepat Waktu,1.0,0.0
MHS023418,2023,,3.4,2.75,102,42,135,-33,Tepat Waktu,1.0,0.0
MHS023718,2021,,2.83,2.91,148,58,144,4,Terlambat,0.0088,0.9912
MHS023754,2022,,2.83,3.23,147,56,144,3,Terlambat,0.0289,0.9711
MHS023939,2022,,2.67,2.67,144,56,144,0,Terlambat,0.0001,0.9999
MHS024569,2021,,2.89,3.24,145,51,144,1,Terlambat,0.1529,0.8471
MHS018608,2024,,3.18,2.41,57,23,95,-38,Tepat Waktu,1.0,0.0
MHS018754,2020,,2.57,2.58,150,58,144,6,Terlambat,0.0,1.0
MHS018918,2023,,3.27,2.2,101,38,135,-34,Tepat Waktu,1.0,0.0
MHS018937,2023,,3.24,2.76,104,41,135,-31,Tepat Waktu,1.0,0.0
MHS019643,2023,,3.28,2.83,108,42,135,-27,Tepat Waktu,1.0,0.0
MHS020375,2022,,2.99,2.87,143,56,144,-1,Terlambat,0.0109,0.9891
MHS021354,2023,,3.38,3.06,103,40,135,-32,Tepat Waktu,1.0,0.0
MHS021564,2022,,2.64,2.65,148,58,144,4,Terlambat,0.0001,0.9999
MHS021579,2024,,3.28,1.61,56,24,95,-39,Tepat Waktu,1.0,0.0
MHS022683,2022,,2.47,2.47,145,60,144,1,Terlambat,0.0,1.0
MHS022931,2021,,2.86,2.86,149,62,144,5,Terlambat,0.0126,0.9874
MHS024223,2022,,3.46,3.48,141,54,144,-3,Tepat Waktu,0.8408,0.1592
MHS024414,2021,,2.9,3.2,145,56,144,1,Terlambat,0.0936,0.9064
MHS018603,2024,,3.19,2.2,59,23,95,-36,Tepat Waktu,1.0,0.0
MHS018885,2024,,3.2,2.2,59,22,95,-36,Tepat Waktu,1.0,0.0
MHS018912,2024,,3.19,2.24,56,25,95,-39,Tepat Waktu,1.0,0.0
MHS018946,2023,,3.27,3.42,111,42,135,-24,Tepat Waktu,1.0,0.0
MHS019285,2023,,3.26,2.58,106,42,135,-29,Tepat Waktu,1.0,0.0
MHS019861,2024,,3.28,2.4,61,25,95,-34,Tepat Waktu,1.0,0.0
MHS022051,2024,,3.41,2.39,58,25,95,-37,Tepat Waktu,1.0,0.0
MHS022358,2024,,3.37,2.43,59,23,95,-36,Tepat Waktu,1.0,0.0
MHS022367,2020,,2.9,2.9,155,64,144,11,Terlambat,0.0772,0.9228
MHS022711,2022,,3.02,3.02,145,57,144,1,Terlambat,0.0336,0.9664
MHS022811,2024,,3.34,2.3,56,22,95,-39,Tepat Waktu,1.0,0.0
MHS023495,2022,,2.61,2.6,145,58,144,1,Terlambat,0.0,1.0
MHS023784,2021,,2.23,2.23,149,61,144,5,Terlambat,0.0,1.0
MHS023819,2022,,2.83,3.06,147,60,144,3,Terlambat,0.0212,0.9788
MHS023909,2023,,3.43,2.46,99,42,135,-36,Tepat Waktu,1.0,0.0
MHS023956,2022,,2.78,3.49,146,59,144,2,Terlambat,0.078,0.922
MHS024271,2024,,3.54,2.14,58,24,95,-37,Tepat Waktu,1.0,0.0
MHS019019,2022,,3.32,2.96,137,52,144,-7,Terlambat,0.427,0.573
MHS019131,2024,,3.27,2.37,58,25,95,-37,Tepat Waktu,1.0,0.0
MHS019426,2024,,3.24,2.3,60,23,95,-35,Tepat Waktu,1.0,0.0
MHS019512,2022,,3.33,2.58,136,52,144,-8,Terlambat,0.0417,0.9583
MHS019694,2023,,3.21,2.78,102,42,135,-33,Tepat Waktu,1.0,0.0
MHS019910,2024,,3.24,2.58,59,23,95,-36,Tepat Waktu,1.0,0.0
MHS020137,2019,,2.61,2.6,155,62,144,11,Terlambat,0.0002,0.9998
MHS020871,2020,,2.34,2.34,150,57,144,6,Terlambat,0.0,1.0
MHS021049,2022,,3.12,3.36,148,60,144,4,Terlambat,0.3009,0.6991
MHS021468,2022,,2.86,2.86,148,57,144,4,Terlambat,0.0048,0.9952
MHS021498,2024,,3.28,1.33,56,22,95,-39,Tepat Waktu,1.0,0.0
MHS021876,2023,,3.3,2.37,96,37,135,-39,Tepat Waktu,1.0,0.0
MHS021975,2021,,2.67,2.6,151,59,144,7,Terlambat,0.0001,0.9999
MHS022262,2024,,3.35,2.1,60,25,95,-35,Tepat Waktu,1.0,0.0
MHS022498,2022,,2.76,2.76,145,57,144,1,Terlambat,0.0009,0.9991
MHS022694,2024,,3.45,2.54,58,26,95,-37,Tepat Waktu,1.0,0.0
MHS022843,2024,,3.51,2.55,54,19,95,-41,Tepat Waktu,1.0,0.0
MHS022898,2023,,3.12,3.08,112,52,135,-23,Tepat Waktu,1.0,0.0
MHS023299,2022,,3.5,3.48,143,55,144,-1,Tepat Waktu,0.7109,0.2891
MHS023333,2023,,3.48,2.91,106,41,135,-29,Tepat Waktu,1.0,0.0
MHS023388,2023,,3.42,2.68,108,40,135,-27,Tepat Waktu,1.0,0.0
MHS023861,2023,,3.47,2.72,103,43,135,-32,Tepat Waktu,1.0,0.0
MHS024222,2023,,3.5,3.13,104,45,135,-31,Tepat Waktu,1.0,0.0
MHS024481,2023,,3.58,2.87,107,43,135,-28,Tepat Waktu,1.0,0.0
MHS018601,2022,,3.11,2.12,127,49,144,-17,Terlambat,0.0054,0.9946
MHS020060,2020,,2.63,2.63,150,56,144,6,Terlambat,0.0001,0.9999
MHS021018,2023,,3.34,2.49,104,40,135,-31,Tepat Waktu,1.0,0.0
MHS021934,2022,,3.12,2.23,125,51,144,-19,Terlambat,0.1427,0.8573
MHS022425,2022,,3.06,3.19,145,57,144,1,Terlambat,0.1595,0.8405
MHS022560,2022,,3.06,3.12,145,50,144,1,Terlambat,0.1341,0.8659
MHS022603,2020,,1.48,1.53,150,59,144,6,Terlambat,0.0,1.0
MHS022865,2024,,3.37,2.15,61,28,95,-34,Tepat Waktu,1.0,0.0
MHS023029,2021,,2.43,2.18,156,60,144,12,Terlambat,0.0,1.0
MHS023065,2020,,2.44,2.47,149,59,144,5,Terlambat,0.0,1.0
MHS023112,2022,,3.01,3.07,145,58,144,1,Terlambat,0.0456,0.9544
MHS023482,2022,,3.46,3.47,142,54,144,-2,Tepat Waktu,0.808,0.192
MHS023696,2024,,3.53,2.07,58,24,95,-37,Tepat Waktu,1.0,0.0
MHS023817,2023,,3.37,2.17,100,38,135,-35,Tepat Waktu,1.0,0.0
MHS023873,2022,,3.5,2.72,139,53,144,-5,Terlambat,0.0597,0.9403
MHS023970,2020,,2.47,2.46,145,56,144,1,Terlambat,0.0,1.0
MHS023997,2024,,3.46,2.37,59,23,95,-36,Tepat Waktu,1.0,0.0
MHS024122,2021,,2.5,2.51,150,63,144,6,Terlambat,0.0,1.0
MHS024288,2021,,2.86,1.75,159,63,144,15,Terlambat,0.0,1.0
MHS024296,2022,,2.74,3.02,146,55,144,2,Terlambat,0.0043,0.9957
MHS018617,2020,,2.05,2.13,150,61,144,6,Terlambat,0.0,1.0
MHS019466,2024,,3.21,2.13,56,22,95,-39,Tepat Waktu,1.0,0.0
MHS019745,2023,,3.28,2.66,106,42,135,-29,Tepat Waktu,1.0,0.0
MHS020181,2023,,3.35,1.82,87,35,135,-48,Tepat Waktu,1.0,0.0
MHS020367,2022,,3.02,3.04,143,56,144,-1,Terlambat,0.047,0.953
MHS020594,2024,,3.25,2.08,56,25,95,-39,Tepat Waktu,1.0,0.0
MHS020667,2024,,3.28,2.49,59,23,95,-36,Tepat Waktu,1.0,0.0
MHS021118,2024,,3.29,1.95,59,23,95,-36,Tepat Waktu,1.0,0.0
MHS021222,2023,,3.28,2.33,99,43,135,-36,Tepat Waktu,1.0,0.0
MHS021246,2023,,3.43,1.58,93,39,135,-42,Tepat Waktu,1.0,0.0
MHS021729,2022,,3.14,3.37,145,51,144,1,Terlambat,0.4901,0.5099
MHS021864,2020,,3.01,3.01,150,56,144,6,Terlambat,0.0501,0.9499
MHS021906,2019,,2.72,2.73,152,61,144,8,Terlambat,0.0013,0.9987
MHS022555,2023,,3.41,2.6,83,33,135,-52,Tepat Waktu,1.0,0.0
MHS022833,2022,,2.89,2.89,145,57,144,1,Terlambat,0.0081,0.9919
MHS022952,2024,,3.33,2.31,57,22,95,-38,Tepat Waktu,1.0,0.0
MHS023073,2023,,3.46,2.6,105,41,135,-30,Tepat Waktu,1.0,0.0
MHS023373,2023,,3.39,2.89,99,42,135,-36,Tepat Waktu,1.0,0.0
MHS024016,2021,,2.81,3.09,148,61,144,4,Terlambat,0.0248,0.9752
MHS024501,2024,,3.44,2.48,57,22,95,-38,Tepat Waktu,1.0,0.0
MHS019034,2022,,3.19,2.56,142,58,144,-2,Terlambat,0.0026,0.9974
MHS019201,2023,,3.26,1.81,93,37,135,-42,Tepat Waktu,1.0,0.0
MHS020434,2023,,3.33,2.69,105,46,135,-30,Tepat Waktu,1.0,0.0
MHS020988,2021,,2.92,2.92,150,59,144,6,Terlambat,0.0154,0.9846
MHS021014,2022,,3.06,3.04,149,55,144,5,Terlambat,0.0494,0.9506
MHS021050,2024,,3.29,2.46,60,25,95,-35,Tepat Waktu,1.0,0.0
MHS021340,2023,,3.41,2.45,101,39,135,-34,Tepat Waktu,1.0,0.0
MHS021409,2024,,3.31,2.17,59,23,95,-36,Tepat Waktu,1.0,0.0
MHS021881,2023,,3.42,2.73,105,42,135,-30,Tepat Waktu,1.0,0.0
MHS021995,2023,,3.26,2.48,98,38,135,-37,Tepat Waktu,1.0,0.0
MHS022220,2022,,3.89,3.77,145,66,144,1,Tepat Waktu,0.9462,0.0538
MHS022231,2022,,3.11,2.19,131,50,144,-13,Terlambat,0.0009,0.9991
MHS022372,2022,,3.11,3.1,145,56,144,1,Terlambat,0.0889,0.9111
MHS022388,2023,,3.4,2.81,108,42,135,-27,Tepat Waktu,1.0,0.0
MHS023124,2022,,3.59,3.59,143,55,144,-1,Tepat Waktu,0.8352,0.1648
MHS023556,2024,,3.51,2.25,58,26,95,-37,Tepat Waktu,1.0,0.0
MHS023782,2022,,2.83,3.0,147,58,144,3,Terlambat,0.0118,0.9882
MHS023824,2022,,2.86,2.96,144,59,144,0,Terlambat,0.0139,0.9861
MHS024099,2021,,2.97,2.54,153,58,144,9,Terlambat,0.0011,0.9989
MHS024541,2021,,2.63,2.63,148,56,144,4,Terlambat,0.0001,0.9999
MHS018645,2024,,3.19,1.96,56,22,95,-39,Tepat Waktu,1.0,0.0
MHS018670,2023,,0.89,2.0,100,42,135,-35,Terlambat,0.0,1.0
MHS019101,2024,,3.28,2.77,61,25,95,-34,Tepat Waktu,1.0,0.0
MHS019158,2024,,3.19,2.41,56,22,95,-39,Tepat Waktu,1.0,0.0
MHS019385,2020,,3.08,3.08,151,62,144,7,Terlambat,0.2016,0.7984
MHS019837,2021,,3.2,3.18,151,60,144,7,Terlambat,0.465,0.535
MHS019941,2022,,3.23,2.18,128,49,144,-16,Terlambat,0.012,0.988
MHS020396,2023,,3.25,2.0,95,41,135,-40,Tepat Waktu,1.0,0.0
MHS020575,2024,,3.25,1.61,56,22,95,-39,Tepat Waktu,1.0,0.0
MHS020929,2023,,3.25,3.09,107,43,135,-28,Tepat Waktu,1.0,0.0
MHS021170,2024,,3.26,2.24,56,22,95,-39,Tepat Waktu,1.0,0.0
MHS021563,2024,,3.38,1.65,58,21,95,-37,Tepat Waktu,1.0,0.0
MHS022033,2022,,3.13,3.19,145,59,144,1,Terlambat,0.1703,0.8297
MHS022368,2022,,3.11,3.22,145,68,144,1,Tepat Waktu,0.7318,0.2682
MHS023005,2023,,3.2,3.03,76,32,135,-59,Tepat Waktu,1.0,0.0
MHS023104,2021,,2.86,3.42,148,61,144,4,Terlambat,0.1428,0.8572
MHS023323,2024,,3.36,2.23,57,22,95,-38,Tepat Waktu,1.0,0.0
MHS023328,2022,,2.9,3.18,146,55,144,2,Terlambat,0.058,0.942
MHS023421,2024,,3.43,2.6,59,23,95,-36,Tepat Waktu,1.0,0.0
MHS023494,2022,,2.86,3.4,147,69,144,3,Tepat Waktu,0.6076,0.3924
MHS023969,2021,,2.97,2.85,153,61,144,9,Terlambat,0.0382,0.9618
MHS023992,2024,,3.46,2.3,59,23,95,-36,Tepat Waktu,1.0,0.0
MHS024356,2021,,2.78,2.74,154,59,144,10,Terlambat,0.0023,0.9977
MHS024363,2020,,2.89,2.9,150,59,144,6,Terlambat,0.0171,0.9829
MHS024453,2022,,2.72,3.22,146,57,144,2,Terlambat,0.0175,0.9825
MHS020551,2024,,3.24,1.63,56,22,95,-39,Tepat Waktu,1.0,0.0
MHS020621,2024,,3.34,2.32,58,23,95,-37,Tepat Waktu,1.0,0.0
MHS021394,2024,,3.17,2.48,62,23,95,-33,Tepat Waktu,1.0,0.0
MHS021537,2024,,3.28,2.23,56,22,95,-39,Tepat Waktu,1.0,0.0
MHS021545,2022,,2.66,2.66,145,63,144,1,Terlambat,0.0003,0.9997
MHS022347,2022,,3.25,1.95,125,48,144,-19,Terlambat,0.0033,0.9967
MHS022677,2022,,2.89,3.54,148,60,144,4,Terlambat,0.1948,0.8052
MHS022714,2021,,3.72,3.72,155,57,144,11,Tepat Waktu,0.9328,0.0672
MHS022732,2024,,3.33,2.41,56,22,95,-39,Tepat Waktu,1.0,0.0
MHS022907,2022,,3.41,2.66,137,55,144,-7,Terlambat,0.0665,0.9335
MHS022972,2024,,3.34,2.13,57,22,95,-38,Tepat Waktu,1.0,0.0
MHS023397,2022,,2.89,3.18,146,51,144,2,Terlambat,0.0538,0.9462
MHS023541,2023,,1.82,2.59,108,40,135,-27,Tepat Waktu,0.9969,0.0031
MHS023915,2024,,3.45,2.31,59,23,95,-36,Tepat Waktu,1.0,0.0
MHS024380,2022,,2.72,2.86,144,58,144,0,Terlambat,0.0012,0.9988
MHS018513,2022,,3.2,2.61,140,58,144,-4,Terlambat,0.0075,0.9925
MHS018881,2022,,3.17,2.97,142,53,144,-2,Terlambat,0.125,0.875
MHS019802,2024,,3.25,2.28,60,23,95,-35,Tepat Waktu,1.0,0.0
MHS019876,2022,,3.22,3.38,148,62,144,4,Tepat Waktu,0.5029,0.4971
MHS020010,2023,,3.25,2.22,96,39,135,-39,Tepat Waktu,1.0,0.0
MHS020455,2023,,3.35,2.0,101,36,135,-34,Tepat Waktu,1.0,0.0
MHS020961,2023,,3.43,1.92,93,35,135,-42,Tepat Waktu,1.0,0.0
MHS021382,2022,,3.04,3.1,148,60,144,4,Terlambat,0.1077,0.8923
MHS021777,2024,,3.33,2.31,59,23,95,-36,Tepat Waktu,1.0,0.0
MHS021882,2021,,2.83,2.81,154,59,144,10,Terlambat,0.0101,0.9899
MHS022053,2022,,3.13,3.19,145,59,144,1,Terlambat,0.238,0.762
MHS022225,2022,,3.2,2.95,127,51,144,-17,Tepat Waktu,0.9954,0.0046
MHS022568,2022,,3.06,3.26,145,55,144,1,Terlambat,0.2124,0.7876
MHS023227,2024,,3.41,2.78,59,23,95,-36,Tepat Waktu,1.0,0.0
MHS023539,2024,,3.36,1.69,56,21,95,-39,Tepat Waktu,1.0,0.0
MHS023737,2023,,3.42,2.5,99,42,135,-36,Tepat Waktu,1.0,0.0
MHS024548,2022,,2.68,3.79,146,55,144,2,Terlambat,0.0233,0.9767
MHS019284,2023,,3.21,1.77,97,36,135,-38,Tepat Waktu,1.0,0.0
MHS020898,2022,,3.2,2.32,138,54,144,-6,Terlambat,0.0003,0.9997
MHS021328,2023,,3.21,1.94,74,28,135,-61,Tepat Waktu,1.0,0.0
MHS021812,2023,,3.36,2.8,106,41,135,-29,Tepat Waktu,1.0,0.0
MHS022248,2022,,2.92,3.63,148,61,144,4,Terlambat,0.2733,0.7267
MHS022266,2024,,3.19,2.33,62,23,95,-33,Tepat Waktu,1.0,0.0
MHS022606,2024,,3.2,0.69,36,16,95,-59,Tepat Waktu,1.0,0.0
MHS022687,2024,,3.5,2.61,54,19,95,-41,Tepat Waktu,1.0,0.0
MHS023032,2022,,3.3,3.06,142,58,144,-2,Terlambat,0.2952,0.7048
MHS023087,2022,,2.92,2.92,145,54,144,1,Terlambat,0.0136,0.9864
MHS023098,2022,,3.48,1.95,133,53,144,-11,Terlambat,0.0,1.0
MHS023260,2022,,2.92,3.39,146,51,144,2,Terlambat,0.1452,0.8548
MHS023958,2021,,2.75,2.75,148,58,144,4,Terlambat,0.0011,0.9989
MHS023990,2022,,2.83,2.97,144,55,144,0,Terlambat,0.0108,0.9892
MHS024013,2021,,2.11,2.08,145,58,144,1,Terlambat,0.0,1.0
MHS024031,2022,,2.83,3.08,144,58,144,0,Terlambat,0.0157,0.9843
MHS024316,2022,,3.93,3.51,144,59,144,0,Tepat Waktu,0.7199,0.2801
MHS019161,2023,,3.25,2.75,103,45,135,-32,Tepat Waktu,1.0,0.0
MHS019367,2024,,3.28,2.46,58,26,95,-37,Tepat Waktu,1.0,0.0
MHS019568,2022,,2.39,1.4,109,44,144,-35,Terlambat,0.013,0.987
MHS019970,2024,,3.26,2.07,60,23,95,-35,Tepat Waktu,1.0,0.0
MHS019995,2020,,2.41,2.41,151,60,144,7,Terlambat,0.0,1.0
MHS020704,2024,,3.35,2.08,58,25,95,-37,Tepat Waktu,1.0,0.0
MHS020790,2022,,3.11,2.93,143,58,144,-1,Terlambat,0.0552,0.9448
MHS020891,2022,,3.16,3.16,149,57,144,5,Terlambat,0.218,0.782
MHS021027,2023,,3.39,2.76,101,44,135,-34,Tepat Waktu,1.0,0.0
MHS021322,2020,,2.57,2.48,152,59,144,8,Terlambat,0.0,1.0
MHS021626,2022,,3.3,2.71,139,55,144,-5,Terlambat,0.0416,0.9584
MHS021827,2024,,3.29,1.98,56,24,95,-39,Tepat Waktu,1.0,0.0
MHS022564,2023,,3.43,2.62,105,41,135,-30,Tepat Waktu,1.0,0.0
MHS022684,2020,,2.54,2.62,154,59,144,10,Terlambat,0.0001,0.9999
MHS022908,2024,,3.35,1.99,56,24,95,-39,Tepat Waktu,1.0,0.0
MHS023501,2022,,2.86,3.22,147,59,144,3,Terlambat,0.058,0.942
MHS023746,2024,,3.44,1.44,55,24,95,-40,Tepat Waktu,1.0,0.0
MHS023862,2023,,3.48,2.51,104,46,135,-31,Tepat Waktu,1.0,0.0
MHS023893,2022,,3.7,3.68,141,55,144,-3,Tepat Waktu,0.8439,0.1561
MHS024063,2022,,2.78,3.18,146,55,144,2,Terlambat,0.0239,0.9761
MHS024067,2022,,2.68,2.68,144,57,144,0,Terlambat,0.0002,0.9998
MHS024487,2023,,3.36,2.28,74,29,135,-61,Tepat Waktu,1.0,0.0
MHS024494,2021,,3.0,2.94,149,58,144,5,Terlambat,0.0383,0.9617
MHS018441,2024,,3.17,2.2,57,25,95,-38,Tepat Waktu,1.0,0.0
MHS018444,2024,,3.09,2.35,62,23,95,-33,Tepat Waktu,1.0,0.0
MHS018716,2023,,3.22,2.42,103,40,135,-32,Tepat Waktu,1.0,0.0
MHS019248,2024,,3.28,2.27,58,26,95,-37,Tepat Waktu,1.0,0.0
MHS019700,2024,,3.22,2.27,57,23,95,-38,Tepat Waktu,1.0,0.0
MHS020435,2022,,3.34,2.36,137,54,144,-7,Terlambat,0.0014,0.9986
MHS020706,2023,,3.23,2.93,107,43,135,-28,Tepat Waktu,1.0,0.0
MHS021272,2024,,3.3,2.32,59,23,95,-36,Tepat Waktu,1.0,0.0
MHS021487,2021,,2.57,2.56,152,62,144,8,Terlambat,0.0,1.0
MHS022026,2024,,3.41,1.76,58,21,95,-37,Tepat Waktu,1.0,0.0
MHS022515,2024,,3.43,2.32,58,22,95,-37,Tepat Waktu,1.0,0.0
MHS022522,2023,,3.39,3.15,104,43,135,-31,Tepat Waktu,1.0,0.0
MHS022525,2024,,3.33,2.56,56,22,95,-39,Tepat Waktu,1.0,0.0
MHS022829,2021,,2.63,2.49,152,64,144,8,Terlambat,0.0001,0.9999
MHS022868,2022,,3.33,2.25,127,46,144,-17,Terlambat,0.206,0.794
MHS022965,2022,,3.02,3.02,145,57,144,1,Terlambat,0.0336,0.9664
MHS023285,2019,,1.58,1.39,153,61,144,9,Terlambat,0.0,1.0
MHS024137,2022,,3.36,2.13,130,50,144,-14,Terlambat,0.0027,0.9973
MHS024148,2022,,2.77,3.2,146,60,144,2,Terlambat,0.03,0.97
MHS024273,2020,,2.69,2.7,149,59,144,5,Terlambat,0.0003,0.9997
MHS018788,2023,,3.15,2.52,99,43,135,-36,Tepat Waktu,1.0,0.0
MHS018887,2023,,3.22,2.78,103,43,135,-32,Tepat Waktu,1.0,0.0
MHS019347,2023,,3.28,2.73,105,46,135,-30,Tepat Waktu,1.0,0.0
MHS020309,2024,,3.25,2.11,59,23,95,-36,Tepat Waktu,1.0,0.0
MHS020556,2022,,3.42,1.57,85,33,144,-59,Tepat Waktu,1.0,0.0
MHS020677,2023,,3.33,2.9,103,40,135,-32,Tepat Waktu,1.0,0.0
MHS020886,2021,,3.26,3.26,157,62,144,13,Tepat Waktu,0.8824,0.1176
MHS020928,2021,,2.94,2.78,157,63,144,13,Terlambat,0.0528,0.9472
MHS021559,2024,,3.33,2.28,59,23,95,-36,Tepat Waktu,1.0,0.0
MHS021612,2024,,3.28,1.79,56,24,95,-39,Tepat Waktu,1.0,0.0
MHS021661,2024,,3.33,2.21,59,23,95,-36,Tepat Waktu,1.0,0.0
MHS022002,2023,,3.39,2.61,103,42,135,-32,Tepat Waktu,1.0,0.0
MHS022006,2022,,3.0,3.22,148,53,144,4,Terlambat,0.1463,0.8537
MHS022310,2023,,3.38,2.96,104,43,135,-31,Tepat Waktu,1.0,0.0
MHS023524,2022,,2.86,3.02,147,56,144,3,Terlambat,0.0107,0.9893
MHS023577,2021,,3.16,3.43,152,54,144,8,Tepat Waktu,0.5663,0.4337
MHS023869,2022,,2.67,2.67,144,58,144,0,Terlambat,0.0001,0.9999
MHS024197,2022,,3.92,3.65,144,55,144,0,Tepat Waktu,0.7318,0.2682
MHS024213,2022,,2.76,3.2,146,55,144,2,Terlambat,0.0149,0.9851
MHS024522,2022,,2.74,3.2,147,57,144,3,Terlambat,0.0186,0.9814
MHS019505,2023,,3.2,2.25,102,39,135,-33,Tepat Waktu,1.0,0.0
MHS019701,2022,,3.33,2.45,137,55,144,-7,Terlambat,0.0045,0.9955
MHS019815,2021,,2.79,2.79,151,57,144,7,Terlambat,0.0029,0.9971
MHS020745,2024,,3.27,1.22,18,7,95,-77,Tepat Waktu,1.0,0.0
MHS020754,2023,,3.23,2.74,107,43,135,-28,Tepat Waktu,1.0,0.0
MHS021044,2022,,3.36,2.22,136,51,144,-8,Terlambat,0.0003,0.9997
MHS021103,2021,,3.04,3.03,150,61,144,6,Terlambat,0.09,0.91
MHS021285,2024,,3.37,2.18,58,23,95,-37,Tepat Waktu,1.0,0.0
MHS022393,2022,,3.11,3.15,145,59,144,1,Terlambat,0.1846,0.8154
MHS022598,2024,,3.43,1.87,58,24,95,-37,Tepat Waktu,1.0,0.0
MHS022645,2022,,3.2,2.83,143,58,144,-1,Terlambat,0.0249,0.9751
MHS023189,2020,,2.17,2.11,152,62,144,8,Terlambat,0.0,1.0
MHS023339,2022,,2.89,3.46,147,67,144,3,Tepat Waktu,0.5139,0.4861
MHS023467,2020,,2.56,2.29,155,58,144,11,Terlambat,0.0,1.0
MHS023705,2024,,3.44,2.34,59,23,95,-36,Tepat Waktu,1.0,0.0
MHS023723,2022,,3.39,3.4,143,55,144,-1,Tepat Waktu,0.7014,0.2986
MHS024044,2022,,2.83,3.14,144,58,144,0,Terlambat,0.0337,0.9663
MHS024101,2021,,2.44,2.45,145,54,144,1,Terlambat,0.0,1.0
MHS024162,2021,,2.77,2.77,152,58,144,8,Terlambat,0.0017,0.9983
MHS024248,2021,,2.83,2.84,145,58,144,1,Terlambat,0.0051,0.9949
MHS024421,2024,,3.33,3.04,36,13,95,-59,Tepat Waktu,1.0,0.0
MHS024436,2022,,2.72,3.32,144,58,144,0,Terlambat,0.0214,0.9786
MHS018514,2024,,3.19,3.0,59,22,95,-36,Tepat Waktu,1.0,0.0
MHS018779,2019,,2.87,1.89,169,67,144,25,Terlambat,0.0004,0.9996
MHS019434,2021,,3.17,3.16,150,62,144,6,Terlambat,0.4464,0.5536
MHS019450,2024,,3.21,1.56,57,21,95,-38,Tepat Waktu,1.0,0.0
MHS019677,2022,,3.1,2.57,141,54,144,-3,Terlambat,0.0023,0.9977
MHS019800,2022,,3.14,1.57,116,49,144,-28,Terlambat,0.0053,0.9947
MHS020171,2023,,3.29,2.53,104,37,135,-31,Tepat Waktu,1.0,0.0
MHS020490,2021,,2.72,2.72,152,60,144,8,Terlambat,0.0008,0.9992
MHS020527,2023,,3.32,2.8,103,40,135,-32,Tepat Waktu,1.0,0.0
MHS020907,2022,,3.11,2.88,143,57,144,-1,Terlambat,0.0238,0.9762
MHS021653,2022,,2.96,2.96,145,53,144,1,Terlambat,0.0263,0.9737
MHS022962,2021,,3.2,3.33,151,61,144,7,Tepat Waktu,0.5639,0.4361
MHS022980,2020,,2.7,2.7,148,61,144,4,Terlambat,0.0004,0.9996
MHS022986,2024,,3.47,2.2,58,26,95,-37,Tepat Waktu,1.0,0.0
MHS023136,2023,,3.38,2.4,99,43,135,-36,Tepat Waktu,1.0,0.0
MHS023360,2022,,2.9,3.27,146,59,144,2,Terlambat,0.0649,0.9351
MHS023499,2021,,2.94,2.95,150,57,144,6,Terlambat,0.0299,0.9701
MHS023949,2022,,2.83,3.14,144,57,144,0,Terlambat,0.0215,0.9785
MHS024066,2022,,2.81,3.09,147,57,144,3,Terlambat,0.0177,0.9823
MHS019477,2023,,3.18,2.57,99,38,135,-36,Tepat Waktu,1.0,0.0
MHS019560,2023,,3.2,2.34,102,41,135,-33,Tepat Waktu,1.0,0.0
MHS020536,2024,,3.24,2.18,57,23,95,-38,Tepat Waktu,1.0,0.0
MHS021548,2023,,3.43,2.89,101,39,135,-34,Tepat Waktu,1.0,0.0
MHS021800,2023,,3.32,3.0,108,42,135,-27,Tepat Waktu,1.0,0.0
MHS021899,2022,,3.13,3.23,145,51,144,1,Terlambat,0.3416,0.6584
MHS021999,2021,,1.69,1.62,150,56,144,6,Terlambat,0.0,1.0
MHS022089,2023,,3.42,2.87,105,42,135,-30,Tepat Waktu,1.0,0.0
MHS022418,2023,,3.41,2.39,103,42,135,-32,Tepat Waktu,1.0,0.0
MHS022584,2022,,3.43,3.44,143,55,144,-1,Tepat Waktu,0.6575,0.3425
MHS022852,2023,,3.4,2.12,94,37,135,-41,Tepat Waktu,1.0,0.0
MHS023042,2019,,2.64,2.55,152,57,144,8,Terlambat,0.0,1.0
MHS023381,2020,,2.65,2.66,152,62,144,8,Terlambat,0.0003,0.9997
MHS023957,2024,,3.41,2.12,57,22,95,-38,Tepat Waktu,1.0,0.0
MHS023973,2022,,2.78,3.15,146,59,144,2,Terlambat,0.0149,0.9851
MHS024134,2024,,3.54,2.19,58,26,95,-37,Tepat Waktu,1.0,0.0
MHS024268,2023,,3.51,2.6,104,45,135,-31,Tepat Waktu,1.0,0.0
MHS020273,2023,,3.22,2.95,107,43,135,-28,Tepat Waktu,1.0,0.0
MHS020470,2020,,2.63,2.63,152,62,144,8,Terlambat,0.0002,0.9998
MHS021228,2023,,3.29,2.87,99,43,135,-36,Tepat Waktu,1.0,0.0
MHS021556,2024,,3.33,0.11,18,9,95,-77,Tepat Waktu,1.0,0.0
MHS021948,2024,,3.34,2.17,59,23,95,-36,Tepat Waktu,1.0,0.0
MHS022139,2024,,3.18,2.39,62,23,95,-33,Tepat Waktu,1.0,0.0
MHS022290,2022,,2.84,2.84,145,57,144,1,Terlambat,0.0036,0.9964
MHS022499,2022,,2.89,3.24,148,55,144,4,Terlambat,0.0722,0.9278
MHS022585,2021,,2.99,2.96,149,61,144,5,Terlambat,0.038,0.962
MHS023168,2022,,3.0,3.16,145,51,144,1,Terlambat,0.1016,0.8984
MHS023331,2022,,3.0,3.29,145,58,144,1,Terlambat,0.1265,0.8735
MHS023563,2021,,3.15,3.18,149,60,144,5,Terlambat,0.2626,0.7374
MHS023812,2021,,2.7,2.7,148,59,144,4,Terlambat,0.0005,0.9995
MHS023932,2021,,2.83,2.83,145,57,144,1,Terlambat,0.0029,0.9971
MHS024140,2023,,3.38,2.04,100,38,135,-35,Tepat Waktu,1.0,0.0
MHS018446,2024,,3.19,2.17,59,23,95,-36,Tepat Waktu,1.0,0.0
MHS018458,2019,,1.87,1.93,150,56,144,6,Terlambat,0.0,1.0
MHS018582,2022,,2.44,2.68,143,56,144,-1,Terlambat,0.0,1.0
MHS018750,2022,,3.27,2.48,137,54,144,-7,Terlambat,0.0037,0.9963
MHS019773,2024,,3.23,2.76,59,22,95,-36,Tepat Waktu,1.0,0.0
MHS020015,2024,,3.24,2.04,59,22,95,-36,Tepat Waktu,1.0,0.0
MHS020097,2022,,2.95,2.9,143,58,144,-1,Terlambat,0.0172,0.9828
MHS020336,2022,,2.96,2.86,143,56,144,-1,Terlambat,0.0082,0.9918
MHS020982,2022,,3.17,3.25,149,57,144,5,Terlambat,0.2326,0.7674
MHS021030,2023,,3.35,2.54,106,41,135,-29,Tepat Waktu,1.0,0.0
MHS021594,2023,,3.4,2.59,105,42,135,-30,Tepat Waktu,1.0,0.0
MHS021817,2023,,3.36,2.86,106,41,135,-29,Tepat Waktu,1.0,0.0
MHS022228,2019,,2.28,2.28,152,52,144,8,Terlambat,0.0,1.0
MHS022415,2024,,3.42,2.51,58,26,95,-37,Tepat Waktu,1.0,0.0
MHS022858,2023,,3.42,2.98,104,43,135,-31,Tepat Waktu,1.0,0.0
MHS023545,2023,,3.4,2.56,99,42,135,-36,Tepat Waktu,1.0,0.0
MHS023628,2024,,3.52,2.17,58,26,95,-37,Tepat Waktu,1.0,0.0
MHS023693,2023,,3.42,2.3,99,42,135,-36,Tepat Waktu,1.0,0.0
MHS023899,2019,,2.3,2.3,148,57,144,4,Terlambat,0.0,1.0
MHS024024,2022,,3.9,3.39,144,59,144,0,Tepat Waktu,0.7546,0.2454
MHS024355,2020,,3.19,3.19,150,62,144,6,Tepat Waktu,0.5265,0.4735
MHS024451,2021,,2.8,2.86,148,58,144,4,Terlambat,0.0046,0.9954
MHS024497,2024,,3.48,2.43,59,23,95,-36,Tepat Waktu,1.0,0.0
MHS024527,2021,,2.79,2.99,148,52,144,4,Terlambat,0.015,0.985
MHS024530,2023,,3.49,2.11,95,37,135,-40,Tepat Waktu,1.0,0.0
MHS024531,2022,,2.72,3.23,144,55,144,0,Terlambat,0.0215,0.9785
MHS018611,2023,,3.54,1.97,86,36,135,-49,Tepat Waktu,1.0,0.0
MHS019067,2022,,2.91,1.96,126,56,144,-18,Terlambat,0.0001,0.9999
MHS019076,2024,,3.22,2.0,60,22,95,-35,Tepat Waktu,1.0,0.0
MHS019150,2024,,3.19,1.92,56,21,95,-39,Tepat Waktu,1.0,0.0
MHS019804,2021,,3.01,3.01,155,58,144,11,Terlambat,0.1865,0.8135
MHS020252,2022,,3.39,2.05,132,49,144,-12,Terlambat,0.0002,0.9998
MHS020326,2023,,3.23,2.8,102,36,135,-33,Tepat Waktu,1.0,0.0
MHS020502,2022,,3.33,3.34,143,58,144,-1,Tepat Waktu,0.6221,0.3779
MHS020796,2020,,2.67,2.68,150,58,144,6,Terlambat,0.0003,0.9997
MHS021111,2020,,2.51,2.52,155,58,144,11,Terlambat,0.0,1.0
MHS021178,2024,,3.26,2.31,56,24,95,-39,Tepat Waktu,1.0,0.0
MHS021435,2022,,3.31,1.93,128,52,144,-16,Terlambat,0.0001,0.9999
MHS021471,2024,,3.38,2.21,58,23,95,-37,Tepat Waktu,1.0,0.0
MHS021793,2023,,3.39,2.36,94,38,135,-41,Tepat Waktu,1.0,0.0
MHS022158,2021,,3.22,3.34,153,63,144,9,Tepat Waktu,0.8269,0.1731
MHS022823,2024,,3.47,2.33,58,26,95,-37,Tepat Waktu,1.0,0.0
MHS023094,2023,,3.36,2.27,97,42,135,-38,Tepat Waktu,1.0,0.0
MHS023174,2022,,2.92,3.25,146,56,144,2,Terlambat,0.0893,0.9107
MHS023247,2020,,2.39,2.39,148,61,144,4,Terlambat,0.0,1.0
MHS023251,2022,,2.92,3.18,146,55,144,2,Terlambat,0.0662,0.9338
MHS023847,2022,,2.67,2.66,144,58,144,0,Terlambat,0.0002,0.9998
MHS023896,2023,,3.48,2.31,104,38,135,-31,Tepat Waktu,1.0,0.0
MHS023925,2020,,2.14,2.17,145,57,144,1,Terlambat,0.0,1.0
MHS024428,2022,,2.72,3.02,144,58,144,0,Terlambat,0.0065,0.9935
MHS024433,2024,,3.43,2.36,56,22,95,-39,Tepat Waktu,1.0,0.0
MHS024563,2021,,2.89,2.97,145,58,144,1,Terlambat,0.023,0.977
MHS018565,2024,,3.26,2.65,58,26,95,-37,Tepat Waktu,1.0,0.0
MHS019412,2022,,2.99,2.98,143,58,144,-1,Terlambat,0.0409,0.9591
MHS019540,2023,,3.25,2.6,104,40,135,-31,Tepat Waktu,1.0,0.0
MHS020439,2023,,3.32,2.77,106,40,135,-29,Tepat Waktu,1.0,0.0
MHS020965,2024,,3.36,1.95,58,25,95,-37,Tepat Waktu,1.0,0.0
MHS021399,2019,,2.4,2.4,160,65,144,16,Terlambat,0.0,1.0
MHS021580,2022,,3.57,3.51,149,59,144,5,Tepat Waktu,0.7246,0.2754
MHS022046,2023,,3.34,2.77,107,38,135,-28,Tepat Waktu,1.0,0.0
MHS023128,2021,,3.13,3.13,149,58,144,5,Terlambat,0.2361,0.7639
MHS023630,2024,,3.43,2.15,61,24,95,-34,Tepat Waktu,1.0,0.0
MHS023888,2023,,3.05,1.7,91,39,135,-44,Tepat Waktu,1.0,0.0
MHS024546,2022,,2.69,3.27,146,60,144,2,Terlambat,0.0211,0.9789
MHS018872,2021,,2.82,2.82,150,58,144,6,Terlambat,0.0029,0.9971
MHS019326,2023,,3.16,2.33,100,42,135,-35,Tepat Waktu,1.0,0.0
MHS019931,2022,,3.11,3.01,141,57,144,-3,Terlambat,0.1298,0.8702
MHS019985,2022,,3.22,3.39,148,59,144,4,Terlambat,0.4077,0.5923
MHS020196,2023,,3.3,2.88,103,45,135,-32,Tepat Waktu,1.0,0.0
MHS020259,2024,,3.33,1.62,58,23,95,-37,Tepat Waktu,1.0,0.0
MHS020542,2020,,2.51,2.09,157,62,144,13,Terlambat,0.0,1.0
MHS020637,2024,,3.34,2.15,58,25,95,-37,Tepat Waktu,1.0,0.0
MHS020722,2022,,3.11,2.85,143,58,144,-1,Terlambat,0.0289,0.9711
MHS021627,2022,,3.03,3.08,148,59,144,4,Terlambat,0.0827,0.9173
MHS021964,2024,,3.36,2.25,55,21,95,-40,Tepat Waktu,1.0,0.0
MHS022500,2023,,3.27,2.46,97,35,135,-38,Tepat Waktu,1.0,0.0
MHS022646,2022,,3.9,3.6,145,55,144,1,Tepat Waktu,0.7921,0.2079
MHS022746,2024,,3.31,2.18,57,22,95,-38,Tepat Waktu,1.0,0.0
MHS023350,2023,,3.22,2.89,109,44,135,-26,Tepat Waktu,1.0,0.0
MHS023586,2021,,2.91,2.91,145,56,144,1,Terlambat,0.0105,0.9895
MHS023636,2024,,3.43,2.39,59,23,95,-36,Tepat Waktu,1.0,0.0
MHS023640,2022,,2.84,3.19,147,55,144,3,Terlambat,0.0393,0.9607
MHS023658,2022,,2.84,3.26,147,69,144,3,Terlambat,0.4415,0.5585
MHS023786,2022,,2.72,2.72,144,57,144,0,Terlambat,0.0005,0.9995
MHS024241,2024,,3.41,2.08,56,22,95,-39,Tepat Waktu,1.0,0.0
MHS018451,2024,,3.17,2.67,57,24,95,-38,Tepat Waktu,1.0,0.0
MHS018762,2023,,3.17,2.44,18,7,135,-117,Tepat Waktu,1.0,0.0
MHS019088,2023,,3.19,3.07,107,43,135,-28,Tepat Waktu,1.0,0.0
MHS019578,2024,,3.21,1.25,57,21,95,-38,Tepat Waktu,1.0,0.0
MHS019697,2022,,3.23,1.79,123,50,144,-21,Terlambat,0.0005,0.9995
MHS019895,2022,,3.22,3.48,148,60,144,4,Tepat Waktu,0.5954,0.4046
MHS020217,2021,,3.24,3.25,153,63,144,9,Tepat Waktu,0.7826,0.2174
MHS020684,2021,,2.61,2.61,152,60,144,8,Terlambat,0.0001,0.9999
MHS020719,2022,,3.19,3.2,149,56,144,5,Terlambat,0.2825,0.7175
MHS020747,2022,,3.29,3.11,128,49,144,-16,Tepat Waktu,0.9985,0.0015
MHS020859,2022,,3.08,3.08,148,60,144,4,Terlambat,0.0809,0.9191
MHS020935,2023,,2.79,2.81,111,43,135,-24,Tepat Waktu,1.0,0.0
MHS021604,2022,,2.86,2.87,145,57,144,1,Terlambat,0.0055,0.9945
MHS021629,2023,,3.35,3.25,104,40,135,-31,Tepat Waktu,1.0,0.0
MHS022104,2022,,3.16,1.89,125,51,144,-19,Terlambat,0.0004,0.9996
MHS022876,2022,,3.42,2.46,132,52,144,-12,Terlambat,0.0569,0.9431
MHS023846,2022,,2.8,3.66,146,59,144,2,Terlambat,0.1071,0.8929
MHS024230,2023,,3.58,2.72,107,43,135,-28,Tepat Waktu,1.0,0.0
MHS024485,2021,,2.89,3.43,145,60,144,1,Terlambat,0.2285,0.7715
MHS018510,2023,,3.57,0.96,84,36,135,-51,Tepat Waktu,1.0,0.0
MHS018900,2020,,2.42,2.41,150,56,144,6,Terlambat,0.0,1.0
MHS019971,2024,,3.23,1.84,56,22,95,-39,Tepat Waktu,1.0,0.0
MHS020000,2020,,2.75,2.75,152,63,144,8,Terlambat,0.0025,0.9975
MHS020305,2023,,3.3,2.7,103,45,135,-32,Tepat Waktu,1.0,0.0
MHS020577,2024,,3.28,1.79,55,22,95,-40,Tepat Waktu,1.0,0.0
MHS021038,2020,,2.71,2.7,150,58,144,6,Terlambat,0.0006,0.9994
MHS021074,2022,,3.11,3.48,148,56,144,4,Terlambat,0.4064,0.5936
MHS021349,2022,,3.05,3.28,148,60,144,4,Terlambat,0.2466,0.7534
MHS021472,2019,,2.57,2.6,155,55,144,11,Terlambat,0.0001,0.9999
MHS021560,2023,,3.31,2.69,102,36,135,-33,Tepat Waktu,1.0,0.0
MHS023067,2023,,3.46,2.85,106,41,135,-29,Tepat Waktu,1.0,0.0
MHS023307,2024,,3.42,2.79,59,23,95,-36,Tepat Waktu,1.0,0.0
MHS023790,2022,,2.86,3.1,144,54,144,0,Terlambat,0.0227,0.9773
MHS024202,2022,,2.75,2.75,147,56,144,3,Terlambat,0.0007,0.9993
MHS024234,2021,,3.16,3.3,152,59,144,8,Tepat Waktu,0.5748,0.4252
MHS024407,2022,,3.53,2.39,139,55,144,-5,Terlambat,0.0011,0.9989
MHS024568,2022,,3.39,3.33,140,53,144,-4,Tepat Waktu,0.7987,0.2013
MHS018724,2023,,3.25,2.72,106,42,135,-29,Tepat Waktu,1.0,0.0
MHS019621,2020,,2.3,2.3,152,62,144,8,Terlambat,0.0,1.0
MHS019681,2023,,2.87,1.59,79,29,135,-56,Tepat Waktu,1.0,0.0
MHS019851,2022,,3.15,2.14,130,50,144,-14,Terlambat,0.0014,0.9986
MHS020006,2023,,3.28,2.84,104,37,135,-31,Tepat Waktu,1.0,0.0
MHS020153,2024,,3.32,1.9,58,23,95,-37,Tepat Waktu,1.0,0.0
MHS020515,2024,,3.26,2.37,59,23,95,-36,Tepat Waktu,1.0,0.0
MHS020635,2019,,2.5,2.49,150,57,144,6,Terlambat,0.0,1.0
MHS021070,2022,,3.11,3.31,148,64,144,4,Terlambat,0.4182,0.5818
MHS021363,2023,,3.38,3.02,103,40,135,-32,Tepat Waktu,1.0,0.0
MHS021398,2022,,3.04,3.39,148,52,144,4,Terlambat,0.3267,0.6733
MHS021845,2022,,3.28,2.69,140,59,144,-4,Terlambat,0.0266,0.9734
MHS022083,2023,,3.37,2.45,104,38,135,-31,Tepat Waktu,1.0,0.0
MHS022760,2024,,3.38,1.9,55,21,95,-40,Tepat Waktu,1.0,0.0
MHS023031,2023,,3.36,2.82,102,42,135,-33,Tepat Waktu,1.0,0.0
MHS023110,2020,,2.5,2.51,150,62,144,6,Terlambat,0.0,1.0
MHS023167,2020,,2.43,2.48,151,57,144,7,Terlambat,0.0,1.0
MHS023533,2023,,3.47,2.65,107,42,135,-28,Tepat Waktu,1.0,0.0
MHS023839,2024,,3.53,2.27,58,26,95,-37,Tepat Waktu,1.0,0.0
MHS023880,2021,,2.83,3.27,148,58,144,4,Terlambat,0.079,0.921
MHS023968,2024,,3.41,2.51,60,23,95,-35,Tepat Waktu,1.0,0.0
MHS018880,2022,,3.06,3.06,152,60,144,8,Terlambat,0.0995,0.9005
MHS018995,2023,,3.24,2.45,104,40,135,-31,Tepat Waktu,1.0,0.0
MHS019031,2019,,2.42,2.41,153,61,144,9,Terlambat,0.0,1.0
MHS019829,2021,,3.04,3.05,150,56,144,6,Terlambat,0.0725,0.9275
MHS020277,2022,,2.8,2.8,148,59,144,4,Terlambat,0.0013,0.9987
MHS020525,2020,,2.53,2.61,153,61,144,9,Terlambat,0.0001,0.9999
MHS021504,2023,,3.28,3.09,107,42,135,-28,Tepat Waktu,1.0,0.0
MHS021886,2019,,1.65,1.67,149,56,144,5,Terlambat,0.0,1.0
MHS022399,2024,,3.37,2.41,59,23,95,-36,Tepat Waktu,1.0,0.0
MHS023176,2022,,2.92,3.07,146,60,144,2,Terlambat,0.0291,0.9709
MHS023246,2023,,3.33,2.29,100,38,135,-35,Tepat Waktu,1.0,0.0
MHS023327,2024,,3.49,2.51,58,26,95,-37,Tepat Waktu,1.0,0.0
MHS023734,2020,,2.83,2.88,148,61,144,4,Terlambat,0.0067,0.9933
MHS024130,2022,,2.83,3.11,144,58,144,0,Terlambat,0.0188,0.9812
MHS024365,2021,,2.56,2.56,145,58,144,1,Terlambat,0.0,1.0
MHS024564,2021,,2.34,2.34,148,59,144,4,Terlambat,0.0,1.0
MHS019182,2024,,3.22,1.63,59,22,95,-36,Tepat Waktu,1.0,0.0
MHS019227,2022,,3.14,3.15,152,60,144,8,Terlambat,0.228,0.772
MHS019577,2020,,2.6,2.6,150,60,144,6,Terlambat,0.0001,0.9999
MHS019794,2024,,3.22,2.04,57,22,95,-38,Tepat Waktu,1.0,0.0
MHS019906,2023,,3.21,2.8,99,43,135,-36,Tepat Waktu,1.0,0.0
MHS020074,2023,,2.89,1.77,79,34,135,-56,Tepat Waktu,1.0,0.0
MHS020691,2024,,3.28,2.23,59,23,95,-36,Tepat Waktu,1.0,0.0
MHS020867,2024,,3.25,2.12,57,22,95,-38,Tepat Waktu,1.0,0.0
MHS021249,2024,,3.29,2.34,59,23,95,-36,Tepat Waktu,1.0,0.0
MHS021405,2023,,3.28,2.39,96,37,135,-39,Tepat Waktu,1.0,0.0
MHS022293,2023,,3.42,2.75,107,41,135,-28,Tepat Waktu,1.0,0.0
MHS022531,2024,,3.33,2.38,56,22,95,-39,Tepat Waktu,1.0,0.0
MHS023018,2023,,3.43,2.52,103,42,135,-32,Tepat Waktu,1.0,0.0
MHS023045,2024,,3.44,3.5,36,14,95,-59,Tepat Waktu,1.0,0.0
MHS023180,2021,,2.78,2.78,148,57,144,4,Terlambat,0.0018,0.9982
MHS023633,2022,,2.86,3.33,144,58,144,0,Terlambat,0.0661,0.9339
MHS023731,2022,,2.83,3.31,147,69,144,3,Terlambat,0.4744,0.5256
MHS023761,2022,,2.86,2.94,144,57,144,0,Terlambat,0.0106,0.9894
MHS023810,2023,,3.43,2.09,99,36,135,-36,Tepat Waktu,1.0,0.0
MHS024050,2022,,2.81,3.58,147,69,144,3,Tepat Waktu,0.6016,0.3984
MHS024195,2021,,2.9,3.12,145,60,144,1,Terlambat,0.0522,0.9478
MHS024444,2024,,3.44,2.38,60,23,95,-35,Tepat Waktu,1.0,0.0
MHS018482,2023,,3.2,2.41,103,39,135,-32,Tepat Waktu,1.0,0.0
MHS018631,2023,,3.1,2.21,98,41,135,-37,Tepat Waktu,1.0,0.0
MHS018653,2021,,2.5,2.22,157,60,144,13,Terlambat,0.0,1.0
MHS018934,2023,,3.15,2.11,99,37,135,-36,Tepat Waktu,1.0,0.0
MHS019909,2023,,3.21,2.38,99,43,135,-36,Tepat Waktu,1.0,0.0
MHS020355,2024,,3.24,1.71,56,24,95,-39,Tepat Waktu,1.0,0.0
MHS020572,2023,,3.22,2.99,107,43,135,-28,Tepat Waktu,1.0,0.0
MHS020908,2020,,2.25,2.24,151,60,144,7,Terlambat,0.0,1.0
MHS021488,2022,,3.21,2.84,141,60,144,-3,Terlambat,0.0717,0.9283
MHS021722,2024,,3.39,2.48,58,25,95,-37,Tepat Waktu,1.0,0.0
MHS021984,2022,,2.73,2.73,145,58,144,1,Terlambat,0.0005,0.9995
MHS022303,2024,,3.37,2.43,59,23,95,-36,Tepat Waktu,1.0,0.0
MHS022379,2024,,3.35,1.51,60,25,95,-35,Tepat Waktu,1.0,0.0
MHS022480,2024,,3.32,2.13,56,22,95,-39,Tepat Waktu,1.0,0.0
MHS023054,2021,,2.98,2.98,150,62,144,6,Terlambat,0.0535,0.9465
MHS023707,2021,,2.86,2.87,150,57,144,6,Terlambat,0.0089,0.9911
MHS023842,2022,,2.86,3.04,144,55,144,0,Terlambat,0.0147,0.9853
MHS023895,2024,,3.39,2.07,56,21,95,-39,Tepat Waktu,1.0,0.0
MHS024411,2021,,2.8,3.01,148,61,144,4,Terlambat,0.0136,0.9864
MHS018567,2023,,3.25,2.79,108,44,135,-27,Tepat Waktu,1.0,0.0
MHS018858,2024,,3.27,2.0,58,25,95,-37,Tepat Waktu,1.0,0.0
MHS019759,2021,,2.78,2.8,152,58,144,8,Terlambat,0.0024,0.9976
MHS020376,2023,,3.23,2.53,99,43,135,-36,Tepat Waktu,1.0,0.0
MHS020459,2023,,3.25,2.28,18,7,135,-117,Tepat Waktu,1.0,0.0
MHS020491,2023,,3.25,1.97,97,36,135,-38,Tepat Waktu,1.0,0.0
MHS021965,2023,,3.23,2.21,98,38,135,-37,Tepat Waktu,1.0,0.0
MHS022013,2022,,3.13,3.29,145,51,144,1,Terlambat,0.4042,0.5958
MHS022516,2023,,3.47,2.95,101,39,135,-34,Tepat Waktu,1.0,0.0
MHS022752,2023,,3.48,2.4,101,41,135,-34,Tepat Waktu,1.0,0.0
MHS023021,2023,,2.96,1.13,75,30,135,-60,Tepat Waktu,1.0,0.0
MHS023160,2020,,2.54,2.53,154,54,144,10,Terlambat,0.0,1.0
MHS023232,2024,,3.49,2.83,58,24,95,-37,Tepat Waktu,1.0,0.0
MHS023370,2022,,3.4,2.82,138,55,144,-6,Terlambat,0.1369,0.8631
MHS023458,2021,,2.39,2.4,150,58,144,6,Terlambat,0.0,1.0
MHS023639,2021,,2.67,2.57,151,61,144,7,Terlambat,0.0001,0.9999
MHS023883,2021,,2.81,3.2,148,55,144,4,Terlambat,0.0325,0.9675
MHS024282,2022,,2.72,2.89,144,59,144,0,Terlambat,0.0026,0.9974
MHS024437,2022,,3.94,3.48,144,50,144,0,Tepat Waktu,0.7954,0.2046
MHS024502,2021,,2.79,2.82,145,68,144,1,Terlambat,0.0272,0.9728
MHS019247,2023,,3.26,2.63,106,42,135,-29,Tepat Waktu,1.0,0.0
MHS019492,2023,,3.18,2.61,18,7,135,-117,Tepat Waktu,1.0,0.0
MHS020370,2023,,3.24,2.35,102,39,135,-33,Tepat Waktu,1.0,0.0
MHS021185,2022,,3.09,3.38,148,57,144,4,Terlambat,0.3226,0.6774
MHS021848,2022,,2.88,3.57,156,58,144,12,Terlambat,0.4786,0.5214
MHS021888,2023,,3.31,2.38,99,43,135,-36,Tepat Waktu,1.0,0.0
MHS021919,2023,,3.22,2.59,100,39,135,-35,Tepat Waktu,1.0,0.0
MHS022845,2022,,3.03,3.14,145,55,144,1,Terlambat,0.0745,0.9255
MHS022894,2019,,2.6,2.59,149,62,144,5,Terlambat,0.0,1.0
MHS023409,2023,,3.48,2.81,106,41,135,-29,Tepat Waktu,1.0,0.0
MHS018649,2023,,3.21,2.52,103,39,135,-32,Tepat Waktu,1.0,0.0
MHS019287,2022,,3.2,2.2,139,62,144,-5,Terlambat,0.0,1.0
MHS019369,2024,,3.23,2.36,60,23,95,-35,Tepat Waktu,1.0,0.0
MHS020026,2024,,3.26,2.11,60,23,95,-35,Tepat Waktu,1.0,0.0
MHS020295,2022,,3.23,2.57,139,55,144,-5,Terlambat,0.0045,0.9955
MHS020732,2023,,3.25,2.29,102,39,135,-33,Tepat Waktu,1.0,0.0
MHS021274,2022,,3.07,3.07,149,56,144,5,Terlambat,0.0908,0.9092
MHS021808,2023,,3.35,3.1,104,43,135,-31,Tepat Waktu,1.0,0.0
MHS021938,2024,,3.28,2.15,57,22,95,-38,Tepat Waktu,1.0,0.0
MHS022235,2020,,2.46,2.46,150,56,144,6,Terlambat,0.0,1.0
MHS022245,2023,,3.4,2.91,103,42,135,-32,Tepat Waktu,1.0,0.0
MHS022380,2024,,3.3,1.47,57,24,95,-38,Tepat Waktu,1.0,0.0
MHS023894,2022,,2.79,3.26,146,59,144,2,Terlambat,0.0279,0.9721
MHS023960,2023,,3.48,2.88,103,43,135,-32,Tepat Waktu,1.0,0.0
MHS020549,2024,,3.24,1.85,57,22,95,-38,Tepat Waktu,1.0,0.0
MHS021075,2022,,3.11,3.31,148,52,144,4,Terlambat,0.3521,0.6479
MHS021381,2024,,3.33,1.95,55,21,95,-40,Tepat Waktu,1.0,0.0
MHS021762,2024,,3.28,1.59,56,22,95,-39,Tepat Waktu,1.0,0.0
MHS022263,2024,,3.42,2.28,58,26,95,-37,Tepat Waktu,1.0,0.0
MHS022435,2021,,2.99,2.99,149,59,144,5,Terlambat,0.0373,0.9627
MHS022953,2022,,3.03,3.04,145,68,144,1,Terlambat,0.2842,0.7158
MHS023139,2021,,3.07,3.07,149,62,144,5,Terlambat,0.1421,0.8579
MHS023147,2023,,2.72,2.92,110,43,135,-25,Tepat Waktu,1.0,0.0
MHS023474,2023,,3.47,2.64,105,36,135,-30,Tepat Waktu,1.0,0.0
MHS023612,2022,,3.86,3.57,144,58,144,0,Tepat Waktu,0.7439,0.2561
MHS023624,2021,,2.94,3.02,145,58,144,1,Terlambat,0.046,0.954
MHS024338,2021,,3.31,3.22,155,64,144,11,Tepat Waktu,0.8538,0.1462
MHS024458,2024,,3.43,2.18,56,21,95,-39,Tepat Waktu,1.0,0.0
MHS018498,2023,,3.19,3.19,107,43,135,-28,Tepat Waktu,1.0,0.0
MHS018874,2023,,3.15,2.07,99,37,135,-36,Tepat Waktu,1.0,0.0
MHS019220,2023,,3.27,2.78,105,46,135,-30,Tepat Waktu,1.0,0.0
MHS019315,2023,,3.26,2.88,106,42,135,-29,Tepat Waktu,1.0,0.0
MHS019334,2020,,2.52,2.52,153,58,144,9,Terlambat,0.0,1.0
MHS019562,2020,,2.81,2.8,150,56,144,6,Terlambat,0.0034,0.9966
MHS019686,2020,,1.96,1.99,153,61,144,9,Terlambat,0.0,1.0
MHS019866,2024,,3.23,2.28,59,22,95,-36,Tepat Waktu,1.0,0.0
MHS020596,2022,,3.15,2.52,141,54,144,-3,Terlambat,0.0016,0.9984
MHS020926,2022,,3.11,2.99,143,59,144,-1,Terlambat,0.0616,0.9384
MHS021344,2024,,3.31,2.27,59,23,95,-36,Tepat Waktu,1.0,0.0
MHS022459,2022,,2.64,2.64,145,57,144,1,Terlambat,0.0001,0.9999
MHS022779,2024,,3.46,2.33,58,26,95,-37,Tepat Waktu,1.0,0.0
MHS023230,2022,,3.56,3.52,141,55,144,-3,Tepat Waktu,0.8661,0.1339
MHS023645,2022,,2.78,2.77,144,59,144,0,Terlambat,0.0014,0.9986
MHS023686,2020,,2.28,2.41,151,57,144,7,Terlambat,0.0,1.0
MHS023963,2022,,2.82,3.09,147,56,144,3,Terlambat,0.0189,0.9811
MHS024021,2022,,2.78,3.51,146,68,144,2,Terlambat,0.423,0.577
MHS024250,2024,,3.32,2.57,62,29,95,-33,Tepat Waktu,1.0,0.0
MHS024357,2022,,2.73,2.98,146,55,144,2,Terlambat,0.0045,0.9955
MHS024379,2022,,2.76,3.29,147,60,144,3,Terlambat,0.0407,0.9593
MHS024572,2022,,2.71,3.34,144,58,144,0,Terlambat,0.0318,0.9682
MHS018683,2024,,3.26,1.96,58,26,95,-37,Tepat Waktu,1.0,0.0
MHS019200,2023,,3.17,2.2,99,37,135,-36,Tepat Waktu,1.0,0.0
MHS019625,2023,,2.5,1.4,79,32,135,-56,Tepat Waktu,1.0,0.0
MHS020314,2021,,2.79,2.68,159,58,144,15,Terlambat,0.0115,0.9885
MHS021606,2023,,3.21,2.22,100,38,135,-35,Tepat Waktu,1.0,0.0
MHS021633,2023,,3.22,2.16,98,38,135,-37,Tepat Waktu,1.0,0.0
MHS022437,2021,,3.19,3.18,150,56,144,6,Terlambat,0.2738,0.7262
MHS022652,2024,,3.45,2.34,58,26,95,-37,Tepat Waktu,1.0,0.0
MHS022773,2024,,3.88,4.0,62,21,95,-33,Tepat Waktu,1.0,0.0
MHS023082,2023,,3.53,2.3,101,41,135,-34,Tepat Waktu,1.0,0.0
MHS023460,2021,,2.47,2.47,150,57,144,6,Terlambat,0.0,1.0
MHS023700,2024,,3.39,1.94,56,23,95,-39,Tepat Waktu,1.0,0.0
MHS023908,2022,,2.84,3.25,144,55,144,0,Terlambat,0.0407,0.9593
MHS023917,2020,,2.25,2.24,152,62,144,8,Terlambat,0.0,1.0
MHS024136,2021,,3.01,3.02,150,57,144,6,Terlambat,0.0508,0.9492
MHS024138,2021,,2.28,2.42,151,58,144,7,Terlambat,0.0,1.0
MHS024286,2021,,2.73,2.7,150,61,144,6,Terlambat,0.0006,0.9994
MHS024413,2022,,2.72,3.06,146,55,144,2,Terlambat,0.0072,0.9928
MHS024570,2022,,2.71,3.17,144,52,144,0,Terlambat,0.0188,0.9812
MHS018556,2024,,3.19,2.3,59,23,95,-36,Tepat Waktu,1.0,0.0
MHS019403,2023,,3.27,2.52,106,42,135,-29,Tepat Waktu,1.0,0.0
MHS020352,2019,,2.03,2.12,150,56,144,6,Terlambat,0.0,1.0
MHS020473,2021,,2.63,2.63,150,58,144,6,Terlambat,0.0001,0.9999
MHS020675,2024,,3.28,2.23,55,22,95,-40,Tepat Waktu,1.0,0.0
MHS020883,2020,,2.77,2.77,152,59,144,8,Terlambat,0.0019,0.9981
MHS021260,2022,,3.08,3.41,148,60,144,4,Terlambat,0.3815,0.6185
MHS021691,2022,,3.32,2.75,139,58,144,-5,Terlambat,0.0672,0.9328
MHS021715,2022,,3.14,3.29,145,59,144,1,Terlambat,0.3442,0.6558
MHS021893,2021,,3.04,3.03,150,69,144,6,Tepat Waktu,0.5936,0.4064
MHS022124,2024,,3.24,3.25,36,14,95,-59,Tepat Waktu,1.0,0.0
MHS022141,2021,,3.21,3.3,151,56,144,7,Terlambat,0.4535,0.5465
MHS022507,2024,,3.21,2.42,62,23,95,-33,Tepat Waktu,1.0,0.0
MHS022514,2022,,3.3,2.55,138,53,144,-6,Terlambat,0.0075,0.9925
MHS022556,2021,,3.2,3.19,151,57,144,7,Terlambat,0.3251,0.6749
MHS022708,2023,,3.39,1.93,98,37,135,-37,Tepat Waktu,1.0,0.0
MHS023697,2023,,2.97,2.61,81,31,135,-54,Tepat Waktu,1.0,0.0
MHS023702,2024,,3.44,2.78,59,23,95,-36,Tepat Waktu,1.0,0.0
MHS023879,2023,,3.09,1.7,88,33,135,-47,Tepat Waktu,1.0,0.0
MHS024214,2022,,2.75,3.12,146,63,144,2,Terlambat,0.0273,0.9727
MHS024371,2022,,2.72,2.81,144,50,144,0,Terlambat,0.0021,0.9979
MHS024511,2022,,2.74,3.44,147,60,144,3,Terlambat,0.0375,0.9625
MHS018598,2022,,2.43,2.62,143,59,144,-1,Terlambat,0.0,1.0
MHS018691,2023,,3.17,2.95,107,43,135,-28,Tepat Waktu,1.0,0.0
MHS019004,2022,,3.2,2.17,135,53,144,-9,Terlambat,0.0001,0.9999
MHS019110,2024,,3.21,1.72,59,22,95,-36,Tepat Waktu,1.0,0.0
MHS019356,2023,,3.24,2.48,104,37,135,-31,Tepat Waktu,1.0,0.0
MHS019915,2024,,3.29,2.48,61,25,95,-34,Tepat Waktu,1.0,0.0
MHS020244,2022,,3.32,1.98,119,45,144,-25,Tepat Waktu,0.8478,0.1522
MHS020417,2024,,3.24,2.45,57,23,95,-38,Tepat Waktu,1.0,0.0
MHS021102,2021,,3.24,3.28,150,57,144,6,Tepat Waktu,0.5382,0.4618
MHS021332,2024,,3.27,1.87,57,22,95,-38,Tepat Waktu,1.0,0.0
MHS021813,2022,,3.83,3.53,145,55,144,1,Tepat Waktu,0.793,0.207
MHS021840,2024,,3.33,2.36,59,23,95,-36,Tepat Waktu,1.0,0.0
MHS021977,2024,,3.29,2.14,57,22,95,-38,Tepat Waktu,1.0,0.0
MHS022221,2023,,3.36,2.8,107,41,135,-28,Tepat Waktu,1.0,0.0
MHS022394,2022,,3.28,3.02,141,57,144,-3,Terlambat,0.1863,0.8137
MHS022592,2022,,2.7,2.71,145,57,144,1,Terlambat,0.0003,0.9997
MHS022767,2022,,3.13,2.03,131,52,144,-13,Terlambat,0.0,1.0
MHS023035,2021,,2.48,2.48,148,51,144,4,Terlambat,0.0,1.0
MHS023265,2021,,2.93,2.91,150,62,144,6,Terlambat,0.0229,0.9771
MHS023557,2022,,3.56,3.56,142,55,144,-2,Tepat Waktu,0.8482,0.1518
MHS023646,2022,,2.86,3.0,144,58,144,0,Terlambat,0.0173,0.9827
MHS023943,2024,,3.45,2.2,59,23,95,-36,Tepat Waktu,1.0,0.0
MHS024344,2024,,3.55,2.18,58,24,95,-37,Tepat Waktu,1.0,0.0
MHS018528,2023,,3.21,2.44,103,39,135,-32,Tepat Waktu,1.0,0.0
MHS019527,2024,,3.13,0.0,17,6,95,-78,Tepat Waktu,1.0,0.0
MHS019736,2023,,3.31,2.9,105,46,135,-30,Tepat Waktu,1.0,0.0
MHS020042,2021,,2.98,2.98,151,59,144,7,Terlambat,0.041,0.959
MHS020934,2023,,3.3,2.85,108,39,135,-27,Tepat Waktu,1.0,0.0
MHS020987,2022,,3.36,2.62,133,51,144,-11,Terlambat,0.1933,0.8067
MHS021083,2023,,3.34,2.93,103,40,135,-32,Tepat Waktu,1.0,0.0
MHS021924,2022,,3.83,3.57,145,66,144,1,Tepat Waktu,0.9491,0.0509
MHS023177,2024,,3.24,2.78,62,29,95,-33,Tepat Waktu,1.0,0.0
MHS023488,2024,,3.43,2.57,59,23,95,-36,Tepat Waktu,1.0,0.0
MHS024019,2022,,2.82,3.13,147,59,144,3,Terlambat,0.018,0.982
MHS024074,2022,,3.22,2.94,143,58,144,-1,Terlambat,0.0661,0.9339
MHS024287,2022,,2.72,3.1,144,57,144,0,Terlambat,0.0069,0.9931
MHS024364,2022,,2.72,2.9,146,58,144,2,Terlambat,0.0022,0.9978
MHS018749,2023,,3.2,2.56,97,38,135,-38,Tepat Waktu,1.0,0.0
MHS019065,2023,,3.19,2.44,102,40,135,-33,Tepat Waktu,1.0,0.0
MHS020194,2023,,2.25,2.76,108,42,135,-27,Tepat Waktu,1.0,0.0
MHS020204,2022,,3.12,3.12,148,60,144,4,Terlambat,0.1227,0.8773
MHS020922,2024,,3.29,2.15,60,23,95,-35,Tepat Waktu,1.0,0.0
MHS021085,2024,,3.17,2.37,62,23,95,-33,Tepat Waktu,1.0,0.0
MHS021169,2023,,3.24,1.33,89,37,135,-46,Tepat Waktu,1.0,0.0
MHS021682,2022,,2.94,2.95,148,62,144,4,Terlambat,0.0296,0.9704
MHS021863,2021,,3.11,3.1,155,62,144,11,Tepat Waktu,0.5481,0.4519
MHS022137,2023,,3.3,1.99,98,37,135,-37,Tepat Waktu,1.0,0.0
MHS022226,2021,,3.08,3.08,154,58,144,10,Terlambat,0.294,0.706
MHS022407,2022,,3.11,3.1,145,58,144,1,Terlambat,0.1352,0.8648
MHS022408,2023,,3.36,2.2,98,37,135,-37,Tepat Waktu,1.0,0.0
MHS022448,2024,,3.47,2.66,54,19,95,-41,Tepat Waktu,1.0,0.0
MHS022478,2021,,2.56,2.54,150,57,144,6,Terlambat,0.0,1.0
MHS022701,2022,,3.3,2.92,142,55,144,-2,Terlambat,0.1267,0.8733
MHS022759,2023,,3.45,2.8,106,41,135,-29,Tepat Waktu,1.0,0.0
MHS022796,2022,,3.56,2.33,117,43,144,-27,Tepat Waktu,1.0,0.0
MHS022800,2022,,2.89,3.59,148,60,144,4,Terlambat,0.1444,0.8556
MHS022920,2023,,3.5,2.76,101,45,135,-34,Tepat Waktu,1.0,0.0
MHS023171,2022,,2.86,2.87,146,58,144,2,Terlambat,0.0036,0.9964
MHS023187,2023,,3.33,2.49,100,39,135,-35,Tepat Waktu,1.0,0.0
MHS023222,2021,,3.1,3.1,150,57,144,6,Terlambat,0.1328,0.8672
MHS023266,2020,,3.11,2.55,157,60,144,13,Terlambat,0.0082,0.9918
MHS023531,2022,,2.95,3.21,145,58,144,1,Terlambat,0.0677,0.9323
MHS023568,2024,,3.42,2.23,61,24,95,-34,Tepat Waktu,1.0,0.0
MHS023742,2021,,2.94,3.24,145,61,144,1,Terlambat,0.1942,0.8058
MHS023765,2021,,3.14,3.27,149,53,144,5,Terlambat,0.4265,0.5735
MHS024509,2022,,2.74,3.25,147,56,144,3,Terlambat,0.0233,0.9767
MHS018459,2024,,3.15,1.88,55,24,95,-40,Tepat Waktu,1.0,0.0
MHS018847,2024,,3.18,2.26,57,24,95,-38,Tepat Waktu,1.0,0.0
MHS019109,2023,,3.25,2.5,103,40,135,-32,Tepat Waktu,1.0,0.0
MHS019435,2023,,3.17,2.68,100,41,135,-35,Tepat Waktu,1.0,0.0
MHS019844,2023,,3.17,2.44,100,41,135,-35,Tepat Waktu,1.0,0.0
MHS019956,2022,,3.16,3.15,143,58,144,-1,Terlambat,0.1819,0.8181
MHS020592,2024,,3.25,1.07,56,22,95,-39,Tepat Waktu,1.0,0.0
MHS021201,2023,,3.36,3.03,103,40,135,-32,Tepat Waktu,1.0,0.0
MHS021213,2022,,3.9,3.67,148,60,144,4,Tepat Waktu,0.7528,0.2472
MHS021236,2019,,1.83,1.92,150,63,144,6,Terlambat,0.0,1.0
MHS021737,2022,,3.21,2.75,141,53,144,-3,Terlambat,0.0198,0.9802
MHS022028,2023,,3.4,2.93,106,41,135,-29,Tepat Waktu,1.0,0.0
MHS022099,2023,,3.39,2.41,103,44,135,-32,Tepat Waktu,1.0,0.0
MHS022390,2022,,3.11,3.16,145,56,144,1,Terlambat,0.1218,0.8782
MHS022622,2024,,3.36,2.48,60,23,95,-35,Tepat Waktu,1.0,0.0
MHS022633,2024,,3.45,2.69,58,26,95,-37,Tepat Waktu,1.0,0.0
MHS022844,2023,,3.44,2.76,105,42,135,-30,Tepat Waktu,1.0,0.0
MHS022851,2024,,3.35,2.34,56,22,95,-39,Tepat Waktu,1.0,0.0
MHS023291,2021,,2.7,2.7,148,60,144,4,Terlambat,0.0003,0.9997
MHS023588,2022,,3.86,3.54,144,56,144,0,Tepat Waktu,0.8013,0.1987
MHS023804,2023,,3.5,2.72,105,44,135,-30,Tepat Waktu,1.0,0.0
MHS024104,2021,,2.86,2.9,149,59,144,5,Terlambat,0.0117,0.9883
MHS024190,2021,,2.72,2.64,151,54,144,7,Terlambat,0.0002,0.9998
MHS024225,2022,,2.83,2.96,144,60,144,0,Terlambat,0.0081,0.9919
MHS024289,2022,,2.78,2.81,147,54,144,3,Terlambat,0.0017,0.9983
MHS024301,2022,,3.49,2.53,138,54,144,-6,Terlambat,0.0092,0.9908
MHS024471,2021,,2.73,2.71,149,55,144,5,Terlambat,0.0004,0.9996
MHS024510,2022,,2.69,3.17,146,51,144,2,Terlambat,0.0159,0.9841
MHS018826,2022,,3.06,2.6,141,54,144,-3,Terlambat,0.0026,0.9974
MHS019059,2024,,3.2,2.44,57,23,95,-38,Tepat Waktu,1.0,0.0
MHS019174,2022,,2.92,2.91,152,61,144,8,Terlambat,0.0168,0.9832
MHS019336,2024,,3.2,1.99,56,22,95,-39,Tepat Waktu,1.0,0.0
MHS019515,2024,,3.19,1.84,55,21,95,-40,Tepat Waktu,1.0,0.0
MHS019703,2024,,3.23,1.9,59,22,95,-36,Tepat Waktu,1.0,0.0
MHS020846,2020,,3.42,2.45,164,65,144,20,Terlambat,0.4512,0.5488
MHS021918,2024,,3.28,2.22,57,22,95,-38,Tepat Waktu,1.0,0.0
MHS022491,2024,,3.43,2.44,18,7,95,-77,Tepat Waktu,1.0,0.0
MHS022827,2023,,3.37,1.21,95,40,135,-40,Tepat Waktu,1.0,0.0
MHS022900,2024,,3.35,2.13,56,25,95,-39,Tepat Waktu,1.0,0.0
MHS023277,2024,,3.34,2.58,57,22,95,-38,Tepat Waktu,1.0,0.0
MHS023361,2024,,3.5,2.08,58,26,95,-37,Tepat Waktu,1.0,0.0
MHS023749,2022,,2.86,3.18,144,58,144,0,Terlambat,0.0518,0.9482
MHS024424,2023,,3.44,2.66,108,42,135,-27,Tepat Waktu,1.0,0.0
MHS024469,2022,,2.72,3.02,144,55,144,0,Terlambat,0.0063,0.9937
MHS018769,2023,,3.22,2.3,96,39,135,-39,Tepat Waktu,1.0,0.0
MHS018783,2022,,2.87,1.96,122,48,144,-22,Terlambat,0.0064,0.9936
MHS019313,2024,,3.2,1.63,56,25,95,-39,Tepat Waktu,1.0,0.0
MHS020062,2024,,3.33,2.51,54,19,95,-41,Tepat Waktu,1.0,0.0
MHS022327,2023,,3.33,2.83,99,43,135,-36,Tepat Waktu,1.0,0.0
MHS022526,2024,,3.18,1.38,36,13,95,-59,Tepat Waktu,1.0,0.0
MHS022780,2023,,3.4,2.9,104,43,135,-31,Tepat Waktu,1.0,0.0
MHS023070,2020,,3.04,3.03,150,56,144,6,Terlambat,0.0679,0.9321
MHS023086,2022,,3.21,3.06,143,59,144,-1,Terlambat,0.2095,0.7905
MHS023356,2022,,2.98,3.15,145,56,144,1,Terlambat,0.0849,0.9151
MHS023606,2023,,3.44,2.91,103,40,135,-32,Tepat Waktu,1.0,0.0
MHS023679,2020,,2.17,2.15,149,57,144,5,Terlambat,0.0,1.0
MHS023945,2020,,2.71,2.6,151,59,144,7,Terlambat,0.0002,0.9998
MHS024345,2024,,3.42,1.57,56,21,95,-39,Tepat Waktu,1.0,0.0
MHS020089,2021,,2.97,2.99,153,54,144,9,Terlambat,0.0842,0.9158
MHS021361,2023,,3.42,2.93,101,39,135,-34,Tepat Waktu,1.0,0.0
MHS021880,2024,,3.39,1.77,58,25,95,-37,Tepat Waktu,1.0,0.0
MHS022151,2023,,3.27,2.06,97,36,135,-38,Tepat Waktu,1.0,0.0
MHS022375,2023,,3.35,2.24,98,37,135,-37,Tepat Waktu,1.0,0.0
MHS022381,2022,,2.91,3.05,148,60,144,4,Terlambat,0.0362,0.9638
MHS022609,2021,,3.0,2.96,157,62,144,13,Terlambat,0.3266,0.6734
MHS022616,2020,,2.35,2.28,160,65,144,16,Terlambat,0.0,1.0
MHS022705,2021,,2.77,2.29,153,55,144,9,Terlambat,0.0,1.0
MHS023237,2022,,2.9,2.9,146,56,144,2,Terlambat,0.0088,0.9912
MHS023346,2020,,2.86,2.96,148,61,144,4,Terlambat,0.0159,0.9841
MHS023716,2021,,2.97,2.96,150,57,144,6,Terlambat,0.039,0.961
MHS023751,2020,,2.83,2.84,148,61,144,4,Terlambat,0.0047,0.9953
MHS023891,2022,,2.79,3.09,146,55,144,2,Terlambat,0.0155,0.9845
MHS024046,2021,,3.14,3.17,149,62,144,5,Terlambat,0.3045,0.6955
MHS019905,2021,,2.86,2.86,157,62,144,13,Terlambat,0.0752,0.9248
MHS020275,2023,,3.34,3.08,101,44,135,-34,Tepat Waktu,1.0,0.0
MHS020837,2023,,3.39,2.87,101,44,135,-34,Tepat Waktu,1.0,0.0
MHS020901,2022,,3.25,2.46,140,52,144,-4,Terlambat,0.0012,0.9988
MHS021007,2022,,3.12,3.38,148,60,144,4,Terlambat,0.3149,0.6851
MHS021104,2023,,3.27,2.48,99,43,135,-36,Tepat Waktu,1.0,0.0
MHS021870,2022,,3.33,2.46,135,54,144,-9,Terlambat,0.0081,0.9919
MHS022450,2022,,3.3,3.13,142,57,144,-2,Terlambat,0.3831,0.6169
MHS023215,2024,,3.4,2.2,59,23,95,-36,Tepat Waktu,1.0,0.0
MHS023412,2020,,3.09,3.08,153,63,144,9,Terlambat,0.4229,0.5771
MHS024098,2023,,3.25,1.25,92,37,135,-43,Tepat Waktu,1.0,0.0
MHS024133,2022,,2.77,3.03,146,51,144,2,Terlambat,0.0134,0.9866
MHS024418,2022,,2.72,3.38,146,59,144,2,Terlambat,0.0369,0.9631
MHS024439,2021,,2.94,2.9,152,62,144,8,Terlambat,0.0305,0.9695
MHS018436,2024,,3.25,2.21,58,24,95,-37,Tepat Waktu,1.0,0.0
MHS018484,2022,,3.26,3.31,151,57,144,7,Terlambat,0.4237,0.5763
MHS019359,2021,,2.56,2.52,152,58,144,8,Terlambat,0.0,1.0
MHS019384,2021,,2.6,2.59,150,61,144,6,Terlambat,0.0001,0.9999
MHS019459,2021,,2.7,2.69,150,57,144,6,Terlambat,0.0004,0.9996
MHS019849,2024,,3.3,2.24,58,25,95,-37,Tepat Waktu,1.0,0.0
MHS020544,2023,,3.18,2.29,98,38,135,-37,Tepat Waktu,1.0,0.0
MHS021159,2019,,2.87,2.88,152,62,144,8,Terlambat,0.02,0.98
MHS021242,2023,,3.4,2.19,101,39,135,-34,Tepat Waktu,1.0,0.0
MHS021413,2024,,3.27,2.35,57,22,95,-38,Tepat Waktu,1.0,0.0
MHS021529,2020,,2.37,2.4,152,62,144,8,Terlambat,0.0,1.0
MHS021536,2022,,3.38,2.34,136,52,144,-8,Terlambat,0.0022,0.9978
MHS021909,2023,,3.43,2.88,101,39,135,-34,Tepat Waktu,1.0,0.0
MHS022029,2022,,3.36,2.38,128,53,144,-16,Terlambat,0.2342,0.7658
MHS022093,2022,,2.93,3.12,148,51,144,4,Terlambat,0.0513,0.9487
MHS022305,2023,,3.33,2.64,102,38,135,-33,Tepat Waktu,1.0,0.0
MHS022748,2023,,3.48,2.75,101,39,135,-34,Tepat Waktu,1.0,0.0
MHS023211,2024,,3.48,2.49,58,26,95,-37,Tepat Waktu,1.0,0.0
MHS023553,2022,,3.4,2.35,138,51,144,-6,Terlambat,0.001,0.999
MHS023672,2019,,2.67,2.53,151,61,144,7,Terlambat,0.0001,0.9999
MHS023712,2020,,2.71,2.7,151,57,144,7,Terlambat,0.0004,0.9996
MHS023753,2023,,3.49,2.94,105,44,135,-30,Tepat Waktu,1.0,0.0
MHS024009,2019,,2.39,2.38,148,57,144,4,Terlambat,0.0,1.0
MHS024166,2021,,2.71,2.33,151,55,144,7,Terlambat,0.0,1.0
MHS018593,2023,,3.14,2.45,99,40,135,-36,Tepat Waktu,1.0,0.0
MHS018927,2022,,3.25,3.34,151,56,144,7,Terlambat,0.439,0.561
MHS018967,2024,,3.19,2.16,56,23,95,-39,Tepat Waktu,1.0,0.0
MHS019160,2024,,3.32,2.47,54,19,95,-41,Tepat Waktu,1.0,0.0
MHS019495,2024,,3.28,2.02,58,22,95,-37,Tepat Waktu,1.0,0.0
MHS019496,2020,,2.88,2.87,150,61,144,6,Terlambat,0.0104,0.9896
MHS019744,2024,,3.23,1.91,59,22,95,-36,Tepat Waktu,1.0,0.0
MHS020681,2023,,3.26,2.05,96,39,135,-39,Tepat Waktu,1.0,0.0
MHS020795,2023,,3.33,2.58,103,40,135,-32,Tepat Waktu,1.0,0.0
MHS020927,2023,,1.76,2.47,105,42,135,-30,Tepat Waktu,0.9975,0.0025
MHS021478,2024,,3.24,3.22,36,14,95,-59,Tepat Waktu,1.0,0.0
MHS022251,2023,,3.41,2.92,106,41,135,-29,Tepat Waktu,1.0,0.0
MHS022720,2023,,2.11,2.64,108,40,135,-27,Tepat Waktu,1.0,0.0
MHS022786,2021,,2.78,2.66,154,60,144,10,Terlambat,0.0017,0.9983
MHS023560,2022,,3.36,2.18,140,52,144,-4,Terlambat,0.0,1.0
MHS023611,2021,,2.97,2.96,152,62,144,8,Terlambat,0.0585,0.9415
MHS024265,2019,,2.13,2.14,145,53,144,1,Terlambat,0.0,1.0
MHS024267,2024,,3.47,2.58,59,23,95,-36,Tepat Waktu,1.0,0.0
MHS024441,2024,,3.47,2.61,61,24,95,-34,Tepat Waktu,1.0,0.0
MHS018789,2023,,3.25,2.67,106,42,135,-29,Tepat Waktu,1.0,0.0
MHS020053,2022,,3.31,2.13,132,52,144,-12,Terlambat,0.0003,0.9997
MHS020485,2023,,3.33,2.75,105,46,135,-30,Tepat Waktu,1.0,0.0
MHS020498,2023,,3.24,2.5,99,43,135,-36,Tepat Waktu,1.0,0.0
MHS020508,2024,,3.28,1.85,55,21,95,-40,Tepat Waktu,1.0,0.0
MHS020654,2022,,3.02,2.81,143,58,144,-1,Terlambat,0.0081,0.9919
MHS020847,2020,,2.66,2.66,151,57,144,7,Terlambat,0.0003,0.9997
MHS021277,2022,,3.56,3.55,149,61,144,5,Tepat Waktu,0.8432,0.1568
MHS022058,2024,,3.3,2.38,56,22,95,-39,Tepat Waktu,1.0,0.0
MHS022181,2022,,3.89,3.58,145,59,144,1,Tepat Waktu,0.7347,0.2653
MHS022979,2021,,3.05,3.07,151,57,144,7,Terlambat,0.0988,0.9012
MHS023059,2022,,2.94,2.94,145,56,144,1,Terlambat,0.0169,0.9831
MHS023091,2024,,3.4,2.15,59,23,95,-36,Tepat Waktu,1.0,0.0
MHS023140,2023,,3.4,2.14,98,42,135,-37,Tepat Waktu,1.0,0.0
MHS023492,2023,,3.45,2.76,104,43,135,-31,Tepat Waktu,1.0,0.0
MHS023763,2022,,2.83,2.91,147,59,144,3,Terlambat,0.0064,0.9936
MHS023772,2021,,2.78,2.78,150,61,144,6,Terlambat,0.003,0.997
MHS024012,2021,,2.61,2.61,145,54,144,1,Terlambat,0.0,1.0
MHS024192,2022,,2.79,3.29,147,64,144,3,Terlambat,0.0703,0.9297
MHS018663,2024,,3.26,1.31,58,23,95,-37,Tepat Waktu,1.0,0.0
MHS018854,2024,,3.2,2.23,59,23,95,-36,Tepat Waktu,1.0,0.0
MHS018861,2022,,2.78,2.8,154,58,144,10,Terlambat,0.0039,0.9961
MHS019708,2023,,3.27,2.84,103,45,135,-32,Tepat Waktu,1.0,0.0
MHS019907,2021,,3.05,3.05,151,59,144,7,Terlambat,0.141,0.859
MHS020035,2024,,3.22,2.03,57,22,95,-38,Tepat Waktu,1.0,0.0
MHS020133,2022,,2.9,1.87,122,49,144,-22,Terlambat,0.0011,0.9989
MHS020281,2021,,2.97,2.98,157,62,144,13,Terlambat,0.2343,0.7657
MHS020913,2023,,3.19,2.22,98,40,135,-37,Tepat Waktu,1.0,0.0
MHS021084,2023,,3.34,2.92,103,40,135,-32,Tepat Waktu,1.0,0.0
MHS021484,2023,,3.29,3.02,102,36,135,-33,Tepat Waktu,1.0,0.0
MHS022036,2024,,3.41,2.5,54,19,95,-41,Tepat Waktu,1.0,0.0
MHS022055,2022,,2.97,3.41,148,61,144,4,Terlambat,0.193,0.807
MHS022656,2022,,3.9,3.56,145,55,144,1,Tepat Waktu,0.706,0.294
MHS023344,2024,,3.39,2.2,60,23,95,-35,Tepat Waktu,1.0,0.0
MHS023537,2022,,3.11,3.05,144,54,144,0,Terlambat,0.1129,0.8871
MHS023542,2022,,3.17,3.23,144,58,144,0,Terlambat,0.3213,0.6787
MHS023735,2022,,2.8,3.27,146,59,144,2,Terlambat,0.0471,0.9529
MHS023791,2022,,2.83,3.23,147,59,144,3,Terlambat,0.0489,0.9511
MHS023995,2024,,3.46,2.54,59,23,95,-36,Tepat Waktu,1.0,0.0
MHS024005,2024,,3.18,0.0,17,6,95,-78,Tepat Waktu,1.0,0.0
MHS024367,2021,,2.8,3.29,148,61,144,4,Terlambat,0.0626,0.9374
MHS024547,2022,,2.71,3.0,144,58,144,0,Terlambat,0.0034,0.9966
MHS019000,2024,,3.25,2.28,61,25,95,-34,Tepat Waktu,1.0,0.0
MHS020021,2023,,3.25,2.32,97,39,135,-38,Tepat Waktu,1.0,0.0
MHS020157,2024,,3.23,2.23,57,23,95,-38,Tepat Waktu,1.0,0.0
MHS020267,2020,,2.97,2.97,150,59,144,6,Terlambat,0.05,0.95
MHS020520,2023,,3.02,1.63,91,33,135,-44,Tepat Waktu,1.0,0.0
MHS021642,2024,,3.33,2.33,59,23,95,-36,Tepat Waktu,1.0,0.0
MHS022563,2024,,3.39,2.33,59,23,95,-36,Tepat Waktu,1.0,0.0
MHS022803,2024,,3.47,2.66,58,26,95,-37,Tepat Waktu,1.0,0.0
MHS023208,2022,,2.89,2.89,146,58,144,2,Terlambat,0.008,0.992
MHS023440,2022,,2.87,3.33,147,60,144,3,Terlambat,0.0722,0.9278
MHS023444,2023,,3.44,2.89,104,43,135,-31,Tepat Waktu,1.0,0.0
MHS023710,2022,,2.83,2.84,146,58,144,2,Terlambat,0.0033,0.9967
MHS024227,2021,,2.32,2.36,152,62,144,8,Terlambat,0.0,1.0
MHS024314,2021,,2.38,2.38,145,58,144,1,Terlambat,0.0,1.0
MHS024520,2021,,2.79,3.17,148,61,144,4,Terlambat,0.0501,0.9499
MHS018496,2023,,3.26,2.79,105,43,135,-30,Tepat Waktu,1.0,0.0
MHS019425,2024,,3.28,2.07,58,23,95,-37,Tepat Waktu,1.0,0.0
MHS019627,2023,,3.22,1.45,89,36,135,-46,Tepat Waktu,1.0,0.0
MHS019812,2021,,2.56,2.56,154,59,144,10,Terlambat,0.0001,0.9999
MHS019998,2023,,3.28,2.67,103,45,135,-32,Tepat Waktu,1.0,0.0
MHS020448,2023,,3.31,2.69,104,40,135,-31,Tepat Waktu,1.0,0.0
MHS020584,2024,,3.28,1.79,55,22,95,-40,Tepat Waktu,1.0,0.0
MHS021370,2024,,3.31,0.72,18,8,95,-77,Tepat Waktu,1.0,0.0
MHS021588,2023,,1.54,2.42,106,41,135,-29,Tepat Waktu,0.5999,0.4001
MHS021628,2020,,2.56,2.47,157,65,144,13,Terlambat,0.0001,0.9999
MHS021651,2023,,3.31,2.46,99,44,135,-36,Tepat Waktu,1.0,0.0
MHS021763,2020,,2.6,2.5,152,57,144,8,Terlambat,0.0,1.0
MHS021776,2023,,3.38,2.92,103,40,135,-32,Tepat Waktu,1.0,0.0
MHS021935,2024,,3.28,2.13,57,22,95,-38,Tepat Waktu,1.0,0.0
MHS022005,2024,,3.41,1.83,58,22,95,-37,Tepat Waktu,1.0,0.0
MHS022469,2022,,3.33,2.78,139,55,144,-5,Terlambat,0.0884,0.9116
MHS022483,2023,,3.34,2.23,102,39,135,-33,Tepat Waktu,1.0,0.0
MHS022620,2023,,3.42,2.42,103,42,135,-32,Tepat Waktu,1.0,0.0
MHS023080,2024,,3.24,2.42,62,23,95,-33,Tepat Waktu,1.0,0.0
MHS023090,2020,,2.6,2.59,149,59,144,5,Terlambat,0.0,1.0
MHS023379,2022,,2.89,3.41,146,59,144,2,Terlambat,0.1401,0.8599
MHS023597,2022,,3.31,3.04,142,55,144,-2,Terlambat,0.195,0.805
MHS023608,2021,,2.58,2.37,156,59,144,12,Terlambat,0.0,1.0
MHS023767,2021,,2.59,2.59,145,56,144,1,Terlambat,0.0,1.0
MHS023874,2022,,2.31,2.31,144,55,144,0,Terlambat,0.0,1.0
MHS024199,2021,,2.9,3.01,145,55,144,1,Terlambat,0.0319,0.9681
MHS024226,2022,,2.78,3.17,147,56,144,3,Terlambat,0.0219,0.9781
MHS024342,2022,,2.76,2.86,147,60,144,3,Terlambat,0.0026,0.9974
MHS018684,2022,,3.24,2.48,137,61,144,-7,Terlambat,0.0066,0.9934
MHS018839,2022,,3.11,3.37,154,60,144,10,Tepat Waktu,0.6202,0.3798
MHS019071,2023,,3.24,2.82,104,41,135,-31,Tepat Waktu,1.0,0.0
MHS019139,2024,,3.23,2.16,60,22,95,-35,Tepat Waktu,1.0,0.0
MHS019904,2023,,3.32,2.59,105,46,135,-30,Tepat Waktu,1.0,0.0
MHS020117,2023,,3.33,3.09,105,46,135,-30,Tepat Waktu,1.0,0.0
MHS021602,2022,,3.11,1.71,125,51,144,-19,Terlambat,0.0,1.0
MHS021788,2021,,2.63,2.63,149,58,144,5,Terlambat,0.0001,0.9999
MHS022095,2022,,3.17,3.07,143,54,144,-1,Terlambat,0.1829,0.8171
MHS022118,2023,,2.85,3.03,110,51,135,-25,Tepat Waktu,1.0,0.0
MHS022336,2021,,2.54,2.6,154,59,144,10,Terlambat,0.0001,0.9999
MHS022411,2022,,2.88,3.34,156,58,144,12,Terlambat,0.2587,0.7413
MHS022724,2023,,3.42,2.86,103,42,135,-32,Tepat Waktu,1.0,0.0
MHS023302,2022,,2.92,3.4,146,59,144,2,Terlambat,0.1638,0.8362
MHS023387,2024,,3.4,2.44,55,21,95,-40,Tepat Waktu,1.0,0.0
MHS023523,2022,,2.89,3.01,146,60,144,2,Terlambat,0.0239,0.9761
MHS023550,2024,,3.28,2.64,36,14,95,-59,Tepat Waktu,1.0,0.0
MHS023867,2020,,2.92,3.07,145,56,144,1,Terlambat,0.0564,0.9436
MHS024152,2021,,2.64,2.65,148,58,144,4,Terlambat,0.0001,0.9999
MHS024309,2022,,2.74,3.2,146,59,144,2,Terlambat,0.014,0.986
MHS024462,2023,,3.47,3.05,112,52,135,-23,Tepat Waktu,1.0,0.0
MHS019322,2023,,3.28,2.73,101,44,135,-34,Tepat Waktu,1.0,0.0
MHS019402,2024,,3.22,2.61,59,23,95,-36,Tepat Waktu,1.0,0.0
MHS019823,2023,,3.22,2.53,102,40,135,-33,Tepat Waktu,1.0,0.0
MHS019928,2023,,3.28,2.79,104,37,135,-31,Tepat Waktu,1.0,0.0
MHS020869,2023,,3.39,3.08,105,41,135,-30,Tepat Waktu,1.0,0.0
MHS021898,2022,,3.13,3.19,145,57,144,1,Terlambat,0.1545,0.8455
MHS022092,2022,,3.13,3.38,145,59,144,1,Terlambat,0.3131,0.6869
MHS022107,2022,,3.06,1.67,115,43,144,-29,Terlambat,0.4269,0.5731
MHS022179,2023,,3.26,2.4,100,39,135,-35,Tepat Waktu,1.0,0.0
MHS022590,2023,,3.39,3.16,104,43,135,-31,Tepat Waktu,1.0,0.0
MHS022802,2024,,3.47,2.53,58,26,95,-37,Tepat Waktu,1.0,0.0
MHS022816,2020,,2.42,2.41,149,59,144,5,Terlambat,0.0,1.0
MHS023365,2022,,2.89,3.03,147,59,144,3,Terlambat,0.0244,0.9756
MHS023603,2022,,3.86,3.42,144,51,144,0,Tepat Waktu,0.8285,0.1715
MHS023665,2024,,3.38,2.2,56,25,95,-39,Tepat Waktu,1.0,0.0
MHS023704,2022,,3.48,2.84,127,52,144,-17,Tepat Waktu,0.9947,0.0053
MHS023717,2023,,3.25,3.03,109,39,135,-26,Tepat Waktu,1.0,0.0
MHS024132,2021,,2.7,2.7,145,57,144,1,Terlambat,0.0003,0.9997
MHS024209,2022,,2.98,1.7,121,46,144,-23,Terlambat,0.0004,0.9996
MHS024215,2022,,2.75,3.4,146,59,144,2,Terlambat,0.0335,0.9665
MHS024334,2024,,3.44,2.52,60,23,95,-35,Tepat Waktu,1.0,0.0
MHS024567,2022,,2.68,3.16,146,58,144,2,Terlambat,0.0095,0.9905
MHS019217,2021,,3.46,2.12,165,66,144,21,Terlambat,0.0243,0.9757
MHS019267,2019,,2.26,2.26,151,57,144,7,Terlambat,0.0,1.0
MHS019553,2024,,3.21,1.27,57,21,95,-38,Tepat Waktu,1.0,0.0
MHS019676,2023,,3.25,2.97,104,37,135,-31,Tepat Waktu,1.0,0.0
MHS019850,2022,,3.22,3.37,148,51,144,4,Terlambat,0.4677,0.5323
MHS020541,2022,,3.1,3.1,148,61,144,4,Terlambat,0.1135,0.8865
MHS020829,2020,,3.01,3.01,150,58,144,6,Terlambat,0.078,0.922
MHS020995,2022,,3.37,2.09,133,51,144,-11,Terlambat,0.0001,0.9999
MHS022065,2022,,2.94,3.43,148,61,144,4,Terlambat,0.2394,0.7606
MHS022073,2020,,2.64,2.64,149,62,144,5,Terlambat,0.0002,0.9998
MHS022549,2023,,3.34,2.66,102,39,135,-33,Tepat Waktu,1.0,0.0
MHS022562,2022,,2.89,3.35,148,61,144,4,Terlambat,0.1477,0.8523
MHS022628,2024,,3.38,1.85,55,21,95,-40,Tepat Waktu,1.0,0.0
MHS022866,2022,,2.87,2.92,148,57,144,4,Terlambat,0.0085,0.9915
MHS023022,2024,,3.37,2.37,61,28,95,-34,Tepat Waktu,1.0,0.0
MHS023102,2022,,3.03,3.42,145,59,144,1,Terlambat,0.309,0.691
MHS023306,2024,,3.38,2.32,60,23,95,-35,Tepat Waktu,1.0,0.0
MHS023443,2024,,3.4,1.77,55,21,95,-40,Tepat Waktu,1.0,0.0
MHS023535,2023,,3.45,2.75,104,43,135,-31,Tepat Waktu,1.0,0.0
MHS023890,2022,,2.56,2.56,144,55,144,0,Terlambat,0.0,1.0
MHS018673,2023,,3.21,2.61,103,39,135,-32,Tepat Waktu,1.0,0.0
MHS018843,2022,,3.06,2.89,141,57,144,-3,Terlambat,0.0284,0.9716
MHS019043,2024,,3.27,1.64,58,23,95,-37,Tepat Waktu,1.0,0.0
MHS019064,2023,,3.26,2.64,105,43,135,-30,Tepat Waktu,1.0,0.0
MHS019528,2022,,3.06,3.07,143,58,144,-1,Terlambat,0.109,0.891
MHS019534,2021,,2.68,2.68,152,59,144,8,Terlambat,0.0003,0.9997
MHS020338,2024,,3.28,2.23,60,23,95,-35,Tepat Waktu,1.0,0.0
MHS021600,2023,,3.28,2.3,96,37,135,-39,Tepat Waktu,1.0,0.0
MHS021823,2019,,2.52,2.32,158,54,144,14,Terlambat,0.0,1.0
MHS022145,2023,,3.44,2.99,101,39,135,-34,Tepat Waktu,1.0,0.0
MHS022308,2023,,3.44,2.84,106,41,135,-29,Tepat Waktu,1.0,0.0
MHS022696,2024,,3.33,1.97,56,22,95,-39,Tepat Waktu,1.0,0.0
MHS023066,2022,,3.36,2.57,139,53,144,-5,Terlambat,0.0128,0.9872
MHS023081,2023,,1.85,2.47,107,39,135,-28,Tepat Waktu,0.998,0.002
MHS023500,2022,,2.95,3.44,145,58,144,1,Terlambat,0.2082,0.7918
MHS023585,2023,,3.44,2.51,103,41,135,-32,Tepat Waktu,1.0,0.0
MHS023993,2023,,3.8,1.98,84,32,135,-51,Tepat Waktu,1.0,0.0
MHS024243,2024,,3.32,2.56,62,29,95,-33,Tepat Waktu,1.0,0.0
MHS024315,2022,,2.74,3.15,146,68,144,2,Terlambat,0.1209,0.8791
MHS018529,2024,,3.3,2.65,54,19,95,-41,Tepat Waktu,1.0,0.0
MHS018844,2022,,3.3,3.29,152,63,144,8,Tepat Waktu,0.7494,0.2506
MHS018873,2024,,3.2,2.29,59,26,95,-36,Tepat Waktu,1.0,0.0
MHS019563,2024,,3.21,1.66,57,21,95,-38,Tepat Waktu,1.0,0.0
MHS019758,2024,,3.3,1.78,58,23,95,-37,Tepat Waktu,1.0,0.0
MHS019856,2024,,3.3,1.91,58,23,95,-37,Tepat Waktu,1.0,0.0
MHS020222,2024,,3.15,2.07,62,23,95,-33,Tepat Waktu,1.0,0.0
MHS020887,2022,,3.14,3.41,148,60,144,4,Terlambat,0.459,0.541
MHS020896,2023,,3.26,2.42,102,39,135,-33,Tepat Waktu,1.0,0.0
MHS021048,2023,,3.42,3.41,107,41,135,-28,Tepat Waktu,1.0,0.0
MHS021248,2023,,3.34,2.61,104,40,135,-31,Tepat Waktu,1.0,0.0
MHS021445,2021,,2.94,2.94,152,58,144,8,Terlambat,0.0259,0.9741
MHS021532,2023,,3.18,2.96,109,41,135,-26,Tepat Waktu,1.0,0.0
MHS021952,2021,,3.17,3.16,150,62,144,6,Terlambat,0.4464,0.5536
MHS021973,2024,,3.28,2.48,57,22,95,-38,Tepat Waktu,1.0,0.0
MHS021980,2022,,2.94,2.95,148,60,144,4,Terlambat,0.0219,0.9781
MHS022063,2021,,2.35,2.35,152,58,144,8,Terlambat,0.0,1.0
MHS022383,2024,,3.42,1.78,58,22,95,-37,Tepat Waktu,1.0,0.0
MHS022532,2024,,3.37,1.55,55,21,95,-40,Tepat Waktu,1.0,0.0
MHS023023,2024,,3.35,1.86,56,24,95,-39,Tepat Waktu,1.0,0.0
MHS023345,2022,,2.9,3.24,146,60,144,2,Terlambat,0.093,0.907
MHS023384,2021,,2.28,2.27,151,61,144,7,Terlambat,0.0,1.0
MHS023510,2024,,3.39,2.37,57,22,95,-38,Tepat Waktu,1.0,0.0
MHS023777,2021,,2.94,3.26,145,56,144,1,Terlambat,0.1068,0.8932
MHS023800,2024,,3.39,2.13,57,22,95,-38,Tepat Waktu,1.0,0.0
MHS023952,2020,,2.81,2.81,145,60,144,1,Terlambat,0.0028,0.9972
MHS024457,2020,,2.66,2.66,149,62,144,5,Terlambat,0.0004,0.9996
MHS019135,2023,,3.28,2.28,101,38,135,-34,Tepat Waktu,1.0,0.0
MHS019636,2023,,3.19,2.34,99,43,135,-36,Tepat Waktu,1.0,0.0
MHS019945,2020,,2.76,2.76,152,57,144,8,Terlambat,0.0014,0.9986
MHS020589,2023,,3.24,2.58,99,43,135,-36,Tepat Waktu,1.0,0.0
MHS021257,2023,,3.28,2.87,102,36,135,-33,Tepat Waktu,1.0,0.0
MHS021313,2022,,3.18,2.18,127,48,144,-17,Terlambat,0.0382,0.9618
MHS021831,2023,,3.32,2.79,108,42,135,-27,Tepat Waktu,1.0,0.0
MHS021890,2020,,2.63,2.59,151,59,144,7,Terlambat,0.0001,0.9999
MHS022178,2022,,3.08,3.09,145,61,144,1,Terlambat,0.1015,0.8985
MHS022355,2024,,3.37,2.42,59,23,95,-36,Tepat Waktu,1.0,0.0
MHS022401,2021,,2.95,2.38,157,61,144,13,Terlambat,0.0004,0.9996
MHS022409,2024,,3.42,2.02,58,22,95,-37,Tepat Waktu,1.0,0.0
MHS022626,2022,,3.34,2.0,125,48,144,-19,Terlambat,0.0171,0.9829
MHS022661,2021,,2.76,2.68,154,63,144,10,Terlambat,0.0029,0.9971
MHS023743,2022,,2.8,3.35,146,63,144,2,Terlambat,0.0764,0.9236
MHS023779,2022,,2.8,3.26,146,56,144,2,Terlambat,0.0267,0.9733
MHS023898,2023,,3.49,2.91,107,43,135,-28,Tepat Waktu,1.0,0.0
MHS024059,2022,,2.83,3.28,144,51,144,0,Terlambat,0.0633,0.9367
MHS024125,2022,,2.83,2.88,144,54,144,0,Terlambat,0.0055,0.9945
MHS024177,2021,,2.91,3.19,145,58,144,1,Terlambat,0.068,0.932
MHS024298,2021,,2.8,3.06,148,58,144,4,Terlambat,0.0139,0.9861
MHS024551,2021,,2.41,2.54,154,65,144,10,Terlambat,0.0,1.0
MHS018810,2023,,3.22,2.69,103,42,135,-32,Tepat Waktu,1.0,0.0
MHS019257,2022,,3.17,3.35,152,58,144,8,Tepat Waktu,0.5204,0.4796
MHS020187,2022,,3.26,2.17,128,49,144,-16,Terlambat,0.0116,0.9884
MHS020225,2023,,3.41,1.29,72,28,135,-63,Tepat Waktu,1.0,0.0
MHS020401,2024,,3.25,2.37,59,23,95,-36,Tepat Waktu,1.0,0.0
MHS020779,2021,,2.94,2.95,151,51,144,7,Terlambat,0.0512,0.9488
MHS021175,2020,,1.37,1.39,155,65,144,11,Terlambat,0.0,1.0
MHS021298,2023,,3.39,2.81,105,43,135,-30,Tepat Waktu,1.0,0.0
MHS021746,2022,,2.94,2.93,145,57,144,1,Terlambat,0.0104,0.9896
MHS021761,2022,,3.25,3.04,142,57,144,-2,Terlambat,0.2243,0.7757
MHS022031,2023,,3.32,2.89,99,43,135,-36,Tepat Waktu,1.0,0.0
MHS022234,2022,,2.92,3.08,148,60,144,4,Terlambat,0.0468,0.9532
MHS022373,2022,,3.28,2.64,141,57,144,-3,Terlambat,0.0072,0.9928
MHS022787,2024,,3.4,2.45,59,23,95,-36,Tepat Waktu,1.0,0.0
MHS023394,2022,,2.66,2.66,145,60,144,1,Terlambat,0.0002,0.9998
MHS023833,2019,,2.25,2.22,145,55,144,1,Terlambat,0.0,1.0
MHS024393,2024,,3.43,2.09,57,22,95,-38,Tepat Waktu,1.0,0.0
MHS024401,2023,,3.43,2.71,102,44,135,-33,Tepat Waktu,1.0,0.0
MHS024406,2024,,3.43,1.83,56,23,95,-39,Tepat Waktu,1.0,0.0
MHS018488,2024,,3.25,1.62,58,23,95,-37,Tepat Waktu,1.0,0.0
MHS018816,2024,,3.2,2.36,59,23,95,-36,Tepat Waktu,1.0,0.0
MHS019795,2023,,3.22,2.5,97,37,135,-38,Tepat Waktu,1.0,0.0
MHS020002,2023,,3.23,2.12,94,37,135,-41,Tepat Waktu,1.0,0.0
MHS020079,2022,,3.21,3.45,148,61,144,4,Tepat Waktu,0.6018,0.3982
MHS020174,2022,,2.96,2.74,143,56,144,-1,Terlambat,0.0027,0.9973
MHS020571,2024,,3.24,1.15,56,24,95,-39,Tepat Waktu,1.0,0.0
MHS020723,2022,,3.18,2.96,141,54,144,-3,Terlambat,0.1352,0.8648
MHS021094,2022,,3.06,3.04,149,59,144,5,Terlambat,0.0806,0.9194
MHS021194,2020,,2.72,2.7,154,58,144,10,Terlambat,0.0009,0.9991
MHS021206,2024,,3.37,2.69,58,25,95,-37,Tepat Waktu,1.0,0.0
MHS021258,2021,,2.95,2.95,154,59,144,10,Terlambat,0.0501,0.9499
MHS021386,2023,,3.4,2.65,105,42,135,-30,Tepat Waktu,1.0,0.0
MHS021787,2022,,3.14,3.4,145,68,144,1,Tepat Waktu,0.8661,0.1339
MHS022351,2020,,2.69,2.7,149,59,144,5,Terlambat,0.0003,0.9997
MHS022859,2021,,3.2,3.26,151,60,144,7,Tepat Waktu,0.5625,0.4375
MHS022899,2024,,3.36,2.32,60,23,95,-35,Tepat Waktu,1.0,0.0
MHS023295,2023,,3.46,3.11,105,36,135,-30,Tepat Waktu,1.0,0.0
MHS023569,2024,,3.39,2.34,60,23,95,-35,Tepat Waktu,1.0,0.0
MHS023599,2024,,3.36,1.55,56,21,95,-39,Tepat Waktu,1.0,0.0
MHS023936,2024,,3.4,2.16,57,22,95,-38,Tepat Waktu,1.0,0.0
MHS023941,2023,,3.5,2.84,107,42,135,-28,Tepat Waktu,1.0,0.0
MHS023983,2019,,2.79,2.8,145,55,144,1,Terlambat,0.0021,0.9979
MHS024454,2023,,3.5,2.86,105,44,135,-30,Tepat Waktu,1.0,0.0
MHS024480,2022,,2.72,3.16,144,56,144,0,Terlambat,0.0147,0.9853
MHS018775,2024,,3.21,2.32,60,22,95,-35,Tepat Waktu,1.0,0.0
MHS018862,2024,,3.11,1.94,62,23,95,-33,Tepat Waktu,1.0,0.0
MHS019060,2023,,3.19,2.38,102,42,135,-33,Tepat Waktu,1.0,0.0
MHS019352,2024,,3.14,2.47,62,23,95,-33,Tepat Waktu,1.0,0.0
MHS019501,2024,,3.21,1.29,56,24,95,-39,Tepat Waktu,1.0,0.0
MHS019801,2024,,3.23,1.64,59,22,95,-36,Tepat Waktu,1.0,0.0
MHS020077,2022,,3.22,3.27,148,59,144,4,Terlambat,0.4013,0.5987
MHS020323,2023,,3.31,2.74,104,37,135,-31,Tepat Waktu,1.0,0.0
MHS020698,2023,,3.29,3.07,108,42,135,-27,Tepat Waktu,1.0,0.0
MHS020800,2022,,3.02,3.03,149,61,144,5,Terlambat,0.0762,0.9238
MHS020813,2023,,3.37,2.93,105,41,135,-30,Tepat Waktu,1.0,0.0
MHS021099,2024,,3.28,2.11,59,23,95,-36,Tepat Waktu,1.0,0.0
MHS021157,2024,,3.29,2.55,59,23,95,-36,Tepat Waktu,1.0,0.0
MHS021507,2024,,3.27,2.25,57,22,95,-38,Tepat Waktu,1.0,0.0
MHS021603,2022,,2.78,2.78,148,59,144,4,Terlambat,0.0009,0.9991
MHS021824,2023,,3.32,3.06,108,42,135,-27,Tepat Waktu,1.0,0.0
MHS022243,2022,,3.19,2.64,143,53,144,-1,Terlambat,0.0061,0.9939
MHS022553,2023,,3.45,1.13,89,32,135,-46,Tepat Waktu,1.0,0.0
MHS022666,2024,,3.36,2.31,60,23,95,-35,Tepat Waktu,1.0,0.0
MHS022889,2021,,2.45,2.48,149,59,144,5,Terlambat,0.0,1.0
MHS023020,2023,,3.44,2.67,105,42,135,-30,Tepat Waktu,1.0,0.0
MHS023163,2024,,3.36,1.78,56,24,95,-39,Tepat Waktu,1.0,0.0
MHS023205,2020,,3.01,3.01,149,59,144,5,Terlambat,0.0763,0.9237
MHS023797,2019,,2.69,2.65,151,61,144,7,Terlambat,0.0002,0.9998
MHS024087,2022,,2.79,3.05,147,69,144,3,Terlambat,0.1414,0.8586
MHS019383,2024,,3.32,2.05,54,19,95,-41,Tepat Waktu,1.0,0.0
MHS019504,2023,,3.17,2.4,100,40,135,-35,Tepat Waktu,1.0,0.0
MHS020286,2023,,3.34,2.94,101,39,135,-34,Tepat Waktu,1.0,0.0
MHS021026,2024,,3.31,1.39,55,21,95,-40,Tepat Waktu,1.0,0.0
MHS021511,2021,,3.04,3.04,150,56,144,6,Terlambat,0.1001,0.8999
MHS021962,2022,,3.25,3.02,142,53,144,-2,Terlambat,0.1618,0.8382
MHS021982,2022,,3.83,3.51,145,61,144,1,Tepat Waktu,0.7755,0.2245
MHS022061,2022,,2.94,3.18,148,60,144,4,Terlambat,0.0623,0.9377
MHS022190,2024,,3.42,2.43,58,26,95,-37,Tepat Waktu,1.0,0.0
MHS022270,2020,,2.75,2.75,152,62,144,8,Terlambat,0.003,0.997
MHS022445,2022,,2.89,3.18,148,64,144,4,Terlambat,0.1309,0.8691
MHS022836,2023,,3.44,2.97,105,42,135,-30,Tepat Waktu,1.0,0.0
MHS023000,2021,,2.92,2.91,150,61,144,6,Terlambat,0.0272,0.9728
MHS023249,2023,,3.4,2.94,102,42,135,-33,Tepat Waktu,1.0,0.0
MHS023286,2022,,3.35,2.38,134,51,144,-10,Terlambat,0.0102,0.9898
MHS023457,2024,,3.51,2.08,58,24,95,-37,Tepat Waktu,1.0,0.0
MHS023666,2022,,2.83,3.32,146,61,144,2,Terlambat,0.0895,0.9105
MHS023938,2024,,3.29,0.17,36,13,95,-59,Tepat Waktu,1.0,0.0
MHS024081,2023,,3.49,2.54,104,45,135,-31,Tepat Waktu,1.0,0.0
MHS024313,2022,,3.44,2.29,135,50,144,-9,Terlambat,0.0018,0.9982
MHS018526,2024,,3.25,2.23,58,26,95,-37,Tepat Waktu,1.0,0.0
MHS018537,2022,,3.25,3.42,151,59,144,7,Tepat Waktu,0.534,0.466
MHS019376,2023,,3.28,2.65,105,46,135,-30,Tepat Waktu,1.0,0.0
MHS020227,2024,,3.27,2.38,60,23,95,-35,Tepat Waktu,1.0,0.0
MHS021045,2024,,3.38,2.53,54,19,95,-41,Tepat Waktu,1.0,0.0
MHS021057,2024,,3.3,2.04,60,23,95,-35,Tepat Waktu,1.0,0.0
MHS021447,2022,,2.83,2.84,149,56,144,5,Terlambat,0.0034,0.9966
MHS021923,2021,,3.01,3.02,149,62,144,5,Terlambat,0.0764,0.9236
MHS021961,2020,,2.62,2.61,152,58,144,8,Terlambat,0.0001,0.9999
MHS021966,2021,,2.79,2.79,149,58,144,5,Terlambat,0.0016,0.9984
MHS022259,2023,,3.36,2.76,107,41,135,-28,Tepat Waktu,1.0,0.0
MHS022665,2024,,3.31,2.35,57,22,95,-38,Tepat Waktu,1.0,0.0
MHS022761,2019,,2.63,2.5,152,59,144,8,Terlambat,0.0,1.0
MHS022970,2024,,3.33,2.01,57,22,95,-38,Tepat Waktu,1.0,0.0
MHS023116,2021,,2.36,2.37,148,57,144,4,Terlambat,0.0,1.0
MHS023466,2024,,3.36,2.22,57,22,95,-38,Tepat Waktu,1.0,0.0
MHS023546,2022,,3.11,3.31,144,59,144,0,Terlambat,0.348,0.652
MHS023566,2019,,2.94,2.98,145,60,144,1,Terlambat,0.0231,0.9769
MHS023829,2022,,2.83,2.86,147,55,144,3,Terlambat,0.0025,0.9975
MHS024004,2023,,3.5,2.85,103,43,135,-32,Tepat Waktu,1.0,0.0
MHS024034,2022,,2.78,2.9,146,55,144,2,Terlambat,0.0036,0.9964
MHS024231,2022,,2.83,3.21,144,51,144,0,Terlambat,0.0692,0.9308
MHS024292,2024,,3.43,2.43,60,23,95,-35,Tepat Waktu,1.0,0.0
MHS024395,2022,,2.72,3.22,146,60,144,2,Terlambat,0.0145,0.9855
MHS018688,2023,,2.06,2.57,106,42,135,-29,Tepat Waktu,1.0,0.0
MHS019502,2024,,3.21,1.45,56,24,95,-39,Tepat Waktu,1.0,0.0
MHS019872,2022,,3.11,3.11,148,59,144,4,Terlambat,0.146,0.854
MHS019951,2023,,3.22,2.24,102,39,135,-33,Tepat Waktu,1.0,0.0
MHS020906,2022,,3.14,3.39,148,60,144,4,Terlambat,0.4443,0.5557
MHS021474,2022,,3.03,3.13,148,60,144,4,Terlambat,0.1198,0.8802
MHS022042,2022,,2.86,2.86,145,58,144,1,Terlambat,0.0052,0.9948
MHS022196,2024,,3.3,2.11,57,22,95,-38,Tepat Waktu,1.0,0.0
MHS023294,2021,,2.55,2.38,158,60,144,14,Terlambat,0.0,1.0
MHS023313,2021,,2.99,2.99,152,62,144,8,Terlambat,0.0814,0.9186
MHS023503,2021,,3.23,3.28,150,62,144,6,Tepat Waktu,0.5559,0.4441
MHS023635,2022,,2.86,3.54,146,59,144,2,Terlambat,0.1475,0.8525
MHS023706,2023,,3.38,1.95,96,41,135,-39,Tepat Waktu,1.0,0.0
MHS024107,2022,,2.83,2.81,144,55,144,0,Terlambat,0.0028,0.9972
MHS024517,2022,,2.74,3.23,147,69,144,3,Terlambat,0.1673,0.8327
MHS024538,2021,,3.01,3.05,150,62,144,6,Terlambat,0.1458,0.8542
MHS024539,2021,,2.79,2.81,145,60,144,1,Terlambat,0.0034,0.9966
MHS019635,2021,,2.51,2.5,157,66,144,13,Terlambat,0.0001,0.9999
MHS019644,2022,,3.14,1.82,128,47,144,-16,Terlambat,0.0,1.0
MHS019698,2024,,3.2,1.63,55,21,95,-40,Tepat Waktu,1.0,0.0
MHS019989,2021,,2.4,2.4,154,62,144,10,Terlambat,0.0,1.0
MHS020186,2020,,2.43,2.43,150,61,144,6,Terlambat,0.0,1.0
MHS021455,2023,,3.3,2.54,99,42,135,-36,Tepat Waktu,1.0,0.0
MHS022281,2021,,2.52,2.52,150,61,144,6,Terlambat,0.0,1.0
MHS022341,2023,,3.36,2.74,108,42,135,-27,Tepat Waktu,1.0,0.0
MHS022715,2023,,3.39,1.96,98,35,135,-37,Tepat Waktu,1.0,0.0
MHS022835,2024,,3.4,2.52,59,23,95,-36,Tepat Waktu,1.0,0.0
MHS022925,2023,,3.33,2.28,97,41,135,-38,Tepat Waktu,1.0,0.0
MHS023076,2022,,3.03,3.51,145,55,144,1,Terlambat,0.3308,0.6692
MHS023151,2021,,2.93,2.93,152,56,144,8,Terlambat,0.0213,0.9787
MHS023521,2022,,2.55,2.55,145,55,144,1,Terlambat,0.0,1.0
MHS023673,2022,,2.83,3.36,146,63,144,2,Terlambat,0.1417,0.8583
MHS023913,2022,,2.83,3.29,147,56,144,3,Terlambat,0.0559,0.9441
MHS023996,2021,,2.44,2.44,148,60,144,4,Terlambat,0.0,1.0
MHS024070,2022,,2.79,3.2,147,56,144,3,Terlambat,0.0276,0.9724
MHS024120,2022,,3.92,3.52,144,55,144,0,Tepat Waktu,0.785,0.215
MHS024168,2023,,3.44,2.61,99,42,135,-36,Tepat Waktu,1.0,0.0
MHS024300,2022,,2.74,2.79,146,54,144,2,Terlambat,0.0007,0.9993
MHS024348,2023,,3.48,2.05,96,41,135,-39,Tepat Waktu,1.0,0.0
MHS024425,2022,,2.72,3.03,146,55,144,2,Terlambat,0.0058,0.9942
MHS024450,2022,,2.72,3.25,144,55,144,0,Terlambat,0.0235,0.9765
MHS024543,2023,,3.5,2.38,95,36,135,-40,Tepat Waktu,1.0,0.0
MHS024566,2022,,2.72,3.33,147,51,144,3,Terlambat,0.0414,0.9586
MHS018454,2021,,3.21,3.21,150,56,144,6,Terlambat,0.3252,0.6748
MHS018782,2020,,2.89,2.9,153,60,144,9,Terlambat,0.0316,0.9684
MHS018989,2022,,3.33,3.36,155,63,144,11,Tepat Waktu,0.8578,0.1422
MHS019437,2022,,3.28,2.42,132,54,144,-12,Terlambat,0.0181,0.9819
MHS019440,2024,,3.21,1.47,56,21,95,-39,Tepat Waktu,1.0,0.0
MHS019859,2024,,3.22,2.08,57,22,95,-38,Tepat Waktu,1.0,0.0
MHS019878,2023,,3.24,2.36,97,39,135,-38,Tepat Waktu,1.0,0.0
MHS019987,2023,,3.3,2.71,106,42,135,-29,Tepat Waktu,1.0,0.0
MHS021121,2022,,3.25,2.39,134,59,144,-10,Terlambat,0.004,0.996
MHS021473,2023,,3.29,2.58,102,36,135,-33,Tepat Waktu,1.0,0.0
MHS021618,2023,,3.26,1.43,74,27,135,-61,Tepat Waktu,1.0,0.0
MHS021689,2022,,2.83,2.83,145,55,144,1,Terlambat,0.0031,0.9969
MHS022320,2022,,2.91,3.38,148,57,144,4,Terlambat,0.1333,0.8667
MHS022457,2022,,3.06,3.43,145,59,144,1,Terlambat,0.354,0.646
MHS022496,2023,,3.22,2.95,109,44,135,-26,Tepat Waktu,1.0,0.0
MHS022642,2024,,3.39,2.65,59,23,95,-36,Tepat Waktu,1.0,0.0
MHS022775,2023,,3.42,2.65,103,42,135,-32,Tepat Waktu,1.0,0.0
MHS023055,2020,,2.5,2.46,156,62,144,12,Terlambat,0.0,1.0
MHS023279,2022,,2.89,3.29,147,60,144,3,Terlambat,0.0715,0.9285
MHS023559,2022,,2.86,3.33,147,56,144,3,Terlambat,0.0541,0.9459
MHS023590,2022,,3.1,1.65,122,48,144,-22,Terlambat,0.0001,0.9999
MHS023793,2021,,2.72,2.72,145,57,144,1,Terlambat,0.0006,0.9994
MHS023840,2019,,2.33,2.33,145,58,144,1,Terlambat,0.0,1.0
MHS024262,2022,,2.75,3.36,146,61,144,2,Terlambat,0.0375,0.9625
MHS024513,2023,,3.54,2.95,103,43,135,-32,Tepat Waktu,1.0,0.0
MHS018997,2023,,3.18,3.14,107,43,135,-28,Tepat Waktu,1.0,0.0
MHS019197,2023,,3.16,2.27,98,39,135,-37,Tepat Waktu,1.0,0.0
MHS019343,2024,,3.32,2.42,54,19,95,-41,Tepat Waktu,1.0,0.0
MHS019611,2023,,3.3,2.83,105,46,135,-30,Tepat Waktu,1.0,0.0
MHS020760,2024,,3.35,2.06,58,23,95,-37,Tepat Waktu,1.0,0.0
MHS020969,2022,,3.4,2.06,132,53,144,-12,Terlambat,0.0001,0.9999
MHS021225,2022,,3.08,3.39,148,61,144,4,Terlambat,0.3051,0.6949
MHS022035,2021,,2.79,2.8,149,58,144,5,Terlambat,0.0026,0.9974
MHS022264,2023,,3.31,2.07,98,37,135,-37,Tepat Waktu,1.0,0.0
MHS023293,2022,,2.89,3.39,147,69,144,3,Tepat Waktu,0.5519,0.4481
MHS023688,2022,,2.83,3.32,146,58,144,2,Terlambat,0.0448,0.9552
MHS023878,2022,,2.83,2.95,147,60,144,3,Terlambat,0.0097,0.9903
MHS024337,2019,,2.69,2.69,148,58,144,4,Terlambat,0.0002,0.9998
MHS024447,2022,,2.72,3.3,144,51,144,0,Terlambat,0.0432,0.9568
MHS018680,2024,,3.19,2.3,59,23,95,-36,Tepat Waktu,1.0,0.0
MHS018737,2020,,2.39,2.33,153,60,144,9,Terlambat,0.0,1.0
MHS019954,2024,,3.23,1.0,56,24,95,-39,Tepat Waktu,1.0,0.0
MHS020090,2021,,2.88,2.87,153,60,144,9,Terlambat,0.0143,0.9857
MHS020315,2024,,3.23,2.24,57,23,95,-38,Tepat Waktu,1.0,0.0
MHS020587,2022,,3.17,3.4,148,60,144,4,Terlambat,0.3857,0.6143
MHS021396,2024,,3.27,2.25,56,24,95,-39,Tepat Waktu,1.0,0.0
MHS021497,2023,,3.27,3.05,107,42,135,-28,Tepat Waktu,1.0,0.0
MHS021877,2024,,3.36,1.65,55,21,95,-40,Tepat Waktu,1.0,0.0
MHS022253,2023,,3.42,2.67,106,41,135,-29,Tepat Waktu,1.0,0.0
MHS022473,2024,,3.43,2.28,58,26,95,-37,Tepat Waktu,1.0,0.0
MHS022481,2022,,2.89,2.89,145,55,144,1,Terlambat,0.0082,0.9918
MHS022541,2022,,3.06,3.15,145,59,144,1,Terlambat,0.1465,0.8535
MHS022872,2023,,3.42,2.44,103,41,135,-32,Tepat Waktu,1.0,0.0
MHS023049,2022,,3.03,3.31,145,59,144,1,Terlambat,0.2364,0.7636
MHS023192,2020,,1.94,1.81,152,61,144,8,Terlambat,0.0,1.0
MHS023226,2022,,2.89,2.94,147,60,144,3,Terlambat,0.0141,0.9859
MHS023321,2020,,2.26,2.25,148,59,144,4,Terlambat,0.0,1.0
MHS023383,2020,,2.42,2.43,151,62,144,7,Terlambat,0.0,1.0
MHS023434,2022,,2.97,3.7,145,56,144,1,Terlambat,0.2017,0.7983
MHS023581,2020,,2.3,2.3,148,59,144,4,Terlambat,0.0,1.0
MHS024144,2023,,3.45,2.58,97,41,135,-38,Tepat Waktu,1.0,0.0
MHS024392,2022,,2.72,3.13,146,59,144,2,Terlambat,0.0122,0.9878
MHS024431,2024,,3.47,2.62,59,23,95,-36,Tepat Waktu,1.0,0.0
MHS018922,2022,,3.2,3.23,155,58,144,11,Tepat Waktu,0.6167,0.3833
MHS019007,2023,,2.26,2.66,107,43,135,-28,Tepat Waktu,1.0,0.0
MHS019078,2022,,3.25,2.25,129,49,144,-15,Terlambat,0.0193,0.9807
MHS019175,2022,,3.08,2.8,141,55,144,-3,Terlambat,0.0146,0.9854
MHS019489,2021,,2.41,2.4,151,63,144,7,Terlambat,0.0,1.0
MHS019897,2024,,3.24,2.17,59,22,95,-36,Tepat Waktu,1.0,0.0
MHS020263,2024,,3.33,2.12,58,23,95,-37,Tepat Waktu,1.0,0.0
MHS020282,2022,,3.19,3.38,148,61,144,4,Terlambat,0.427,0.573
MHS021241,2024,,3.3,2.08,60,25,95,-35,Tepat Waktu,1.0,0.0
MHS021466,2024,,3.32,2.15,59,23,95,-36,Tepat Waktu,1.0,0.0
MHS021635,2020,,2.69,2.7,149,56,144,5,Terlambat,0.0003,0.9997
MHS021637,2022,,3.14,3.17,145,57,144,1,Terlambat,0.1473,0.8527
MHS021797,2023,,2.69,2.59,78,29,135,-57,Tepat Waktu,1.0,0.0
MHS021861,2024,,3.34,1.77,55,21,95,-40,Tepat Waktu,1.0,0.0
MHS022255,2024,,3.36,2.63,59,23,95,-36,Tepat Waktu,1.0,0.0
MHS022309,2023,,3.42,2.77,107,44,135,-28,Tepat Waktu,1.0,0.0
MHS022398,2024,,3.42,1.83,58,22,95,-37,Tepat Waktu,1.0,0.0
MHS022591,2022,,3.06,3.18,145,59,144,1,Terlambat,0.1683,0.8317
MHS023207,2022,,2.92,3.34,146,59,144,2,Terlambat,0.1385,0.8615
MHS023518,2022,,3.4,2.39,139,53,144,-5,Terlambat,0.0014,0.9986
MHS023609,2022,,2.83,2.83,144,56,144,0,Terlambat,0.0033,0.9967
MHS024156,2022,,2.77,3.02,146,55,144,2,Terlambat,0.0055,0.9945
MHS018497,2024,,3.25,1.91,58,23,95,-37,Tepat Waktu,1.0,0.0
MHS018758,2023,,3.18,2.5,102,42,135,-33,Tepat Waktu,1.0,0.0
MHS018960,2024,,3.2,2.0,57,24,95,-38,Tepat Waktu,1.0,0.0
MHS019222,2024,,3.14,2.01,62,23,95,-33,Tepat Waktu,1.0,0.0
MHS019226,2022,,2.38,1.79,109,44,144,-35,Tepat Waktu,0.9786,0.0214
MHS019751,2021,,2.78,2.79,152,58,144,8,Terlambat,0.0033,0.9967
MHS019920,2023,,3.33,2.83,105,46,135,-30,Tepat Waktu,1.0,0.0
MHS020159,2024,,3.32,2.3,58,25,95,-37,Tepat Waktu,1.0,0.0
MHS020163,2023,,3.17,2.24,98,38,135,-37,Tepat Waktu,1.0,0.0
MHS020415,2023,,3.25,2.51,102,39,135,-33,Tepat Waktu,1.0,0.0
MHS020440,2024,,3.29,2.21,60,23,95,-35,Tepat Waktu,1.0,0.0
MHS021217,2023,,3.36,2.78,103,40,135,-32,Tepat Waktu,1.0,0.0
MHS021503,2022,,2.79,2.79,149,59,144,5,Terlambat,0.0012,0.9988
MHS023547,2022,,2.89,3.42,146,59,144,2,Terlambat,0.0992,0.9008
MHS024097,2022,,2.83,3.32,144,54,144,0,Terlambat,0.0527,0.9473
MHS024508,2021,,2.86,3.02,156,56,144,12,Terlambat,0.1039,0.8961
MHS024535,2022,,2.69,3.19,146,51,144,2,Terlambat,0.0177,0.9823
MHS018795,2024,,3.2,2.61,59,23,95,-36,Tepat Waktu,1.0,0.0
MHS019461,2023,,3.17,2.55,100,40,135,-35,Tepat Waktu,1.0,0.0
MHS019588,2023,,3.3,2.85,105,46,135,-30,Tepat Waktu,1.0,0.0
MHS019939,2023,,3.22,2.72,102,36,135,-33,Tepat Waktu,1.0,0.0
MHS019963,2024,,3.26,2.34,60,23,95,-35,Tepat Waktu,1.0,0.0
MHS020374,2023,,3.31,2.67,103,45,135,-32,Tepat Waktu,1.0,0.0
MHS021016,2023,,3.34,2.74,104,40,135,-31,Tepat Waktu,1.0,0.0
MHS021749,2022,,3.25,2.81,142,57,144,-2,Terlambat,0.029,0.971
MHS021869,2024,,3.29,1.71,56,24,95,-39,Tepat Waktu,1.0,0.0
MHS022406,2023,,3.19,2.89,109,44,135,-26,Tepat Waktu,1.0,0.0
MHS022454,2024,,3.5,2.13,54,19,95,-41,Tepat Waktu,1.0,0.0
MHS022840,2023,,3.41,3.11,104,43,135,-31,Tepat Waktu,1.0,0.0
MHS023448,2022,,2.87,3.1,147,55,144,3,Terlambat,0.0198,0.9802
MHS023683,2021,,2.47,2.46,145,55,144,1,Terlambat,0.0,1.0
MHS023827,2022,,2.83,2.95,147,58,144,3,Terlambat,0.0054,0.9946
MHS024259,2024,,3.42,1.98,56,23,95,-39,Tepat Waktu,1.0,0.0
MHS024266,2022,,2.78,3.34,144,56,144,0,Terlambat,0.0359,0.9641
MHS024329,2021,,2.86,2.9,149,61,144,5,Terlambat,0.0098,0.9902
MHS024389,2022,,2.72,3.15,144,58,144,0,Terlambat,0.0147,0.9853
MHS024456,2022,,2.69,2.96,146,59,144,2,Terlambat,0.002,0.998
MHS024545,2024,,3.45,2.03,57,22,95,-38,Tepat Waktu,1.0,0.0
MHS018594,2022,,3.14,3.16,151,58,144,7,Terlambat,0.2498,0.7502
MHS018814,2024,,3.17,1.74,55,22,95,-40,Tepat Waktu,1.0,0.0
MHS018879,2020,,2.51,2.51,150,63,144,6,Terlambat,0.0,1.0
MHS019068,2024,,3.21,1.99,59,22,95,-36,Tepat Waktu,1.0,0.0
MHS019242,2022,,3.24,2.28,140,53,144,-4,Terlambat,0.0001,0.9999
MHS019518,2023,,2.28,2.58,108,42,135,-27,Tepat Waktu,1.0,0.0
MHS019598,2024,,3.33,2.18,54,19,95,-41,Tepat Waktu,1.0,0.0
MHS019826,2023,,3.2,2.47,99,42,135,-36,Tepat Waktu,1.0,0.0
MHS021156,2021,,2.85,2.85,150,63,144,6,Terlambat,0.0095,0.9905
MHS021372,2022,,3.04,3.42,148,61,144,4,Terlambat,0.2757,0.7243
MHS021645,2020,,2.45,2.43,150,63,144,6,Terlambat,0.0,1.0
MHS021774,2024,,3.29,1.68,56,22,95,-39,Tepat Waktu,1.0,0.0
MHS021954,2024,,3.4,1.99,58,25,95,-37,Tepat Waktu,1.0,0.0
MHS022039,2024,,3.35,2.65,59,23,95,-36,Tepat Waktu,1.0,0.0
MHS022103,2022,,2.96,1.99,122,48,144,-22,Terlambat,0.0307,0.9693
MHS022576,2022,,3.04,3.05,145,52,144,1,Terlambat,0.0878,0.9122
MHS023468,2022,,3.31,1.9,116,48,144,-28,Tepat Waktu,0.9315,0.0685
MHS023470,2022,,2.97,3.35,145,56,144,1,Terlambat,0.1784,0.8216
MHS023758,2019,,2.83,2.83,151,60,144,7,Terlambat,0.006,0.994
MHS024181,2023,,3.56,3.0,107,42,135,-28,Tepat Waktu,1.0,0.0
MHS024285,2020,,2.58,2.58,145,57,144,1,Terlambat,0.0,1.0
MHS024307,2022,,2.74,3.28,146,55,144,2,Terlambat,0.0275,0.9725
MHS024353,2022,,3.94,3.52,144,58,144,0,Tepat Waktu,0.7043,0.2957
MHS018765,2020,,2.76,2.75,150,62,144,6,Terlambat,0.0016,0.9984
MHS019421,2023,,3.2,2.43,102,41,135,-33,Tepat Waktu,1.0,0.0
MHS019499,2023,,2.26,2.71,107,43,135,-28,Tepat Waktu,1.0,0.0
MHS019664,2020,,1.6,1.55,152,57,144,8,Terlambat,0.0,1.0
MHS019974,2021,,3.22,3.22,151,59,144,7,Terlambat,0.4077,0.5923
MHS020771,2024,,3.25,2.19,56,24,95,-39,Tepat Waktu,1.0,0.0
MHS021279,2022,,3.36,1.72,119,49,144,-25,Terlambat,0.018,0.982
MHS021913,2023,,3.35,3.13,108,42,135,-27,Tepat Waktu,1.0,0.0
MHS021925,2019,,2.62,2.58,152,61,144,8,Terlambat,0.0001,0.9999
MHS021951,2022,,3.08,3.09,145,59,144,1,Terlambat,0.0812,0.9188
MHS023505,2022,,2.89,3.17,146,59,144,2,Terlambat,0.0568,0.9432
MHS023642,2022,,3.44,2.24,138,53,144,-6,Terlambat,0.0002,0.9998
MHS023778,2022,,2.91,2.33,121,57,144,-23,Tepat Waktu,0.8352,0.1648
MHS023901,2022,,3.56,3.59,142,54,144,-2,Tepat Waktu,0.8003,0.1997
MHS023964,2022,,2.63,2.63,144,57,144,0,Terlambat,0.0001,0.9999
MHS024352,2021,,2.72,2.72,145,55,144,1,Terlambat,0.0006,0.9994
MHS024420,2022,,2.76,3.13,147,56,144,3,Terlambat,0.0149,0.9851
MHS018771,2023,,3.13,2.2,100,42,135,-35,Tepat Waktu,1.0,0.0
MHS019070,2022,,3.78,3.55,151,62,144,7,Tepat Waktu,0.8533,0.1467
MHS019723,2024,,3.24,2.82,60,23,95,-35,Tepat Waktu,1.0,0.0
MHS019890,2022,,3.36,2.58,136,52,144,-8,Terlambat,0.0306,0.9694
MHS019968,2023,,3.28,2.76,104,37,135,-31,Tepat Waktu,1.0,0.0
MHS020100,2022,,3.19,3.38,148,60,144,4,Terlambat,0.4967,0.5033
MHS020151,2022,,2.97,2.97,148,61,144,4,Terlambat,0.0354,0.9646
MHS020547,2023,,3.22,2.76,107,43,135,-28,Tepat Waktu,1.0,0.0
MHS020715,2023,,3.33,2.79,106,43,135,-29,Tepat Waktu,1.0,0.0
MHS020749,2023,,3.33,1.86,94,37,135,-41,Tepat Waktu,1.0,0.0
MHS021005,2024,,3.25,2.23,57,22,95,-38,Tepat Waktu,1.0,0.0
MHS021073,2022,,3.31,2.57,135,53,144,-9,Terlambat,0.0471,0.9529
MHS021150,2020,,2.94,2.27,162,63,144,18,Terlambat,0.0012,0.9988
MHS021421,2022,,3.12,2.87,143,55,144,-1,Terlambat,0.0233,0.9767
MHS021505,2022,,3.14,3.2,145,55,144,1,Terlambat,0.1701,0.8299
MHS021896,2023,,3.19,2.0,92,37,135,-43,Tepat Waktu,1.0,0.0
MHS022791,2022,,2.61,2.61,148,57,144,4,Terlambat,0.0,1.0
MHS022933,2022,,3.03,3.47,145,66,144,1,Tepat Waktu,0.6777,0.3223
MHS022961,2024,,3.33,2.29,57,22,95,-38,Tepat Waktu,1.0,0.0
MHS023043,2019,,2.45,2.45,149,69,144,5,Terlambat,0.0,1.0
MHS023204,2021,,3.71,2.6,161,60,144,17,Terlambat,0.4014,0.5986
MHS023522,2022,,3.13,2.39,131,53,144,-13,Terlambat,0.0183,0.9817
MHS023975,2022,,2.83,2.89,144,55,144,0,Terlambat,0.0038,0.9962
MHS024018,2021,,2.61,2.6,145,52,144,1,Terlambat,0.0001,0.9999
MHS024141,2023,,3.5,2.64,104,45,135,-31,Tepat Waktu,1.0,0.0
MHS024295,2021,,3.14,3.27,152,57,144,8,Terlambat,0.4898,0.5102
MHS024521,2021,,2.89,3.06,145,55,144,1,Terlambat,0.0415,0.9585
MHS018586,2024,,3.31,2.11,54,19,95,-41,Tepat Waktu,1.0,0.0
MHS019410,2023,,3.26,3.13,108,50,135,-27,Tepat Waktu,1.0,0.0
MHS019462,2022,,3.13,2.2,130,53,144,-14,Terlambat,0.0014,0.9986
MHS019727,2023,,3.31,3.18,105,46,135,-30,Tepat Waktu,1.0,0.0
MHS020036,2024,,3.23,2.67,57,23,95,-38,Tepat Waktu,1.0,0.0
MHS021668,2024,,3.14,3.07,36,14,95,-59,Tepat Waktu,1.0,0.0
MHS021872,2022,,3.33,3.13,128,53,144,-16,Tepat Waktu,0.9967,0.0033
MHS022172,2022,,2.92,3.38,148,57,144,4,Terlambat,0.1417,0.8583
MHS022681,2024,,3.33,2.39,56,22,95,-39,Tepat Waktu,1.0,0.0
MHS023540,2021,,2.53,2.53,148,56,144,4,Terlambat,0.0,1.0
MHS023902,2023,,3.41,2.82,102,44,135,-33,Tepat Waktu,1.0,0.0
MHS024022,2021,,2.84,2.84,145,57,144,1,Terlambat,0.0053,0.9947
MHS024161,2022,,2.77,2.87,146,55,144,2,Terlambat,0.0026,0.9974
MHS024252,2022,,2.75,3.09,146,60,144,2,Terlambat,0.0091,0.9909
MHS024272,2022,,2.78,3.23,147,56,144,3,Terlambat,0.0295,0.9705
MHS024325,2023,,3.43,2.61,102,42,135,-33,Tepat Waktu,1.0,0.0
MHS018551,2024,,3.19,2.11,59,23,95,-36,Tepat Waktu,1.0,0.0
MHS018672,2022,,3.11,3.59,154,58,144,10,Tepat Waktu,0.5877,0.4123
MHS018781,2024,,3.2,2.2,59,23,95,-36,Tepat Waktu,1.0,0.0
MHS018796,2022,,3.24,3.24,151,57,144,7,Terlambat,0.3338,0.6662
MHS019133,2023,,3.17,2.51,99,35,135,-36,Tepat Waktu,1.0,0.0
MHS019233,2022,,3.17,3.53,152,59,144,8,Tepat Waktu,0.6487,0.3513
MHS020025,2023,,3.21,2.47,99,43,135,-36,Tepat Waktu,1.0,0.0
MHS020130,2022,,3.27,3.26,141,56,144,-3,Terlambat,0.4644,0.5356
MHS020860,2024,,3.28,2.32,59,26,95,-36,Tepat Waktu,1.0,0.0
MHS021309,2021,,2.89,2.9,152,62,144,8,Terlambat,0.0217,0.9783
MHS021838,2023,,3.22,2.48,98,38,135,-37,Tepat Waktu,1.0,0.0
MHS022153,2022,,3.87,3.55,145,55,144,1,Tepat Waktu,0.7123,0.2877
MHS022197,2024,,3.36,2.39,59,23,95,-36,Tepat Waktu,1.0,0.0
MHS023228,2024,,3.2,3.11,36,14,95,-59,Tepat Waktu,1.0,0.0
MHS023389,2022,,2.89,3.16,146,59,144,2,Terlambat,0.0539,0.9461
MHS023703,2022,,2.86,2.92,144,55,144,0,Terlambat,0.0061,0.9939
MHS023818,2023,,3.5,2.78,106,41,135,-29,Tepat Waktu,1.0,0.0
MHS024103,2023,,3.5,2.73,104,45,135,-31,Tepat Waktu,1.0,0.0
MHS024236,2021,,3.03,3.12,159,62,144,15,Tepat Waktu,0.8015,0.1985
MHS018901,2024,,3.21,1.95,59,22,95,-36,Tepat Waktu,1.0,0.0
MHS019894,2024,,3.24,1.96,59,22,95,-36,Tepat Waktu,1.0,0.0
MHS019993,2024,,3.31,2.38,58,24,95,-37,Tepat Waktu,1.0,0.0
MHS020237,2022,,3.19,3.42,148,60,144,4,Tepat Waktu,0.5264,0.4736
MHS020471,2020,,1.33,1.5,152,58,144,8,Terlambat,0.0,1.0
MHS020828,2021,,2.61,2.56,151,62,144,7,Terlambat,0.0001,0.9999
MHS020958,2023,,3.25,1.95,97,36,135,-38,Tepat Waktu,1.0,0.0
MHS020981,2024,,3.25,2.29,57,22,95,-38,Tepat Waktu,1.0,0.0
MHS021288,2023,,3.19,2.5,98,40,135,-37,Tepat Waktu,1.0,0.0
MHS021494,2023,,3.06,3.06,111,43,135,-24,Tepat Waktu,1.0,0.0
MHS022070,2022,,3.16,2.63,143,53,144,-1,Terlambat,0.0047,0.9953
MHS022173,2023,,2.81,2.95,110,51,135,-25,Tepat Waktu,1.0,0.0
MHS022717,2024,,3.45,2.48,58,26,95,-37,Tepat Waktu,1.0,0.0
MHS023149,2023,,3.43,2.56,103,40,135,-32,Tepat Waktu,1.0,0.0
MHS023290,2023,,3.61,2.16,89,33,135,-46,Tepat Waktu,1.0,0.0
MHS023319,2020,,3.11,2.51,157,63,144,13,Terlambat,0.0127,0.9873
MHS023877,2022,,2.79,2.9,146,58,144,2,Terlambat,0.0027,0.9973
MHS023918,2024,,3.4,2.51,57,22,95,-38,Tepat Waktu,1.0,0.0
MHS024146,2020,,2.3,2.3,145,55,144,1,Terlambat,0.0,1.0
MHS024149,2022,,2.83,3.14,144,57,144,0,Terlambat,0.0215,0.9785
MHS024171,2023,,3.4,3.18,109,43,135,-26,Tepat Waktu,1.0,0.0
MHS024426,2021,,2.72,2.72,145,58,144,1,Terlambat,0.0007,0.9993
MHS019932,2023,,2.28,2.72,108,42,135,-27,Tepat Waktu,1.0,0.0
MHS020239,2024,,3.25,2.13,55,22,95,-40,Tepat Waktu,1.0,0.0
MHS020492,2023,,3.24,2.43,99,43,135,-36,Tepat Waktu,1.0,0.0
MHS020566,2022,,3.19,3.33,149,57,144,5,Terlambat,0.4138,0.5862
MHS020613,2020,,2.06,2.1,152,63,144,8,Terlambat,0.0,1.0
MHS021256,2024,,3.37,1.92,58,23,95,-37,Tepat Waktu,1.0,0.0
MHS021561,2022,,3.78,3.76,149,57,144,5,Tepat Waktu,0.8119,0.1881
MHS021851,2024,,3.42,0.0,18,7,95,-77,Tepat Waktu,1.0,0.0
MHS021915,2024,,3.28,2.22,57,22,95,-38,Tepat Waktu,1.0,0.0
MHS022743,2024,,3.22,2.31,62,23,95,-33,Tepat Waktu,1.0,0.0
MHS023378,2022,,2.97,3.47,145,55,144,1,Terlambat,0.1706,0.8294
MHS023385,2022,,2.97,3.07,145,59,144,1,Terlambat,0.0572,0.9428
MHS023483,2024,,3.38,2.19,57,22,95,-38,Tepat Waktu,1.0,0.0
MHS023604,2022,,2.86,2.86,146,56,144,2,Terlambat,0.0031,0.9969
MHS023984,2021,,2.92,3.14,145,57,144,1,Terlambat,0.0798,0.9202
MHS024370,2023,,3.48,2.08,96,41,135,-39,Tepat Waktu,1.0,0.0
MHS018530,2022,,3.31,3.64,152,64,144,8,Tepat Waktu,0.8511,0.1489
MHS019734,2023,,3.27,2.92,103,45,135,-32,Tepat Waktu,1.0,0.0
MHS020029,2022,,3.22,2.58,139,56,144,-5,Terlambat,0.0048,0.9952
MHS020254,2022,,3.44,3.43,142,57,144,-2,Tepat Waktu,0.7731,0.2269
MHS021408,2022,,3.28,2.85,139,55,144,-5,Terlambat,0.1338,0.8662
MHS022078,2022,,2.93,3.05,148,56,144,4,Terlambat,0.0331,0.9669
MHS022085,2022,,3.86,3.5,145,55,144,1,Tepat Waktu,0.6981,0.3019
MHS022650,2020,,3.08,2.48,157,61,144,13,Terlambat,0.0034,0.9966
MHS022883,2021,,2.89,2.88,150,61,144,6,Terlambat,0.0114,0.9886
MHS023083,2024,,3.4,1.47,55,21,95,-40,Tepat Waktu,1.0,0.0
MHS023175,2024,,3.48,2.24,58,26,95,-37,Tepat Waktu,1.0,0.0
MHS023479,2020,,2.89,2.48,155,63,144,11,Terlambat,0.0011,0.9989
MHS023657,2022,,2.86,3.12,144,58,144,0,Terlambat,0.0375,0.9625
MHS023736,2021,,2.86,2.86,149,58,144,5,Terlambat,0.0051,0.9949
MHS023971,2022,,2.82,3.14,147,59,144,3,Terlambat,0.0191,0.9809
MHS023982,2021,,3.1,3.1,153,54,144,9,Terlambat,0.2961,0.7039
MHS024160,2021,,2.98,2.98,152,60,144,8,Terlambat,0.0535,0.9465
MHS024232,2022,,2.79,3.01,144,55,144,0,Terlambat,0.0105,0.9895
MHS024466,2021,,2.8,3.0,148,52,144,4,Terlambat,0.0175,0.9825
MHS018642,2024,,3.19,2.2,56,21,95,-39,Tepat Waktu,1.0,0.0
MHS019231,2022,,3.06,3.06,151,60,144,7,Terlambat,0.1237,0.8763
MHS019320,2024,,3.23,2.09,60,23,95,-35,Tepat Waktu,1.0,0.0
MHS019768,2023,,3.32,2.52,101,44,135,-34,Tepat Waktu,1.0,0.0
MHS019943,2020,,1.97,1.99,152,58,144,8,Terlambat,0.0,1.0
MHS020938,2022,,2.76,2.76,148,60,144,4,Terlambat,0.0007,0.9993
MHS021347,2022,,3.05,3.41,148,60,144,4,Terlambat,0.342,0.658
MHS021719,2020,,3.63,1.7,166,62,144,22,Terlambat,0.0,1.0
MHS021841,2023,,3.32,2.76,108,42,135,-27,Tepat Waktu,1.0,0.0
MHS021900,2022,,3.13,3.43,145,68,144,1,Tepat Waktu,0.87,0.13
MHS022208,2023,,3.35,2.67,107,41,135,-28,Tepat Waktu,1.0,0.0
MHS022517,2022,,2.89,3.68,148,59,144,4,Terlambat,0.1939,0.8061
MHS022768,2022,,3.62,3.62,141,54,144,-3,Tepat Waktu,0.8435,0.1565
MHS022776,2023,,3.4,2.62,104,43,135,-31,Tepat Waktu,1.0,0.0
MHS022850,2022,,2.87,3.1,148,60,144,4,Terlambat,0.0249,0.9751
MHS023887,2024,,3.39,2.36,56,21,95,-39,Tepat Waktu,1.0,0.0
MHS024153,2024,,3.54,2.4,58,24,95,-37,Tepat Waktu,1.0,0.0
MHS024493,2023,,3.56,2.46,101,41,135,-34,Tepat Waktu,1.0,0.0
MHS024536,2022,,2.72,3.66,147,59,144,3,Terlambat,0.0382,0.9618
MHS019117,2022,,2.11,1.26,109,45,144,-35,Terlambat,0.0,1.0
MHS019511,2024,,3.29,1.85,58,23,95,-37,Tepat Waktu,1.0,0.0
MHS019538,2023,,3.31,2.54,101,44,135,-34,Tepat Waktu,1.0,0.0
MHS019889,2024,,3.31,2.1,58,23,95,-37,Tepat Waktu,1.0,0.0
MHS020199,2022,,2.39,2.17,109,39,144,-35,Tepat Waktu,1.0,0.0
MHS020469,2024,,3.33,2.21,58,25,95,-37,Tepat Waktu,1.0,0.0
MHS020775,2020,,2.73,2.73,150,69,144,6,Terlambat,0.0082,0.9918
MHS020956,2023,,3.33,2.65,104,40,135,-31,Tepat Waktu,1.0,0.0
MHS021101,2022,,3.25,3.03,139,55,144,-5,Terlambat,0.3622,0.6378
MHS021131,2024,,3.26,2.18,56,22,95,-39,Tepat Waktu,1.0,0.0
MHS021141,2024,,3.29,2.28,59,23,95,-36,Tepat Waktu,1.0,0.0
MHS021188,2023,,3.36,2.93,103,40,135,-32,Tepat Waktu,1.0,0.0
MHS021333,2024,,3.3,1.66,59,23,95,-36,Tepat Waktu,1.0,0.0
MHS021926,2023,,3.39,3.05,106,41,135,-29,Tepat Waktu,1.0,0.0
MHS022330,2024,,3.35,2.37,60,25,95,-35,Tepat Waktu,1.0,0.0
MHS022559,2023,,3.41,2.54,103,42,135,-32,Tepat Waktu,1.0,0.0
MHS022644,2022,,2.92,2.92,145,57,144,1,Terlambat,0.0127,0.9873
MHS022693,2022,,3.04,3.43,145,58,144,1,Terlambat,0.3116,0.6884
MHS022983,2022,,3.31,2.06,130,50,144,-14,Terlambat,0.0005,0.9995
MHS023017,2022,,3.02,3.02,145,58,144,1,Terlambat,0.035,0.965
MHS023152,2023,,3.38,2.2,97,42,135,-38,Tepat Waktu,1.0,0.0
MHS023445,2022,,2.72,2.71,146,57,144,2,Terlambat,0.0002,0.9998
MHS023570,2022,,2.86,3.28,147,56,144,3,Terlambat,0.0448,0.9552
MHS023571,2022,,2.87,2.9,144,58,144,0,Terlambat,0.0086,0.9914
MHS023826,2024,,3.58,2.04,54,19,95,-41,Tepat Waktu,1.0,0.0
MHS024025,2022,,2.83,3.18,144,58,144,0,Terlambat,0.0278,0.9722
MHS018832,2020,,2.44,2.44,153,57,144,9,Terlambat,0.0,1.0
MHS019476,2021,,2.71,1.35,121,51,144,-23,Terlambat,0.0,1.0
MHS021656,2022,,3.83,3.49,145,68,144,1,Tepat Waktu,0.9706,0.0294
MHS021910,2023,,3.33,2.9,108,42,135,-27,Tepat Waktu,1.0,0.0
MHS021917,2022,,3.35,2.49,137,59,144,-7,Terlambat,0.0088,0.9912
MHS022087,2023,,3.41,2.85,106,41,135,-29,Tepat Waktu,1.0,0.0
MHS022188,2022,,2.92,3.22,148,55,144,4,Terlambat,0.0805,0.9195
MHS022593,2022,,3.35,2.44,138,56,144,-6,Terlambat,0.0019,0.9981
MHS022647,2024,,3.33,2.69,56,22,95,-39,Tepat Waktu,1.0,0.0
MHS022718,2023,,3.27,2.34,100,38,135,-35,Tepat Waktu,1.0,0.0
MHS022735,2023,,3.36,2.91,99,43,135,-36,Tepat Waktu,1.0,0.0
MHS023096,2023,,3.4,2.76,108,40,135,-27,Tepat Waktu,1.0,0.0
MHS023181,2024,,3.48,2.56,58,26,95,-37,Tepat Waktu,1.0,0.0
MHS023190,2024,,3.36,0.89,56,23,95,-39,Tepat Waktu,1.0,0.0
MHS023288,2022,,3.35,2.18,130,49,144,-14,Terlambat,0.0074,0.9926
MHS023576,2021,,3.05,3.04,151,58,144,7,Terlambat,0.1246,0.8754
MHS024143,2020,,2.3,2.3,148,59,144,4,Terlambat,0.0,1.0
MHS024504,2023,,3.46,2.54,99,42,135,-36,Tepat Waktu,1.0,0.0
MHS018740,2023,,3.23,2.6,104,42,135,-31,Tepat Waktu,1.0,0.0
MHS018797,2023,,3.26,2.64,101,42,135,-34,Tepat Waktu,1.0,0.0
MHS019041,2024,,3.2,1.64,57,24,95,-38,Tepat Waktu,1.0,0.0
MHS019298,2023,,3.27,2.74,105,46,135,-30,Tepat Waktu,1.0,0.0
MHS019628,2023,,2.22,2.66,107,43,135,-28,Tepat Waktu,1.0,0.0
MHS019761,2023,,3.2,2.64,99,43,135,-36,Tepat Waktu,1.0,0.0
MHS020156,2020,,2.66,2.65,151,60,144,7,Terlambat,0.0002,0.9998
MHS020218,2022,,3.12,3.13,148,59,144,4,Terlambat,0.1177,0.8823
MHS020420,2020,,1.67,1.64,150,63,144,6,Terlambat,0.0,1.0
MHS021756,2023,,3.31,2.98,99,43,135,-36,Tepat Waktu,1.0,0.0
MHS022215,2022,,3.89,3.53,145,55,144,1,Tepat Waktu,0.7805,0.2195
MHS022317,2024,,3.31,1.91,56,24,95,-39,Tepat Waktu,1.0,0.0
MHS022885,2021,,2.77,2.57,153,62,144,9,Terlambat,0.0006,0.9994
MHS022951,2022,,3.03,3.13,145,68,144,1,Terlambat,0.4127,0.5873
MHS022982,2022,,2.81,2.81,145,59,144,1,Terlambat,0.0024,0.9976
MHS023669,2023,,3.45,2.42,103,35,135,-32,Tepat Waktu,1.0,0.0
MHS023920,2020,,3.03,3.05,151,60,144,7,Terlambat,0.1022,0.8978
MHS024305,2021,,2.94,2.81,155,58,144,11,Terlambat,0.0182,0.9818
MHS018562,2024,,3.19,1.64,56,23,95,-39,Tepat Waktu,1.0,0.0
MHS018652,2023,,3.33,3.33,36,14,135,-99,Tepat Waktu,1.0,0.0
MHS020033,2022,,3.28,2.42,132,50,144,-12,Terlambat,0.0307,0.9693
MHS021052,2023,,2.02,2.52,107,41,135,-28,Tepat Waktu,0.9998,0.0002
MHS021706,2024,,3.53,2.3,38,14,95,-57,Tepat Waktu,1.0,0.0
MHS021772,2022,,3.14,3.23,145,59,144,1,Terlambat,0.2864,0.7136
MHS021825,2024,,3.29,2.2,56,24,95,-39,Tepat Waktu,1.0,0.0
MHS022052,2023,,3.22,2.29,100,38,135,-35,Tepat Waktu,1.0,0.0
MHS022193,2022,,3.28,2.6,138,53,144,-6,Terlambat,0.0188,0.9812
MHS022641,2022,,3.28,3.16,141,54,144,-3,Terlambat,0.3712,0.6288
MHS023122,2021,,2.86,2.87,148,60,144,4,Terlambat,0.0095,0.9905
MHS023318,2022,,2.9,3.6,146,55,144,2,Terlambat,0.1283,0.8717
MHS023351,2024,,3.42,2.58,59,23,95,-36,Tepat Waktu,1.0,0.0
MHS023395,2022,,2.83,2.82,146,55,144,2,Terlambat,0.0018,0.9982
MHS023616,2021,,1.89,1.89,145,54,144,1,Terlambat,0.0,1.0
MHS023656,2022,,2.86,3.17,144,58,144,0,Terlambat,0.0493,0.9507
MHS023762,2024,,3.44,1.8,55,21,95,-40,Tepat Waktu,1.0,0.0
MHS023859,2023,,3.49,2.87,107,42,135,-28,Tepat Waktu,1.0,0.0
MHS023934,2022,,3.89,3.38,144,54,144,0,Tepat Waktu,0.7423,0.2577
MHS024055,2022,,2.78,3.48,146,59,144,2,Terlambat,0.0517,0.9483
MHS024242,2021,,2.4,2.4,145,57,144,1,Terlambat,0.0,1.0
MHS024460,2022,,2.75,3.0,147,69,144,3,Terlambat,0.0769,0.9231
MHS024575,2023,,3.54,2.84,103,43,135,-32,Tepat Waktu,1.0,0.0
MHS018993,2024,,3.13,2.45,62,23,95,-33,Tepat Waktu,1.0,0.0
MHS019032,2023,,3.15,2.41,99,38,135,-36,Tepat Waktu,1.0,0.0
MHS020274,2023,,3.37,2.33,93,36,135,-42,Tepat Waktu,1.0,0.0
MHS020460,2024,,3.25,1.76,59,23,95,-36,Tepat Waktu,1.0,0.0
MHS020862,2024,,3.35,2.27,58,25,95,-37,Tepat Waktu,1.0,0.0
MHS021076,2022,,2.77,2.77,149,60,144,5,Terlambat,0.0009,0.9991
MHS021709,2024,,3.38,1.71,58,23,95,-37,Tepat Waktu,1.0,0.0
MHS021798,2021,,2.55,2.69,160,63,144,16,Terlambat,0.003,0.997
MHS021939,2023,,3.37,2.95,104,45,135,-31,Tepat Waktu,1.0,0.0
MHS022314,2019,,2.46,2.55,151,62,144,7,Terlambat,0.0,1.0
MHS022417,2021,,2.96,2.62,157,61,144,13,Terlambat,0.0081,0.9919
MHS022543,2020,,3.08,3.22,154,58,144,10,Terlambat,0.3919,0.6081
MHS022595,2020,,2.99,2.94,149,57,144,5,Terlambat,0.0246,0.9754
MHS023422,2022,,2.97,3.15,145,55,144,1,Terlambat,0.0552,0.9448
MHS023864,2023,,3.48,2.42,104,38,135,-31,Tepat Waktu,1.0,0.0
MHS023911,2019,,2.58,2.13,156,59,144,12,Terlambat,0.0,1.0
MHS024023,2020,,2.97,2.61,153,58,144,9,Terlambat,0.0018,0.9982
MHS024111,2022,,3.9,3.59,144,54,144,0,Tepat Waktu,0.7417,0.2583
MHS018813,2020,,2.85,2.84,150,62,144,6,Terlambat,0.0076,0.9924
MHS019660,2024,,3.22,1.62,56,22,95,-39,Tepat Waktu,1.0,0.0
MHS020104,2020,,2.67,2.67,151,60,144,7,Terlambat,0.0003,0.9997
MHS021093,2022,,3.17,3.26,149,56,144,5,Terlambat,0.3233,0.6767
MHS021429,2022,,3.03,3.26,148,61,144,4,Terlambat,0.2344,0.7656
MHS021703,2024,,3.31,2.29,60,25,95,-35,Tepat Waktu,1.0,0.0
MHS021724,2023,,3.41,2.81,105,43,135,-30,Tepat Waktu,1.0,0.0
MHS021768,2022,,2.92,2.92,145,58,144,1,Terlambat,0.0133,0.9867
MHS021871,2023,,3.41,2.73,105,42,135,-30,Tepat Waktu,1.0,0.0
MHS022056,2022,,2.94,3.34,148,60,144,4,Terlambat,0.1713,0.8287
MHS022685,2024,,3.36,2.33,60,23,95,-35,Tepat Waktu,1.0,0.0
MHS023601,2022,,2.86,3.33,146,59,144,2,Terlambat,0.0912,0.9088
MHS023655,2022,,2.83,2.82,146,55,144,2,Terlambat,0.0027,0.9973
MHS023903,2023,,3.42,2.21,98,41,135,-37,Tepat Waktu,1.0,0.0
MHS024001,2023,,3.5,3.12,105,44,135,-30,Tepat Waktu,1.0,0.0
MHS024039,2020,,2.74,2.56,152,57,144,8,Terlambat,0.0002,0.9998
MHS024346,2020,,2.78,2.6,154,59,144,10,Terlambat,0.0005,0.9995
MHS024452,2022,,2.72,3.26,144,58,144,0,Terlambat,0.0253,0.9747
MHS024533,2022,,2.72,3.26,147,69,144,3,Terlambat,0.1626,0.8374
MHS018477,2024,,3.18,1.73,57,25,95,-38,Tepat Waktu,1.0,0.0
MHS018744,2023,,3.18,2.43,102,40,135,-33,Tepat Waktu,1.0,0.0
MHS018986,2022,,2.94,2.93,154,65,144,10,Terlambat,0.1185,0.8815
MHS020504,2023,,3.0,1.55,91,34,135,-44,Tepat Waktu,1.0,0.0
MHS020734,2022,,3.33,2.16,133,52,144,-11,Terlambat,0.0005,0.9995
MHS020780,2023,,3.27,2.14,96,37,135,-39,Tepat Waktu,1.0,0.0
MHS021025,2023,,3.33,2.17,94,38,135,-41,Tepat Waktu,1.0,0.0
MHS022177,2024,,3.31,2.54,56,22,95,-39,Tepat Waktu,1.0,0.0
MHS022512,2023,,3.45,3.23,106,41,135,-29,Tepat Waktu,1.0,0.0
MHS022837,2022,,2.89,3.21,148,60,144,4,Terlambat,0.0518,0.9482
MHS023236,2022,,4.0,3.66,145,66,144,1,Tepat Waktu,0.9366,0.0634
MHS023289,2024,,3.35,2.29,57,22,95,-38,Tepat Waktu,1.0,0.0
MHS023641,2023,,3.46,2.83,104,46,135,-31,Tepat Waktu,1.0,0.0
MHS023715,2023,,3.43,2.38,97,42,135,-38,Tepat Waktu,1.0,0.0
MHS023774,2024,,3.44,2.23,59,23,95,-36,Tepat Waktu,1.0,0.0
MHS023950,2021,,2.92,3.0,145,60,144,1,Terlambat,0.0279,0.9721
MHS024054,2021,,2.91,3.13,145,57,144,1,Terlambat,0.0478,0.9522
MHS024116,2021,,1.68,2.31,153,63,144,9,Terlambat,0.0,1.0
MHS024129,2022,,2.78,3.23,146,59,144,2,Terlambat,0.0225,0.9775
MHS019066,2022,,3.23,2.43,140,56,144,-4,Terlambat,0.0006,0.9994
MHS019430,2022,,3.11,2.25,130,53,144,-14,Terlambat,0.0041,0.9959
MHS021558,2022,,3.16,3.16,149,56,144,5,Terlambat,0.1535,0.8465
MHS021854,2024,,3.33,2.52,60,23,95,-35,Tepat Waktu,1.0,0.0
MHS021963,2022,,2.72,2.72,145,59,144,1,Terlambat,0.0005,0.9995
MHS022978,2022,,3.41,2.52,125,47,144,-19,Tepat Waktu,0.9803,0.0197
MHS023165,2023,,3.53,3.06,101,44,135,-34,Tepat Waktu,1.0,0.0
MHS023748,2021,,2.78,2.84,152,57,144,8,Terlambat,0.0033,0.9967
MHS023930,2021,,2.81,2.95,148,61,144,4,Terlambat,0.0143,0.9857
MHS024029,2022,,2.78,3.04,146,56,144,2,Terlambat,0.0067,0.9933
MHS024128,2021,,2.69,2.69,148,59,144,4,Terlambat,0.0002,0.9998
MHS024284,2021,,2.67,2.67,145,51,144,1,Terlambat,0.0004,0.9996
MHS024388,2024,,3.43,2.15,57,22,95,-38,Tepat Waktu,1.0,0.0
MHS024562,2021,,2.65,2.69,150,57,144,6,Terlambat,0.0003,0.9997
MHS019656,2023,,2.18,2.67,107,43,135,-28,Tepat Waktu,1.0,0.0
MHS019776,2022,,3.22,2.87,139,55,144,-5,Terlambat,0.1258,0.8742
MHS019799,2021,,2.48,2.51,151,56,144,7,Terlambat,0.0,1.0
MHS019818,2021,,3.25,3.41,150,62,144,6,Tepat Waktu,0.6836,0.3164
MHS019948,2023,,3.28,2.59,103,45,135,-32,Tepat Waktu,1.0,0.0
MHS020830,2024,,3.29,1.87,55,24,95,-40,Tepat Waktu,1.0,0.0
MHS021549,2024,,3.31,0.0,18,7,95,-77,Tepat Waktu,1.0,0.0
MHS021716,2024,,3.28,1.96,57,22,95,-38,Tepat Waktu,1.0,0.0
MHS022204,2020,,2.19,2.19,149,62,144,5,Terlambat,0.0,1.0
MHS022269,2021,,2.35,2.36,149,60,144,5,Terlambat,0.0,1.0
MHS022271,2023,,3.31,2.36,96,37,135,-39,Tepat Waktu,1.0,0.0
MHS023337,2022,,2.89,3.16,147,59,144,3,Terlambat,0.0532,0.9468
MHS023398,2022,,2.97,3.15,145,59,144,1,Terlambat,0.0609,0.9391
MHS023514,2022,,3.31,2.46,140,53,144,-4,Terlambat,0.0014,0.9986
MHS023527,2022,,2.79,2.79,145,62,144,1,Terlambat,0.0017,0.9983
MHS023543,2024,,3.43,2.64,59,23,95,-36,Tepat Waktu,1.0,0.0
MHS023574,2022,,2.84,3.15,147,60,144,3,Terlambat,0.0391,0.9609
MHS023687,2020,,2.47,2.48,148,62,144,4,Terlambat,0.0,1.0
MHS023769,2023,,3.5,2.73,105,44,135,-30,Tepat Waktu,1.0,0.0
MHS023921,2022,,3.73,3.69,143,58,144,-1,Tepat Waktu,0.8537,0.1463
MHS023942,2023,,3.31,2.15,88,33,135,-47,Tepat Waktu,1.0,0.0
MHS024040,2022,,3.56,1.71,114,46,144,-30,Tepat Waktu,0.9199,0.0801
MHS024254,2022,,2.78,3.3,147,51,144,3,Terlambat,0.0403,0.9597
MHS024318,2022,,2.73,2.99,146,56,144,2,Terlambat,0.0047,0.9953
MHS024368,2022,,2.72,2.95,144,58,144,0,Terlambat,0.0039,0.9961
MHS024518,2023,,3.53,2.47,104,45,135,-31,Tepat Waktu,1.0,0.0
MHS018742,2022,,2.94,2.82,143,58,144,-1,Terlambat,0.008,0.992
MHS019546,2024,,3.22,1.89,59,22,95,-36,Tepat Waktu,1.0,0.0
MHS019783,2023,,3.27,2.63,103,45,135,-32,Tepat Waktu,1.0,0.0
MHS020579,2020,,2.47,2.48,150,61,144,6,Terlambat,0.0,1.0
MHS020618,2024,,3.34,2.0,58,23,95,-37,Tepat Waktu,1.0,0.0
MHS020811,2022,,2.38,2.65,143,55,144,-1,Terlambat,0.0,1.0
MHS020890,2023,,3.07,3.05,110,51,135,-25,Tepat Waktu,1.0,0.0
MHS020977,2022,,3.19,2.3,141,54,144,-3,Terlambat,0.0001,0.9999
MHS021434,2023,,3.38,3.09,103,40,135,-32,Tepat Waktu,1.0,0.0
MHS021732,2022,,3.14,3.36,145,57,144,1,Terlambat,0.2856,0.7144
MHS022423,2023,,3.33,2.65,102,36,135,-33,Tepat Waktu,1.0,0.0
MHS022441,2020,,1.96,2.05,151,60,144,7,Terlambat,0.0,1.0
MHS022523,2020,,2.28,2.32,151,61,144,7,Terlambat,0.0,1.0
MHS022945,2021,,2.73,2.72,150,61,144,6,Terlambat,0.0007,0.9993
MHS023041,2024,,3.36,2.12,60,23,95,-35,Tepat Waktu,1.0,0.0
MHS023336,2021,,2.86,3.17,148,58,144,4,Terlambat,0.062,0.938
MHS023622,2021,,2.64,2.67,152,57,144,8,Terlambat,0.0002,0.9998
MHS023728,2022,,3.45,2.58,139,56,144,-5,Terlambat,0.0103,0.9897
MHS024330,2022,,2.73,3.16,146,59,144,2,Terlambat,0.0104,0.9896
MHS024482,2021,,2.97,2.72,153,61,144,9,Terlambat,0.0113,0.9887
MHS018486,2022,,3.26,3.29,151,56,144,7,Terlambat,0.4017,0.5983
MHS018544,2023,,3.26,2.54,101,39,135,-34,Tepat Waktu,1.0,0.0
MHS018614,2023,,1.41,2.18,103,39,135,-32,Terlambat,0.4219,0.5781
MHS020116,2024,,3.27,2.09,60,23,95,-35,Tepat Waktu,1.0,0.0
MHS020767,2023,,3.25,2.41,102,39,135,-33,Tepat Waktu,1.0,0.0
MHS021247,2021,,2.33,2.31,150,60,144,6,Terlambat,0.0,1.0
MHS021669,2021,,2.17,2.16,154,62,144,10,Terlambat,0.0,1.0
MHS022025,2023,,3.32,2.65,99,44,135,-36,Tepat Waktu,1.0,0.0
MHS022291,2022,,3.04,3.04,145,55,144,1,Terlambat,0.0648,0.9352
MHS022994,2020,,2.53,2.48,154,58,144,10,Terlambat,0.0,1.0
MHS023367,2024,,3.42,2.37,59,23,95,-36,Tepat Waktu,1.0,0.0
MHS023415,2022,,2.88,3.29,147,58,144,3,Terlambat,0.0564,0.9436
MHS023678,2022,,3.21,2.37,143,59,144,-1,Terlambat,0.0001,0.9999
MHS023682,2024,,3.53,2.13,58,26,95,-37,Tepat Waktu,1.0,0.0
MHS023770,2024,,3.4,2.49,60,23,95,-35,Tepat Waktu,1.0,0.0
MHS024333,2022,,2.78,3.2,147,55,144,3,Terlambat,0.0261,0.9739
MHS020190,2022,,3.19,3.45,148,60,144,4,Tepat Waktu,0.5457,0.4543
MHS020232,2022,,2.96,2.92,143,56,144,-1,Terlambat,0.0135,0.9865
MHS020739,2024,,3.25,2.25,57,23,95,-38,Tepat Waktu,1.0,0.0
MHS020757,2022,,3.19,3.23,149,61,144,5,Terlambat,0.3034,0.6966
MHS021789,2024,,3.32,2.63,60,25,95,-35,Tepat Waktu,1.0,0.0
MHS022010,2021,,2.78,2.82,153,59,144,9,Terlambat,0.0058,0.9942
MHS022265,2021,,2.97,2.94,149,58,144,5,Terlambat,0.0318,0.9682
MHS022599,2023,,3.28,1.67,97,36,135,-38,Tepat Waktu,1.0,0.0
MHS023048,2022,,3.44,2.69,137,52,144,-7,Terlambat,0.121,0.879
MHS023129,2024,,3.39,2.14,61,24,95,-34,Tepat Waktu,1.0,0.0
MHS024245,2022,,2.75,3.04,146,55,144,2,Terlambat,0.0081,0.9919
MHS024331,2024,,3.42,1.91,56,23,95,-39,Tepat Waktu,1.0,0.0
MHS024396,2023,,3.45,1.68,95,36,135,-40,Tepat Waktu,1.0,0.0
MHS024398,2022,,2.72,2.97,144,58,144,0,Terlambat,0.0045,0.9955
MHS024449,2020,,2.6,2.49,156,65,144,12,Terlambat,0.0002,0.9998
MHS019820,2023,,3.22,2.52,102,40,135,-33,Tepat Waktu,1.0,0.0
MHS019880,2021,,3.08,3.08,153,58,144,9,Terlambat,0.1756,0.8244
MHS020073,2020,,3.0,3.02,153,57,144,9,Terlambat,0.1213,0.8787
MHS020346,2022,,3.17,3.16,148,60,144,4,Terlambat,0.2561,0.7439
MHS020474,2023,,3.31,2.42,103,40,135,-32,Tepat Waktu,1.0,0.0
MHS020863,2024,,3.36,2.27,58,25,95,-37,Tepat Waktu,1.0,0.0
MHS020968,2024,,3.25,2.12,56,24,95,-39,Tepat Waktu,1.0,0.0
MHS021428,2024,,3.38,1.91,58,23,95,-37,Tepat Waktu,1.0,0.0
MHS021508,2022,,3.16,3.15,143,57,144,-1,Terlambat,0.2449,0.7551
MHS022091,2022,,3.13,3.44,145,59,144,1,Terlambat,0.3512,0.6488
MHS022222,2022,,2.88,3.5,156,58,144,12,Terlambat,0.3516,0.6484
MHS022856,2021,,2.33,2.4,152,61,144,8,Terlambat,0.0,1.0
MHS023196,2023,,3.42,2.53,95,35,135,-40,Tepat Waktu,1.0,0.0
MHS023517,2022,,2.95,3.28,145,59,144,1,Terlambat,0.1413,0.8587
MHS023627,2020,,2.85,2.87,148,58,144,4,Terlambat,0.0079,0.9921
MHS023848,2021,,2.92,3.06,145,58,144,1,Terlambat,0.0523,0.9477
MHS018970,2024,,3.13,2.21,62,23,95,-33,Tepat Waktu,1.0,0.0
MHS019104,2024,,3.22,2.27,60,22,95,-35,Tepat Waktu,1.0,0.0
MHS019144,2022,,3.19,2.99,142,54,144,-2,Terlambat,0.1432,0.8568
MHS019791,2023,,3.33,2.64,101,44,135,-34,Tepat Waktu,1.0,0.0
MHS020816,2020,,2.54,1.68,157,64,144,13,Terlambat,0.0,1.0
MHS020978,2024,,3.29,2.05,60,23,95,-35,Tepat Waktu,1.0,0.0
MHS022131,2024,,3.36,2.48,59,23,95,-36,Tepat Waktu,1.0,0.0
MHS022513,2022,,3.06,3.17,145,59,144,1,Terlambat,0.1609,0.8391
MHS022529,2024,,3.3,2.13,57,25,95,-38,Tepat Waktu,1.0,0.0
MHS022764,2022,,3.38,2.46,128,48,144,-16,Tepat Waktu,0.6108,0.3892
MHS023235,2022,,2.92,3.1,146,60,144,2,Terlambat,0.0523,0.9477
MHS023480,2023,,3.45,2.61,104,43,135,-31,Tepat Waktu,1.0,0.0
MHS023551,2022,,2.38,2.38,144,54,144,0,Terlambat,0.0,1.0
MHS024072,2020,,2.33,2.33,145,56,144,1,Terlambat,0.0,1.0
MHS024311,2022,,3.93,3.38,144,54,144,0,Tepat Waktu,0.639,0.361
MHS024324,2021,,2.57,2.37,158,64,144,14,Terlambat,0.0001,0.9999
MHS024369,2021,,2.81,2.8,149,59,144,5,Terlambat,0.0033,0.9967
MHS018597,2019,,2.43,1.86,157,62,144,13,Terlambat,0.0,1.0
MHS018947,2024,,3.2,1.49,57,21,95,-38,Tepat Waktu,1.0,0.0
MHS019054,2022,,3.17,3.61,152,62,144,8,Tepat Waktu,0.7543,0.2457
MHS019836,2022,,3.23,2.18,134,57,144,-10,Terlambat,0.0001,0.9999
MHS019935,2023,,3.21,2.39,99,43,135,-36,Tepat Waktu,1.0,0.0
MHS020102,2024,,3.23,1.76,56,24,95,-39,Tepat Waktu,1.0,0.0
MHS020288,2023,,3.35,2.29,90,33,135,-45,Tepat Waktu,1.0,0.0
MHS020388,2020,,2.47,2.47,151,63,144,7,Terlambat,0.0,1.0
MHS020692,2024,,3.16,2.65,62,23,95,-33,Tepat Waktu,1.0,0.0
MHS020820,2023,,3.38,2.51,101,43,135,-34,Tepat Waktu,1.0,0.0
MHS020990,2020,,2.28,2.16,150,63,144,6,Terlambat,0.0,1.0
MHS021047,2024,,3.17,2.27,62,23,95,-33,Tepat Waktu,1.0,0.0
MHS021491,2022,,3.07,2.38,126,48,144,-18,Terlambat,0.4928,0.5072
MHS021624,2023,,3.35,2.69,104,40,135,-31,Tepat Waktu,1.0,0.0
MHS021634,2022,,3.24,2.57,142,53,144,-2,Terlambat,0.004,0.996
MHS021887,2022,,2.79,2.8,145,57,144,1,Terlambat,0.0011,0.9989
MHS023508,2024,,3.39,2.35,57,22,95,-38,Tepat Waktu,1.0,0.0
MHS023752,2024,,3.53,2.12,58,24,95,-37,Tepat Waktu,1.0,0.0
MHS023792,2024,,3.45,2.22,59,23,95,-36,Tepat Waktu,1.0,0.0
MHS023845,2022,,3.89,3.41,144,54,144,0,Tepat Waktu,0.7592,0.2408
MHS023944,2019,,2.25,2.23,145,58,144,1,Terlambat,0.0,1.0
MHS023967,2024,,3.4,1.71,56,25,95,-39,Tepat Waktu,1.0,0.0
MHS024217,2024,,3.41,1.94,56,25,95,-39,Tepat Waktu,1.0,0.0
MHS024327,2021,,2.86,2.87,149,59,144,5,Terlambat,0.006,0.994
MHS024435,2024,,3.47,2.03,55,21,95,-40,Tepat Waktu,1.0,0.0
MHS018954,2024,,3.11,2.65,62,23,95,-33,Tepat Waktu,1.0,0.0
MHS019232,2022,,3.23,3.31,151,62,144,7,Tepat Waktu,0.6274,0.3726
MHS019911,2022,,2.92,2.92,148,56,144,4,Terlambat,0.012,0.988
MHS020080,2022,,3.19,3.31,148,57,144,4,Terlambat,0.381,0.619
MHS020245,2024,,3.33,1.62,58,23,95,-37,Tepat Waktu,1.0,0.0
MHS020328,2024,,3.28,2.27,60,23,95,-35,Tepat Waktu,1.0,0.0
MHS021404,2023,,3.29,2.27,99,42,135,-36,Tepat Waktu,1.0,0.0
MHS021714,2022,,2.96,2.96,145,59,144,1,Terlambat,0.0254,0.9746
MHS022157,2023,,3.32,2.84,99,43,135,-36,Tepat Waktu,1.0,0.0
MHS022716,2022,,2.75,2.74,145,57,144,1,Terlambat,0.0004,0.9996
MHS022893,2023,,3.48,1.1,93,36,135,-42,Tepat Waktu,1.0,0.0
MHS022985,2020,,2.45,2.48,149,58,144,5,Terlambat,0.0,1.0
MHS023325,2019,,2.63,2.62,149,59,144,5,Terlambat,0.0001,0.9999
MHS024088,2020,,2.74,2.57,152,62,144,8,Terlambat,0.0004,0.9996
MHS024110,2020,,2.6,2.19,156,59,144,12,Terlambat,0.0,1.0
MHS024445,2022,,2.75,3.54,147,69,144,3,Terlambat,0.4675,0.5325
MHS024498,2022,,3.94,3.46,144,58,144,0,Tepat Waktu,0.7626,0.2374
MHS018577,2021,,2.86,2.86,150,62,144,6,Terlambat,0.0139,0.9861
MHS018718,2021,,2.72,2.69,157,60,144,13,Terlambat,0.0024,0.9976
MHS018865,2022,,3.3,3.32,152,62,144,8,Tepat Waktu,0.7333,0.2667
MHS018906,2022,,3.06,2.46,141,54,144,-3,Terlambat,0.0005,0.9995
MHS019177,2022,,3.25,3.25,140,52,144,-4,Tepat Waktu,0.5643,0.4357
MHS019386,2024,,3.22,1.64,59,22,95,-36,Tepat Waktu,1.0,0.0
MHS019554,2021,,2.99,2.99,151,59,144,7,Terlambat,0.0467,0.9533
MHS020023,2020,,2.72,2.64,154,61,144,10,Terlambat,0.0007,0.9993
MHS020425,2023,,2.18,2.56,108,42,135,-27,Tepat Waktu,0.9999,0.0001
MHS020690,2020,,1.32,1.32,150,61,144,6,Terlambat,0.0,1.0
MHS021040,2021,,2.97,2.96,151,62,144,7,Terlambat,0.0736,0.9264
MHS021518,2022,,3.17,3.29,149,59,144,5,Terlambat,0.2885,0.7115
MHS021687,2021,,2.72,2.69,153,59,144,9,Terlambat,0.001,0.999
MHS021936,2020,,2.14,2.13,149,59,144,5,Terlambat,0.0,1.0
MHS022581,2021,,3.17,3.25,149,69,144,5,Tepat Waktu,0.904,0.096
MHS022625,2024,,3.39,2.35,59,23,95,-36,Tepat Waktu,1.0,0.0
MHS022812,2022,,3.01,3.01,145,54,144,1,Terlambat,0.0472,0.9528
MHS023684,2024,,3.38,1.93,56,23,95,-39,Tepat Waktu,1.0,0.0
MHS023741,2023,,3.4,2.79,102,42,135,-33,Tepat Waktu,1.0,0.0
MHS024002,2021,,2.6,2.59,149,59,144,5,Terlambat,0.0,1.0
MHS024109,2022,,2.83,3.26,144,53,144,0,Terlambat,0.0671,0.9329
MHS019228,2022,,3.1,3.66,154,64,144,10,Tepat Waktu,0.8442,0.1558
MHS020569,2023,,3.32,2.31,103,44,135,-32,Tepat Waktu,1.0,0.0
MHS020598,2024,,3.34,2.13,58,23,95,-37,Tepat Waktu,1.0,0.0
MHS020904,2024,,3.36,2.56,58,25,95,-37,Tepat Waktu,1.0,0.0
MHS021528,2024,,3.28,2.11,56,24,95,-39,Tepat Waktu,1.0,0.0
MHS022126,2020,,2.46,2.03,159,66,144,15,Terlambat,0.0,1.0
MHS023619,2022,,2.84,3.58,147,56,144,3,Terlambat,0.0819,0.9181
MHS023795,2022,,3.89,3.39,144,58,144,0,Tepat Waktu,0.7435,0.2565
MHS024486,2022,,2.72,3.13,144,58,144,0,Terlambat,0.0086,0.9914
MHS018439,2023,,3.25,2.94,101,42,135,-34,Tepat Waktu,1.0,0.0
MHS018440,2022,,3.05,2.54,141,54,144,-3,Terlambat,0.0008,0.9992
MHS019484,2024,,3.22,2.27,59,22,95,-36,Tepat Waktu,1.0,0.0
MHS019662,2024,,3.23,2.09,59,22,95,-36,Tepat Waktu,1.0,0.0
MHS019706,2024,,3.3,2.53,58,23,95,-37,Tepat Waktu,1.0,0.0
MHS020049,2023,,3.23,2.58,102,39,135,-33,Tepat Waktu,1.0,0.0
MHS020608,2020,,2.44,2.43,150,57,144,6,Terlambat,0.0,1.0
MHS021172,2023,,3.19,2.29,100,41,135,-35,Tepat Waktu,1.0,0.0
MHS021190,2024,,3.3,2.16,60,23,95,-35,Tepat Waktu,1.0,0.0
MHS021698,2022,,3.03,3.27,148,59,144,4,Terlambat,0.2002,0.7998
MHS021933,2023,,3.42,2.77,105,42,135,-30,Tepat Waktu,1.0,0.0
MHS022673,2024,,3.39,2.1,59,23,95,-36,Tepat Waktu,1.0,0.0
MHS023613,2021,,3.13,3.15,151,57,144,7,Terlambat,0.296,0.704
MHS023668,2024,,3.53,2.57,58,26,95,-37,Tepat Waktu,1.0,0.0
MHS023771,2023,,3.49,2.79,107,43,135,-28,Tepat Waktu,1.0,0.0
MHS024247,2022,,3.92,3.48,144,58,144,0,Tepat Waktu,0.6961,0.3039
MHS024283,2022,,2.74,3.15,146,55,144,2,Terlambat,0.0097,0.9903
MHS018461,2022,,2.92,2.92,152,62,144,8,Terlambat,0.0325,0.9675
MHS018550,2024,,3.26,2.04,58,22,95,-37,Tepat Waktu,1.0,0.0
MHS018589,2022,,3.11,2.79,142,57,144,-2,Terlambat,0.0126,0.9874
MHS018988,2021,,2.68,2.62,153,61,144,9,Terlambat,0.0003,0.9997
MHS019155,2022,,2.32,1.3,109,44,144,-35,Terlambat,0.0005,0.9995
MHS019617,2024,,3.29,1.97,58,24,95,-37,Tepat Waktu,1.0,0.0
MHS020327,2021,,2.79,2.79,151,59,144,7,Terlambat,0.0021,0.9979
MHS020851,2020,,2.61,2.61,152,57,144,8,Terlambat,0.0001,0.9999
MHS021197,2022,,3.08,3.25,148,57,144,4,Terlambat,0.214,0.786
MHS021940,2023,,3.39,2.62,103,42,135,-32,Tepat Waktu,1.0,0.0
MHS022030,2021,,3.61,3.47,150,59,144,6,Tepat Waktu,0.8042,0.1958
MHS022444,2024,,3.38,2.33,59,23,95,-36,Tepat Waktu,1.0,0.0
MHS022848,2023,,3.38,2.12,95,41,135,-40,Tepat Waktu,1.0,0.0
MHS023477,2021,,2.86,3.09,148,59,144,4,Terlambat,0.0285,0.9715
MHS023785,2022,,2.74,2.74,144,57,144,0,Terlambat,0.0004,0.9996
MHS023830,2022,,2.83,3.02,147,56,144,3,Terlambat,0.0129,0.9871
MHS023989,2020,,2.92,3.19,145,51,144,1,Terlambat,0.1091,0.8909
MHS024277,2022,,2.74,3.4,146,59,144,2,Terlambat,0.0462,0.9538
MHS018469,2019,,2.92,2.92,150,58,144,6,Terlambat,0.018,0.982
MHS018848,2020,,2.78,2.78,153,61,144,9,Terlambat,0.0036,0.9964
MHS019026,2022,,2.89,2.2,126,52,144,-18,Terlambat,0.0062,0.9938
MHS020383,2024,,3.33,1.96,58,23,95,-37,Tepat Waktu,1.0,0.0
MHS020695,2024,,3.28,2.49,59,23,95,-36,Tepat Waktu,1.0,0.0
MHS021659,2024,,3.28,2.2,57,22,95,-38,Tepat Waktu,1.0,0.0
MHS021832,2022,,3.14,3.4,145,59,144,1,Terlambat,0.437,0.563
MHS022273,2023,,3.37,3.03,104,43,135,-31,Tepat Waktu,1.0,0.0
MHS022328,2022,,3.11,3.17,145,57,144,1,Terlambat,0.1837,0.8163
MHS022635,2024,,3.45,2.65,58,26,95,-37,Tepat Waktu,1.0,0.0
MHS023085,2022,,3.34,3.02,127,53,144,-17,Tepat Waktu,0.9969,0.0031
MHS023156,2024,,3.48,2.02,58,26,95,-37,Tepat Waktu,1.0,0.0
MHS023263,2022,,2.92,3.44,146,55,144,2,Terlambat,0.1646,0.8354
MHS023813,2022,,2.83,3.13,147,56,144,3,Terlambat,0.0259,0.9741
MHS023916,2024,,3.4,2.11,57,22,95,-38,Tepat Waktu,1.0,0.0
MHS024354,2020,,2.33,2.34,154,59,144,10,Terlambat,0.0,1.0
MHS018623,2022,,3.16,2.5,138,56,144,-6,Terlambat,0.0019,0.9981
MHS018938,2022,,3.3,3.48,152,62,144,8,Tepat Waktu,0.8156,0.1844
MHS019934,2022,,3.33,2.23,133,57,144,-11,Terlambat,0.0012,0.9988
MHS020047,2024,,3.24,2.0,59,22,95,-36,Tepat Waktu,1.0,0.0
MHS020487,2022,,2.46,2.46,149,57,144,5,Terlambat,0.0,1.0
MHS020650,2020,,2.3,2.28,154,58,144,10,Terlambat,0.0,1.0
MHS020841,2023,,3.32,2.38,104,40,135,-31,Tepat Waktu,1.0,0.0
MHS021082,2024,,3.37,1.94,58,23,95,-37,Tepat Waktu,1.0,0.0
MHS021107,2023,,3.27,2.3,99,43,135,-36,Tepat Waktu,1.0,0.0
MHS021465,2019,,2.62,2.56,151,55,144,7,Terlambat,0.0,1.0
MHS021467,2022,,3.82,3.5,145,66,144,1,Tepat Waktu,0.9442,0.0558
MHS022023,2023,,3.32,2.66,99,43,135,-36,Tepat Waktu,1.0,0.0
MHS022789,2022,,3.21,2.78,143,59,144,-1,Terlambat,0.0177,0.9823
MHS022819,2023,,3.44,2.76,105,42,135,-30,Tepat Waktu,1.0,0.0
MHS022854,2024,,3.32,2.1,57,22,95,-38,Tepat Waktu,1.0,0.0
MHS023548,2022,,2.94,3.47,145,59,144,1,Terlambat,0.2214,0.7786
MHS023900,2023,,3.55,2.42,101,41,135,-34,Tepat Waktu,1.0,0.0
MHS024026,2022,,2.83,2.9,144,58,144,0,Terlambat,0.0064,0.9936
MHS024027,2023,,3.5,2.79,107,43,135,-28,Tepat Waktu,1.0,0.0
MHS024157,2024,,3.42,2.31,60,23,95,-35,Tepat Waktu,1.0,0.0
MHS024196,2022,,2.76,2.96,146,55,144,2,Terlambat,0.0049,0.9951
MHS024228,2022,,2.78,3.27,147,58,144,3,Terlambat,0.037,0.963
MHS024308,2020,,2.36,2.36,145,60,144,1,Terlambat,0.0,1.0
MHS024366,2024,,3.55,1.94,58,24,95,-37,Tepat Waktu,1.0,0.0
MHS024550,2020,,1.9,1.92,145,57,144,1,Terlambat,0.0,1.0
MHS018909,2024,,3.19,2.01,57,24,95,-38,Tepat Waktu,1.0,0.0
MHS019203,2024,,3.19,1.64,56,24,95,-39,Tepat Waktu,1.0,0.0
MHS019463,2023,,1.77,2.51,106,44,135,-29,Tepat Waktu,0.9878,0.0122
MHS020213,2022,,3.23,2.5,139,56,144,-5,Terlambat,0.0019,0.9981
MHS020354,2024,,3.25,2.11,59,23,95,-36,Tepat Waktu,1.0,0.0
MHS021100,2022,,3.09,3.42,148,56,144,4,Terlambat,0.3469,0.6531
MHS021149,2024,,3.37,2.15,58,23,95,-37,Tepat Waktu,1.0,0.0
MHS021174,2023,,3.28,2.19,102,39,135,-33,Tepat Waktu,1.0,0.0
MHS021359,2023,,3.42,1.85,90,38,135,-45,Tepat Waktu,1.0,0.0
MHS021412,2020,,1.33,1.44,152,57,144,8,Terlambat,0.0,1.0
MHS021748,2024,,3.39,1.67,58,21,95,-37,Tepat Waktu,1.0,0.0
MHS021892,2021,,3.08,3.08,152,58,144,8,Terlambat,0.2077,0.7923
MHS022318,2023,,3.44,2.84,106,41,135,-29,Tepat Waktu,1.0,0.0
MHS022434,2022,,2.89,2.97,148,57,144,4,Terlambat,0.0145,0.9855
MHS022825,2020,,1.88,1.54,156,59,144,12,Terlambat,0.0,1.0
MHS023154,2023,,3.03,1.66,91,39,135,-44,Tepat Waktu,1.0,0.0
MHS023184,2020,,2.89,2.9,150,69,144,6,Terlambat,0.1774,0.8226
MHS023391,2023,,3.42,2.26,97,42,135,-38,Tepat Waktu,1.0,0.0
MHS024028,2024,,3.42,2.24,60,23,95,-35,Tepat Waktu,1.0,0.0
MHS024117,2022,,3.9,3.59,144,54,144,0,Tepat Waktu,0.7417,0.2583
MHS024483,2020,,3.13,2.47,157,66,144,13,Terlambat,0.0124,0.9876
MHS018695,2022,,3.17,1.78,123,49,144,-21,Terlambat,0.0006,0.9994
MHS019027,2022,,3.18,2.6,138,57,144,-6,Terlambat,0.007,0.993
MHS019259,2024,,3.2,1.98,56,22,95,-39,Tepat Waktu,1.0,0.0
MHS019342,2024,,3.22,1.93,59,22,95,-36,Tepat Waktu,1.0,0.0
MHS019449,2023,,3.27,2.99,108,44,135,-27,Tepat Waktu,1.0,0.0
MHS019817,2023,,2.28,2.73,108,42,135,-27,Tepat Waktu,1.0,0.0
MHS019852,2023,,3.06,2.09,82,33,135,-53,Tepat Waktu,1.0,0.0
MHS020180,2024,,3.36,2.41,54,19,95,-41,Tepat Waktu,1.0,0.0
MHS020916,2023,,3.34,2.96,106,41,135,-29,Tepat Waktu,1.0,0.0
MHS020993,2021,,3.05,3.05,151,57,144,7,Terlambat,0.1275,0.8725
MHS021562,2021,,2.75,2.75,152,59,144,8,Terlambat,0.0012,0.9988
MHS021625,2021,,2.86,2.86,154,63,144,10,Terlambat,0.0361,0.9639
MHS021723,2024,,3.32,2.13,60,25,95,-35,Tepat Waktu,1.0,0.0
MHS022250,2020,,2.52,2.52,150,59,144,6,Terlambat,0.0,1.0
MHS022296,2022,,3.12,2.32,131,45,144,-13,Terlambat,0.0269,0.9731
MHS022378,2023,,3.26,3.02,110,51,135,-25,Tepat Waktu,1.0,0.0
MHS022674,2024,,3.45,2.53,58,26,95,-37,Tepat Waktu,1.0,0.0
MHS022810,2024,,3.33,2.56,56,22,95,-39,Tepat Waktu,1.0,0.0
MHS023072,2023,,3.42,2.92,104,43,135,-31,Tepat Waktu,1.0,0.0
MHS023186,2021,,2.46,2.46,150,57,144,6,Terlambat,0.0,1.0
MHS023359,2023,,2.98,1.57,78,29,135,-57,Tepat Waktu,1.0,0.0
MHS023594,2023,,3.4,2.55,99,42,135,-36,Tepat Waktu,1.0,0.0
MHS023799,2024,,3.45,2.03,55,21,95,-40,Tepat Waktu,1.0,0.0
MHS023820,2023,,3.55,2.87,101,41,135,-34,Tepat Waktu,1.0,0.0
MHS023857,2024,,3.39,2.2,57,22,95,-38,Tepat Waktu,1.0,0.0
MHS024173,2024,,3.47,2.36,59,23,95,-36,Tepat Waktu,1.0,0.0
MHS024210,2021,,2.9,2.95,145,60,144,1,Terlambat,0.0254,0.9746
MHS018527,2024,,3.25,2.05,58,24,95,-37,Tepat Waktu,1.0,0.0
MHS018748,2023,,1.98,2.55,105,43,135,-30,Tepat Waktu,1.0,0.0
MHS018983,2024,,0.28,1.73,60,22,95,-35,Tepat Waktu,1.0,0.0
MHS019008,2024,,3.22,2.26,60,23,95,-35,Tepat Waktu,1.0,0.0
MHS019497,2022,,3.29,3.26,155,63,144,11,Tepat Waktu,0.843,0.157
MHS020610,2023,,3.32,2.93,103,40,135,-32,Tepat Waktu,1.0,0.0
MHS021470,2023,,3.42,2.96,101,39,135,-34,Tepat Waktu,1.0,0.0
MHS021902,2023,,3.38,2.78,103,45,135,-32,Tepat Waktu,1.0,0.0
MHS022144,2022,,3.19,2.65,143,54,144,-1,Terlambat,0.0041,0.9959
MHS022365,2023,,3.31,2.23,96,37,135,-39,Tepat Waktu,1.0,0.0
MHS022782,2024,,3.31,2.13,57,24,95,-38,Tepat Waktu,1.0,0.0
MHS022887,2022,,2.87,3.49,148,58,144,4,Terlambat,0.1378,0.8622
MHS023552,2019,,2.41,2.56,154,55,144,10,Terlambat,0.0,1.0
MHS023620,2022,,2.84,3.26,147,56,144,3,Terlambat,0.0532,0.9468
MHS023626,2024,,3.37,1.7,56,25,95,-39,Tepat Waktu,1.0,0.0
MHS023805,2022,,2.8,3.3,146,60,144,2,Terlambat,0.0587,0.9413
MHS023886,2024,,3.39,2.64,56,23,95,-39,Tepat Waktu,1.0,0.0
MHS024303,2024,,3.55,2.29,58,24,95,-37,Tepat Waktu,1.0,0.0
MHS018539,2020,,2.86,2.86,150,58,144,6,Terlambat,0.006,0.994
MHS018615,2022,,3.16,3.48,160,65,144,16,Tepat Waktu,0.9874,0.0126
MHS018766,2024,,3.26,2.01,58,24,95,-37,Tepat Waktu,1.0,0.0
MHS018819,2024,,3.23,1.98,61,23,95,-34,Tepat Waktu,1.0,0.0
MHS018897,2023,,3.27,2.21,101,36,135,-34,Tepat Waktu,1.0,0.0
MHS019274,2024,,3.23,1.97,60,22,95,-35,Tepat Waktu,1.0,0.0
MHS019918,2024,,3.02,0.11,36,13,95,-59,Tepat Waktu,1.0,0.0
MHS019984,2021,,2.57,2.58,150,61,144,6,Terlambat,0.0,1.0
MHS020488,2019,,2.02,2.01,150,63,144,6,Terlambat,0.0,1.0
MHS020721,2024,,3.11,0.72,36,14,95,-59,Tepat Waktu,1.0,0.0
MHS020850,2022,,2.9,2.9,148,56,144,4,Terlambat,0.0089,0.9911
MHS020881,2024,,3.25,1.92,56,24,95,-39,Tepat Waktu,1.0,0.0
MHS021166,2022,,3.17,3.29,149,56,144,5,Terlambat,0.2632,0.7368
MHS021826,2021,,2.97,2.97,152,70,144,8,Tepat Waktu,0.5615,0.4385
MHS022324,2022,,3.11,3.21,145,54,144,1,Terlambat,0.2287,0.7713
MHS022453,2022,,3.06,3.2,145,60,144,1,Terlambat,0.1411,0.8589
MHS022561,2020,,2.75,2.48,153,63,144,9,Terlambat,0.0001,0.9999
MHS022588,2024,,3.43,2.29,58,26,95,-37,Tepat Waktu,1.0,0.0
MHS022596,2024,,3.39,2.27,59,23,95,-36,Tepat Waktu,1.0,0.0
MHS022630,2023,,3.4,2.47,104,45,135,-31,Tepat Waktu,1.0,0.0
MHS022639,2024,,3.45,2.6,58,26,95,-37,Tepat Waktu,1.0,0.0
MHS022997,2024,,3.47,2.03,58,24,95,-37,Tepat Waktu,1.0,0.0
MHS023353,2024,,3.42,2.49,59,23,95,-36,Tepat Waktu,1.0,0.0
MHS023438,2024,,3.43,2.37,59,23,95,-36,Tepat Waktu,1.0,0.0
MHS023596,2020,,2.4,2.41,145,57,144,1,Terlambat,0.0,1.0
MHS023776,2020,,2.29,2.29,145,56,144,1,Terlambat,0.0,1.0
MHS024154,2022,,3.6,3.58,143,58,144,-1,Tepat Waktu,0.8394,0.1606
MHS024306,2022,,2.72,3.25,144,54,144,0,Terlambat,0.0248,0.9752
MHS024505,2022,,3.46,3.48,142,54,144,-2,Tepat Waktu,0.8113,0.1887
MHS018910,2023,,1.78,2.38,105,43,135,-30,Tepat Waktu,0.9907,0.0093
MHS019530,2024,,3.19,2.08,55,23,95,-40,Tepat Waktu,1.0,0.0
MHS019819,2023,,3.28,2.77,103,45,135,-32,Tepat Waktu,1.0,0.0
MHS019912,2024,,3.15,2.28,62,23,95,-33,Tepat Waktu,1.0,0.0
MHS020148,2024,,3.23,2.36,57,23,95,-38,Tepat Waktu,1.0,0.0
MHS020641,2021,,2.89,2.88,150,56,144,6,Terlambat,0.012,0.988
MHS021143,2022,,3.09,3.29,148,60,144,4,Terlambat,0.2998,0.7002
MHS021539,2024,,3.31,2.33,60,25,95,-35,Tepat Waktu,1.0,0.0
MHS021946,2021,,3.08,3.06,150,62,144,6,Terlambat,0.1533,0.8467
MHS021976,2022,,3.22,2.78,141,57,144,-3,Terlambat,0.0237,0.9763
MHS022218,2021,,3.21,3.31,151,59,144,7,Tepat Waktu,0.5986,0.4014
MHS022282,2024,,3.36,2.54,59,23,95,-36,Tepat Waktu,1.0,0.0
MHS022624,2019,,2.28,2.08,156,60,144,12,Terlambat,0.0,1.0
MHS022679,2020,,2.44,2.44,151,51,144,7,Terlambat,0.0,1.0
MHS022996,2021,,2.81,2.81,148,59,144,4,Terlambat,0.0022,0.9978
MHS023376,2024,,3.42,2.29,59,23,95,-36,Tepat Waktu,1.0,0.0
MHS024126,2022,,3.23,3.09,143,50,144,-1,Terlambat,0.2737,0.7263
MHS024358,2023,,3.44,2.32,99,42,135,-36,Tepat Waktu,1.0,0.0
MHS018677,2022,,3.23,2.33,129,53,144,-15,Terlambat,0.0295,0.9705
MHS019190,2022,,3.19,2.16,134,49,144,-10,Terlambat,0.0003,0.9997
MHS019717,2022,,3.14,3.53,160,64,144,16,Tepat Waktu,0.9751,0.0249
MHS019790,2023,,3.33,1.94,90,39,135,-45,Tepat Waktu,1.0,0.0
MHS020403,2024,,3.28,2.26,60,23,95,-35,Tepat Waktu,1.0,0.0
MHS020630,2021,,2.71,2.69,150,61,144,6,Terlambat,0.0007,0.9993
MHS020870,2023,,3.26,2.38,102,39,135,-33,Tepat Waktu,1.0,0.0
MHS020980,2023,,3.18,2.34,100,41,135,-35,Tepat Waktu,1.0,0.0
MHS021095,2020,,2.87,2.86,152,59,144,8,Terlambat,0.0095,0.9905
MHS021208,2022,,3.71,3.71,149,56,144,5,Tepat Waktu,0.7466,0.2534
MHS021366,2020,,2.56,2.55,155,59,144,11,Terlambat,0.0001,0.9999
MHS021443,2024,,3.31,2.31,59,23,95,-36,Tepat Waktu,1.0,0.0
MHS022382,2022,,2.98,2.98,145,55,144,1,Terlambat,0.0201,0.9799
MHS022783,2022,,3.03,3.17,145,59,144,1,Terlambat,0.0955,0.9045
MHS023002,2022,,3.37,2.53,138,55,144,-6,Terlambat,0.0064,0.9936
MHS023125,2024,,3.48,2.41,58,26,95,-37,Tepat Waktu,1.0,0.0
MHS023340,2022,,2.89,3.38,147,69,144,3,Tepat Waktu,0.5442,0.4558
MHS023729,2023,,2.56,2.91,109,41,135,-26,Tepat Waktu,1.0,0.0
MHS023775,2024,,3.39,2.11,57,22,95,-38,Tepat Waktu,1.0,0.0
MHS024310,2024,,3.34,2.63,62,29,95,-33,Tepat Waktu,1.0,0.0
MHS018646,2024,,3.18,2.0,57,22,95,-38,Tepat Waktu,1.0,0.0
MHS018895,2024,,3.22,2.43,60,24,95,-35,Tepat Waktu,1.0,0.0
MHS019006,2023,,2.29,2.68,108,44,135,-27,Tepat Waktu,1.0,0.0
MHS019949,2024,,3.22,2.6,57,23,95,-38,Tepat Waktu,1.0,0.0
MHS019996,2022,,3.34,2.25,137,54,144,-7,Terlambat,0.0002,0.9998
MHS020220,2024,,3.24,1.74,56,22,95,-39,Tepat Waktu,1.0,0.0
MHS021229,2020,,2.75,2.74,153,71,144,9,Terlambat,0.0637,0.9363
MHS021538,2022,,3.29,2.81,139,58,144,-5,Terlambat,0.0703,0.9297
MHS021859,2022,,3.13,3.27,145,59,144,1,Terlambat,0.2314,0.7686
MHS021979,2024,,3.34,2.11,59,23,95,-36,Tepat Waktu,1.0,0.0
MHS021997,2024,,3.35,2.35,59,23,95,-36,Tepat Waktu,1.0,0.0
MHS023580,2022,,2.86,3.19,144,54,144,0,Terlambat,0.0374,0.9626
MHS023856,2022,,2.86,2.96,144,62,144,0,Terlambat,0.0209,0.9791
MHS024041,2023,,3.44,2.61,99,42,135,-36,Tepat Waktu,1.0,0.0
MHS024092,2022,,2.78,3.12,146,57,144,2,Terlambat,0.0112,0.9888
MHS024233,2020,,2.28,2.28,149,58,144,5,Terlambat,0.0,1.0
MHS018637,2023,,3.22,2.01,96,40,135,-39,Tepat Waktu,1.0,0.0
MHS019675,2021,,2.7,2.7,151,60,144,7,Terlambat,0.0005,0.9995
MHS020011,2023,,3.28,2.6,104,37,135,-31,Tepat Waktu,1.0,0.0
MHS020085,2023,,3.3,2.69,103,45,135,-32,Tepat Waktu,1.0,0.0
MHS020193,2024,,3.32,2.15,58,23,95,-37,Tepat Waktu,1.0,0.0
MHS020248,2021,,3.17,3.15,150,62,144,6,Terlambat,0.3339,0.6661
MHS020768,2024,,3.28,2.34,59,23,95,-36,Tepat Waktu,1.0,0.0
MHS021620,2024,,3.33,2.55,59,23,95,-36,Tepat Waktu,1.0,0.0
MHS021960,2022,,2.83,2.84,148,61,144,4,Terlambat,0.0046,0.9954
MHS022041,2022,,3.13,3.31,145,59,144,1,Terlambat,0.3509,0.6491
MHS022114,2022,,2.89,2.88,145,53,144,1,Terlambat,0.0086,0.9914
MHS022785,2024,,3.4,2.76,59,23,95,-36,Tepat Waktu,1.0,0.0
MHS022917,2023,,3.47,2.79,107,39,135,-28,Tepat Waktu,1.0,0.0
MHS022929,2023,,3.26,3.04,110,51,135,-25,Tepat Waktu,1.0,0.0
MHS022934,2024,,3.47,2.11,58,26,95,-37,Tepat Waktu,1.0,0.0
MHS023095,2023,,2.85,1.93,78,31,135,-57,Tepat Waktu,1.0,0.0
MHS023257,2024,,3.36,1.57,56,21,95,-39,Tepat Waktu,1.0,0.0
MHS023408,2022,,2.88,3.2,147,56,144,3,Terlambat,0.0538,0.9462
MHS023835,2022,,2.83,3.1,147,58,144,3,Terlambat,0.0151,0.9849
MHS024053,2021,,3.12,3.16,151,58,144,7,Terlambat,0.3057,0.6943
MHS024280,2021,,2.76,2.59,152,58,144,8,Terlambat,0.0002,0.9998
MHS024375,2023,,3.53,2.97,106,41,135,-29,Tepat Waktu,1.0,0.0
MHS024419,2020,,3.14,3.14,149,56,144,5,Terlambat,0.1868,0.8132
MHS024499,2021,,2.83,2.83,145,61,144,1,Terlambat,0.0064,0.9936
MHS018679,2024,,3.16,1.64,55,22,95,-40,Tepat Waktu,1.0,0.0
MHS019020,2023,,3.22,2.18,103,37,135,-32,Tepat Waktu,1.0,0.0
MHS019300,2023,,3.26,2.31,103,38,135,-32,Tepat Waktu,1.0,0.0
MHS019580,2023,,3.35,2.03,93,37,135,-42,Tepat Waktu,1.0,0.0
MHS021376,2020,,2.57,2.58,150,63,144,6,Terlambat,0.0001,0.9999
MHS021418,2022,,3.03,3.28,148,60,144,4,Terlambat,0.2252,0.7748
MHS021509,2022,,3.43,2.29,133,53,144,-11,Terlambat,0.003,0.997
MHS021862,2023,,0.44,1.87,71,28,135,-64,Tepat Waktu,1.0,0.0
MHS021971,2024,,3.4,1.24,58,22,95,-37,Tepat Waktu,1.0,0.0
MHS021974,2022,,3.36,2.5,137,54,144,-7,Terlambat,0.0098,0.9902
MHS022209,2022,,3.12,3.16,145,57,144,1,Terlambat,0.1286,0.8714
MHS022664,2024,,3.36,2.24,61,28,95,-34,Tepat Waktu,1.0,0.0
MHS023315,2022,,2.9,3.21,146,56,144,2,Terlambat,0.0657,0.9343
MHS023437,2022,,2.87,3.34,147,69,144,3,Terlambat,0.4737,0.5263
MHS023689,2022,,2.83,3.4,147,56,144,3,Terlambat,0.0544,0.9456
MHS023709,2022,,2.83,3.31,146,59,144,2,Terlambat,0.0689,0.9311
MHS023991,2022,,2.72,2.71,146,59,144,2,Terlambat,0.0003,0.9997
MHS024100,2023,,3.54,2.88,107,42,135,-28,Tepat Waktu,1.0,0.0
MHS024207,2024,,3.41,2.18,57,22,95,-38,Tepat Waktu,1.0,0.0
MHS024257,2024,,3.42,2.26,57,22,95,-38,Tepat Waktu,1.0,0.0
MHS024415,2024,,3.72,2.16,19,7,95,-76,Tepat Waktu,1.0,0.0
MHS024465,2022,,2.74,2.9,147,51,144,3,Terlambat,0.0038,0.9962
MHS019438,2019,,1.86,1.82,152,58,144,8,Terlambat,0.0,1.0
MHS019564,2024,,3.29,2.64,58,26,95,-37,Tepat Waktu,1.0,0.0
MHS019754,2024,,3.25,2.7,60,23,95,-35,Tepat Waktu,1.0,0.0
MHS020343,2021,,2.48,2.46,153,59,144,9,Terlambat,0.0,1.0
MHS021008,2023,,3.19,2.52,98,40,135,-37,Tepat Waktu,1.0,0.0
MHS021062,2020,,2.43,2.42,153,64,144,9,Terlambat,0.0,1.0
MHS021193,2023,,3.28,2.95,99,43,135,-36,Tepat Waktu,1.0,0.0
MHS021234,2023,,3.39,2.55,105,47,135,-30,Tepat Waktu,1.0,0.0
MHS022487,2024,,3.3,2.22,57,22,95,-38,Tepat Waktu,1.0,0.0
MHS022832,2021,,2.99,2.99,151,58,144,7,Terlambat,0.0648,0.9352
MHS023077,2022,,3.0,2.99,145,59,144,1,Terlambat,0.0406,0.9594
MHS023555,2021,,2.62,2.62,145,56,144,1,Terlambat,0.0001,0.9999
MHS023811,2024,,3.41,2.24,60,23,95,-35,Tepat Waktu,1.0,0.0
MHS024473,2024,,3.56,2.15,58,24,95,-37,Tepat Waktu,1.0,0.0
MHS024519,2021,,2.89,3.07,145,55,144,1,Terlambat,0.0295,0.9705
MHS024537,2023,,3.44,2.6,102,45,135,-33,Tepat Waktu,1.0,0.0
MHS018506,2023,,3.17,2.78,107,43,135,-28,Tepat Waktu,1.0,0.0
MHS018619,2022,,3.13,2.67,142,59,144,-2,Terlambat,0.0071,0.9929
MHS018767,2023,,3.18,1.03,92,38,135,-43,Tepat Waktu,1.0,0.0
MHS018992,2024,,3.19,1.87,56,23,95,-39,Tepat Waktu,1.0,0.0
MHS019085,2023,,3.28,2.36,101,38,135,-34,Tepat Waktu,1.0,0.0
MHS019439,2019,,2.45,2.45,152,59,144,8,Terlambat,0.0,1.0
MHS019746,2023,,3.21,2.89,102,40,135,-33,Tepat Waktu,1.0,0.0
MHS019830,2021,,3.03,3.03,150,56,144,6,Terlambat,0.0891,0.9109
MHS020729,2023,,3.25,2.19,99,43,135,-36,Tepat Waktu,1.0,0.0
MHS020839,2022,,3.11,3.1,148,59,144,4,Terlambat,0.0956,0.9044
MHS020983,2024,,3.25,1.84,57,22,95,-38,Tepat Waktu,1.0,0.0
MHS021186,2023,,3.39,2.87,101,39,135,-34,Tepat Waktu,1.0,0.0
MHS021329,2024,,3.26,2.15,57,22,95,-38,Tepat Waktu,1.0,0.0
MHS021375,2024,,3.27,1.72,56,22,95,-39,Tepat Waktu,1.0,0.0
MHS021551,2022,,2.85,2.85,145,51,144,1,Terlambat,0.0065,0.9935
MHS021755,2024,,3.28,2.37,57,22,95,-38,Tepat Waktu,1.0,0.0
MHS021947,2024,,3.15,2.36,36,13,95,-59,Tepat Waktu,1.0,0.0
MHS021968,2024,,3.4,2.25,58,24,95,-37,Tepat Waktu,1.0,0.0
MHS022518,2024,,3.32,2.36,56,22,95,-39,Tepat Waktu,1.0,0.0
MHS023248,2023,,3.43,2.53,103,41,135,-32,Tepat Waktu,1.0,0.0
MHS023343,2022,,2.98,3.12,145,58,144,1,Terlambat,0.0512,0.9488
MHS023525,2024,,3.51,2.02,58,26,95,-37,Tepat Waktu,1.0,0.0
MHS023759,2023,,3.43,2.08,94,36,135,-41,Tepat Waktu,1.0,0.0
MHS023860,2023,,3.43,2.22,94,36,135,-41,Tepat Waktu,1.0,0.0
MHS023876,2022,,2.83,3.62,147,69,144,3,Tepat Waktu,0.6462,0.3538
MHS024113,2023,,3.52,2.99,106,41,135,-29,Tepat Waktu,1.0,0.0
MHS024180,2022,,3.53,2.79,139,56,144,-5,Terlambat,0.1019,0.8981
MHS024495,2022,,2.74,3.53,147,69,144,3,Terlambat,0.4426,0.5574
MHS024506,2023,,3.53,2.84,103,43,135,-32,Tepat Waktu,1.0,0.0
MHS018974,2021,,2.97,2.97,150,57,144,6,Terlambat,0.042,0.958
MHS019490,2024,,3.19,2.02,55,22,95,-40,Tepat Waktu,1.0,0.0
MHS019862,2024,,3.23,2.0,55,22,95,-40,Tepat Waktu,1.0,0.0
MHS019883,2021,,2.68,2.66,153,61,144,9,Terlambat,0.0004,0.9996
MHS019887,2023,,3.31,2.95,105,46,135,-30,Tepat Waktu,1.0,0.0
MHS020040,2021,,2.88,2.87,150,59,144,6,Terlambat,0.0116,0.9884
MHS020272,2024,,3.24,1.68,56,22,95,-39,Tepat Waktu,1.0,0.0
MHS020636,2020,,2.8,2.71,155,64,144,11,Terlambat,0.0066,0.9934
MHS020975,2024,,3.25,2.53,56,22,95,-39,Tepat Waktu,1.0,0.0
MHS021801,2023,,3.22,2.38,98,38,135,-37,Tepat Waktu,1.0,0.0
MHS022346,2022,,2.86,2.87,145,63,144,1,Terlambat,0.0075,0.9925
MHS022353,2023,,3.44,1.89,93,34,135,-42,Tepat Waktu,1.0,0.0
MHS022497,2022,,3.44,3.44,141,55,144,-3,Tepat Waktu,0.813,0.187
MHS022537,2022,,2.97,2.97,145,56,144,1,Terlambat,0.0258,0.9742
MHS022629,2022,,3.06,3.32,145,55,144,1,Terlambat,0.257,0.743
MHS022904,2022,,3.56,3.53,141,54,144,-3,Tepat Waktu,0.8742,0.1258
MHS023362,2022,,2.9,3.17,146,58,144,2,Terlambat,0.0567,0.9433
MHS023589,2022,,3.39,2.4,127,52,144,-17,Terlambat,0.4056,0.5944
MHS023621,2022,,2.86,3.16,146,59,144,2,Terlambat,0.0292,0.9708
MHS023623,2022,,3.42,2.23,138,48,144,-6,Terlambat,0.0005,0.9995
MHS023806,2021,,2.83,2.95,148,58,144,4,Terlambat,0.0121,0.9879
MHS024069,2022,,2.81,3.17,147,57,144,3,Terlambat,0.028,0.972
MHS024159,2022,,3.39,3.14,140,53,144,-4,Tepat Waktu,0.6174,0.3826
MHS024194,2022,,2.76,3.33,146,60,144,2,Terlambat,0.0481,0.9519
MHS024229,2023,,3.47,2.07,98,41,135,-37,Tepat Waktu,1.0,0.0
MHS019374,2024,,3.22,2.13,59,22,95,-36,Tepat Waktu,1.0,0.0
MHS020071,2024,,3.32,2.06,58,26,95,-37,Tepat Waktu,1.0,0.0
MHS020197,2024,,3.32,1.91,58,23,95,-37,Tepat Waktu,1.0,0.0
MHS020198,2024,,3.25,2.27,59,22,95,-36,Tepat Waktu,1.0,0.0
MHS020229,2024,,3.24,1.79,56,24,95,-39,Tepat Waktu,1.0,0.0
MHS020391,2022,,3.18,3.31,148,57,144,4,Terlambat,0.3701,0.6299
MHS020534,2023,,3.83,3.6,111,43,135,-24,Tepat Waktu,1.0,0.0
MHS020563,2024,,3.33,2.01,58,23,95,-37,Tepat Waktu,1.0,0.0
MHS020565,2023,,3.24,2.53,99,43,135,-36,Tepat Waktu,1.0,0.0
MHS020923,2024,,3.3,2.39,55,22,95,-40,Tepat Waktu,1.0,0.0
MHS021119,2024,,3.3,2.13,60,27,95,-35,Tepat Waktu,1.0,0.0
MHS022128,2022,,2.89,2.88,145,57,144,1,Terlambat,0.0074,0.9926
MHS022405,2022,,3.28,2.28,138,55,144,-6,Terlambat,0.0002,0.9998
MHS022655,2023,,3.4,2.9,104,43,135,-31,Tepat Waktu,1.0,0.0
MHS023158,2021,,2.99,2.99,152,52,144,8,Terlambat,0.0941,0.9059
MHS023694,2022,,3.21,3.07,143,58,144,-1,Terlambat,0.1472,0.8528
MHS023738,2022,,2.86,3.14,144,58,144,0,Terlambat,0.042,0.958
MHS023825,2021,,2.97,2.97,150,56,144,6,Terlambat,0.0416,0.9584
MHS023870,2022,,3.89,3.38,144,54,144,0,Tepat Waktu,0.6543,0.3457
MHS024000,2022,,2.82,3.46,147,57,144,3,Terlambat,0.0875,0.9125
MHS024123,2021,,2.86,2.85,145,58,144,1,Terlambat,0.0046,0.9954
MHS018936,2024,,3.19,2.11,57,22,95,-38,Tepat Waktu,1.0,0.0
MHS019230,2024,,3.32,1.89,54,19,95,-41,Tepat Waktu,1.0,0.0
MHS019666,2022,,3.09,2.87,141,54,144,-3,Terlambat,0.0302,0.9698
MHS019969,2022,,3.15,2.32,141,56,144,-3,Terlambat,0.0001,0.9999
MHS020437,2024,,3.25,2.58,59,23,95,-36,Tepat Waktu,1.0,0.0
MHS020665,2022,,3.17,3.38,148,60,144,4,Terlambat,0.4732,0.5268
MHS020669,2022,,3.17,3.42,148,64,144,4,Tepat Waktu,0.6815,0.3185
MHS021105,2023,,3.39,2.53,101,44,135,-34,Tepat Waktu,1.0,0.0
MHS021338,2024,,3.3,2.21,59,23,95,-36,Tepat Waktu,1.0,0.0
MHS021994,2024,,3.34,2.4,59,23,95,-36,Tepat Waktu,1.0,0.0
MHS022663,2022,,2.8,2.8,148,61,144,4,Terlambat,0.0025,0.9975
MHS022750,2023,,3.36,2.52,99,42,135,-36,Tepat Waktu,1.0,0.0
MHS023463,2023,,3.41,2.38,98,40,135,-37,Tepat Waktu,1.0,0.0
MHS023605,2022,,2.84,2.84,144,58,144,0,Terlambat,0.0041,0.9959
MHS023690,2022,,2.83,3.37,147,58,144,3,Terlambat,0.0523,0.9477
MHS023713,2023,,3.36,2.26,100,38,135,-35,Tepat Waktu,1.0,0.0
MHS023803,2022,,2.83,2.86,147,56,144,3,Terlambat,0.0024,0.9976
MHS023871,2023,,3.42,2.14,98,37,135,-37,Tepat Waktu,1.0,0.0
MHS024105,2024,,3.46,2.64,59,23,95,-36,Tepat Waktu,1.0,0.0
MHS024290,2021,,2.8,3.19,148,61,144,4,Terlambat,0.0401,0.9599
MHS024515,2022,,2.69,3.03,146,56,144,2,Terlambat,0.0044,0.9956
MHS018733,2023,,3.22,2.68,103,39,135,-32,Tepat Waktu,1.0,0.0
MHS019035,2022,,3.06,2.48,141,57,144,-3,Terlambat,0.0004,0.9996
MHS019506,2023,,3.31,2.61,101,44,135,-34,Tepat Waktu,1.0,0.0
MHS019541,2022,,3.03,3.04,154,65,144,10,Terlambat,0.3511,0.6489
MHS020041,2021,,2.67,2.69,152,64,144,8,Terlambat,0.0008,0.9992
MHS020368,2023,,3.23,2.4,99,43,135,-36,Tepat Waktu,1.0,0.0
MHS020464,2021,,2.16,2.17,151,61,144,7,Terlambat,0.0,1.0
MHS021046,2022,,3.39,2.88,133,51,144,-11,Tepat Waktu,0.7759,0.2241
MHS022019,2023,,3.28,2.17,98,37,135,-37,Tepat Waktu,1.0,0.0
MHS022442,2023,,3.35,2.53,99,43,135,-36,Tepat Waktu,1.0,0.0
MHS022464,2023,,3.46,2.93,107,44,135,-28,Tepat Waktu,1.0,0.0
MHS022797,2022,,3.03,3.18,145,55,144,1,Terlambat,0.1326,0.8674
MHS022935,2024,,3.47,2.31,58,26,95,-37,Tepat Waktu,1.0,0.0
MHS023400,2023,,3.4,2.63,99,43,135,-36,Tepat Waktu,1.0,0.0
MHS018479,2023,,2.89,2.57,36,13,135,-99,Tepat Waktu,1.0,0.0
MHS019539,2024,,3.24,2.25,60,23,95,-35,Tepat Waktu,1.0,0.0
MHS019793,2024,,3.14,2.38,62,23,95,-33,Tepat Waktu,1.0,0.0
MHS020280,2024,,3.37,2.48,54,19,95,-41,Tepat Waktu,1.0,0.0
MHS020865,2024,,3.29,2.27,60,23,95,-35,Tepat Waktu,1.0,0.0
MHS020873,2023,,3.26,2.65,99,43,135,-36,Tepat Waktu,1.0,0.0
MHS021010,2023,,3.25,1.68,97,36,135,-38,Tepat Waktu,1.0,0.0
MHS021464,2022,,3.03,3.24,148,60,144,4,Terlambat,0.1956,0.8044
MHS021601,2022,,3.01,3.01,145,55,144,1,Terlambat,0.0299,0.9701
MHS021655,2022,,3.03,3.39,148,57,144,4,Terlambat,0.2581,0.7419
MHS021684,2023,,3.22,2.51,100,41,135,-35,Tepat Waktu,1.0,0.0
MHS022127,2024,,3.29,2.2,57,22,95,-38,Tepat Waktu,1.0,0.0
MHS022195,2024,,3.31,1.3,56,21,95,-39,Tepat Waktu,1.0,0.0
MHS022359,2024,,3.3,2.27,57,22,95,-38,Tepat Waktu,1.0,0.0
MHS022721,2022,,3.92,3.69,145,55,144,1,Tepat Waktu,0.7141,0.2859
MHS023423,2023,,3.44,2.43,103,41,135,-32,Tepat Waktu,1.0,0.0
MHS023980,2022,,2.78,2.82,146,59,144,2,Terlambat,0.002,0.998
MHS024185,2022,,2.83,2.82,144,55,144,0,Terlambat,0.0031,0.9969
MHS018713,2022,,3.13,3.13,152,64,144,8,Terlambat,0.446,0.554
MHS019033,2023,,3.23,2.83,103,45,135,-32,Tepat Waktu,1.0,0.0
MHS019415,2023,,3.17,2.31,99,37,135,-36,Tepat Waktu,1.0,0.0
MHS019596,2023,,3.18,2.3,99,38,135,-36,Tepat Waktu,1.0,0.0
MHS020893,2023,,3.34,2.73,106,43,135,-29,Tepat Waktu,1.0,0.0
MHS021204,2020,,2.71,2.71,150,58,144,6,Terlambat,0.0004,0.9996
MHS021267,2022,,3.41,2.56,132,49,144,-12,Terlambat,0.351,0.649
MHS021325,2022,,2.36,2.57,143,56,144,-1,Terlambat,0.0,1.0
MHS021516,2022,,3.32,2.3,135,53,144,-9,Terlambat,0.0009,0.9991
MHS021733,2024,,3.32,2.38,60,25,95,-35,Tepat Waktu,1.0,0.0
MHS021967,2022,,3.11,3.11,145,59,144,1,Terlambat,0.1519,0.8481
MHS022298,2023,,3.32,2.75,102,36,135,-33,Tepat Waktu,1.0,0.0
MHS022745,2022,,3.92,3.62,145,68,144,1,Tepat Waktu,0.9719,0.0281
MHS022906,2022,,3.03,3.05,145,57,144,1,Terlambat,0.0646,0.9354
MHS022937,2023,,3.45,2.89,106,41,135,-29,Tepat Waktu,1.0,0.0
MHS023268,2024,,3.49,2.52,58,26,95,-37,Tepat Waktu,1.0,0.0
MHS023396,2022,,2.89,3.19,147,56,144,3,Terlambat,0.0549,0.9451
MHS023781,2020,,2.73,2.73,148,61,144,4,Terlambat,0.0007,0.9993
MHS023808,2024,,3.39,2.06,57,22,95,-38,Tepat Waktu,1.0,0.0
MHS024020,2021,,2.81,2.88,148,61,144,4,Terlambat,0.0053,0.9947
MHS024542,2021,,2.72,2.72,145,58,144,1,Terlambat,0.0004,0.9996
MHS024867,2021,,3.14,3.35,149,52,144,5,Tepat Waktu,0.5343,0.4657
MHS024964,2021,,2.68,3.15,147,58,144,3,Terlambat,0.0129,0.9871
MHS025113,2020,,2.72,2.51,151,57,144,7,Terlambat,0.0001,0.9999
MHS025694,2024,,3.54,2.26,57,22,95,-38,Tepat Waktu,1.0,0.0
MHS025849,2020,,2.53,2.88,146,60,144,2,Terlambat,0.0006,0.9994
MHS025864,2024,,3.5,2.12,60,23,95,-35,Tepat Waktu,1.0,0.0
MHS026089,2024,,3.55,2.22,59,23,95,-36,Tepat Waktu,1.0,0.0
MHS026306,2022,,2.51,2.86,145,57,144,1,Terlambat,0.0002,0.9998
MHS026437,2022,,2.41,3.45,146,55,144,2,Terlambat,0.0012,0.9988
MHS026646,2022,,2.38,3.52,144,55,144,0,Terlambat,0.0011,0.9989
MHS026774,2022,,2.39,3.53,145,56,144,1,Terlambat,0.0018,0.9982
MHS027130,2022,,2.37,3.23,145,56,144,1,Terlambat,0.0004,0.9996
MHS027159,2022,,2.34,3.28,145,56,144,1,Terlambat,0.0003,0.9997
MHS027372,2023,,3.73,2.13,75,29,135,-60,Tepat Waktu,1.0,0.0
MHS027459,2024,,3.71,2.28,56,21,95,-39,Tepat Waktu,1.0,0.0
MHS027499,2022,,2.3,3.09,145,56,144,1,Terlambat,0.0001,0.9999
MHS027568,2024,,3.72,2.03,56,21,95,-39,Tepat Waktu,1.0,0.0
MHS027849,2022,,1.44,3.07,144,59,144,0,Terlambat,0.0,1.0
MHS024616,2019,,2.25,2.08,145,61,144,1,Terlambat,0.0,1.0
MHS024775,2021,,2.72,2.72,145,68,144,1,Terlambat,0.0058,0.9942
MHS025145,2021,,2.59,3.05,144,57,144,0,Terlambat,0.0034,0.9966
MHS025306,2021,,2.43,2.43,146,60,144,2,Terlambat,0.0,1.0
MHS025687,2020,,2.53,2.53,146,53,144,2,Terlambat,0.0,1.0
MHS025698,2024,,3.71,2.73,54,19,95,-41,Tepat Waktu,1.0,0.0
MHS025986,2020,,2.5,3.3,146,54,144,2,Terlambat,0.005,0.995
MHS026106,2021,,3.31,3.3,155,59,144,11,Tepat Waktu,0.8438,0.1562
MHS026112,2021,,2.46,2.86,146,58,144,2,Terlambat,0.0001,0.9999
MHS026286,2022,,2.44,2.91,146,55,144,2,Terlambat,0.0001,0.9999
MHS027021,2022,,2.33,3.34,144,55,144,0,Terlambat,0.0006,0.9994
MHS027206,2022,,3.17,3.4,150,61,144,6,Tepat Waktu,0.5627,0.4373
MHS027693,2023,,3.85,2.68,102,48,135,-33,Tepat Waktu,1.0,0.0
MHS027964,2024,,3.83,1.73,60,23,95,-35,Tepat Waktu,1.0,0.0
MHS027984,2022,,0.56,3.4,152,53,144,8,Terlambat,0.0,1.0
MHS028151,2022,,3.75,3.66,141,55,144,-3,Tepat Waktu,0.8433,0.1567
MHS028178,2022,,3.94,2.62,139,55,144,-5,Terlambat,0.0183,0.9817
MHS024634,2022,,2.69,2.94,144,54,144,0,Terlambat,0.0019,0.9981
MHS024665,2022,,2.67,2.82,146,59,144,2,Terlambat,0.0008,0.9992
MHS024666,2024,,3.49,1.78,59,27,95,-36,Tepat Waktu,1.0,0.0
MHS024686,2023,,3.45,2.73,102,45,135,-33,Tepat Waktu,1.0,0.0
MHS024884,2019,,2.68,2.69,147,60,144,3,Terlambat,0.0002,0.9998
MHS024935,2020,,2.78,2.91,145,58,144,1,Terlambat,0.0044,0.9956
MHS025084,2021,,2.61,2.81,146,60,144,2,Terlambat,0.0006,0.9994
MHS025225,2022,,2.69,2.85,145,57,144,1,Terlambat,0.0007,0.9993
MHS025398,2023,,3.64,1.68,93,37,135,-42,Tepat Waktu,1.0,0.0
MHS025712,2021,,2.56,2.8,146,58,144,2,Terlambat,0.0003,0.9997
MHS025766,2021,,2.5,3.08,144,60,144,0,Terlambat,0.002,0.998
MHS025800,2022,,2.7,3.45,148,56,144,4,Terlambat,0.0335,0.9665
MHS025827,2021,,2.64,3.08,147,52,144,3,Terlambat,0.0074,0.9926
MHS025855,2019,,2.29,2.3,147,56,144,3,Terlambat,0.0,1.0
MHS026079,2022,,2.59,3.24,147,68,144,3,Terlambat,0.0344,0.9656
MHS026241,2022,,3.51,2.83,143,54,144,-1,Terlambat,0.0653,0.9347
MHS026465,2022,,3.35,2.37,131,53,144,-13,Terlambat,0.0227,0.9773
MHS026570,2022,,3.17,3.14,150,57,144,6,Terlambat,0.2238,0.7762
MHS027082,2024,,3.53,2.53,62,29,95,-33,Tepat Waktu,1.0,0.0
MHS027187,2022,,3.75,2.1,133,55,144,-11,Terlambat,0.0002,0.9998
MHS027448,2022,,2.28,3.23,144,59,144,0,Terlambat,0.0002,0.9998
MHS027636,2023,,3.77,2.89,102,39,135,-33,Tepat Waktu,1.0,0.0
MHS027724,2022,,1.88,3.15,148,60,144,4,Terlambat,0.0,1.0
MHS028004,2022,,1.02,3.04,145,55,144,1,Terlambat,0.0,1.0
MHS028030,2022,,1.1,3.16,144,58,144,0,Terlambat,0.0,1.0
MHS024618,2024,,3.44,2.23,56,25,95,-39,Tepat Waktu,1.0,0.0
MHS024689,2020,,2.51,2.51,147,55,144,3,Terlambat,0.0,1.0
MHS025008,2024,,3.59,2.21,58,24,95,-37,Tepat Waktu,1.0,0.0
MHS025106,2020,,2.45,2.47,150,63,144,6,Terlambat,0.0,1.0
MHS025129,2020,,2.69,2.12,156,61,144,12,Terlambat,0.0,1.0
MHS025383,2021,,2.57,2.93,146,55,144,2,Terlambat,0.0007,0.9993
MHS025585,2024,,3.53,2.16,57,22,95,-38,Tepat Waktu,1.0,0.0
MHS026150,2024,,3.56,0.8,55,21,95,-40,Tepat Waktu,1.0,0.0
MHS026174,2023,,3.49,2.36,100,43,135,-35,Tepat Waktu,1.0,0.0
MHS026491,2023,,3.63,2.95,104,40,135,-31,Tepat Waktu,1.0,0.0
MHS027490,2023,,3.79,2.34,96,37,135,-39,Tepat Waktu,1.0,0.0
MHS027729,2022,,2.22,3.28,144,58,144,0,Terlambat,0.0001,0.9999
MHS027730,2022,,1.67,3.14,146,60,144,2,Terlambat,0.0,1.0
MHS028027,2024,,3.7,2.77,62,27,95,-33,Tepat Waktu,1.0,0.0
MHS024659,2024,,3.45,2.42,57,22,95,-38,Tepat Waktu,1.0,0.0
MHS024865,2022,,2.62,3.3,144,58,144,0,Terlambat,0.0122,0.9878
MHS025067,2023,,3.61,2.82,101,39,135,-34,Tepat Waktu,1.0,0.0
MHS025087,2023,,3.49,2.62,108,47,135,-27,Tepat Waktu,1.0,0.0
MHS025148,2022,,2.72,3.29,145,67,144,1,Terlambat,0.144,0.856
MHS025198,2020,,2.61,2.68,146,60,144,2,Terlambat,0.0002,0.9998
MHS025392,2021,,2.57,2.95,146,58,144,2,Terlambat,0.0008,0.9992
MHS025448,2022,,2.94,2.88,152,59,144,8,Terlambat,0.0179,0.9821
MHS025490,2024,,3.52,2.08,59,23,95,-36,Tepat Waktu,1.0,0.0
MHS025680,2020,,2.56,2.7,150,61,144,6,Terlambat,0.0002,0.9998
MHS025948,2019,,2.48,2.63,144,59,144,0,Terlambat,0.0,1.0
MHS025952,2021,,2.42,2.42,146,61,144,2,Terlambat,0.0,1.0
MHS026006,2021,,3.09,2.77,155,64,144,11,Terlambat,0.0746,0.9254
MHS026069,2021,,2.48,2.96,146,58,144,2,Terlambat,0.0003,0.9997
MHS026601,2024,,3.6,2.43,59,23,95,-36,Tepat Waktu,1.0,0.0
MHS026753,2022,,2.37,3.13,144,57,144,0,Terlambat,0.0002,0.9998
MHS027157,2024,,3.72,2.59,58,22,95,-37,Tepat Waktu,1.0,0.0
MHS027223,2022,,2.33,3.09,147,60,144,3,Terlambat,0.0002,0.9998
MHS027242,2022,,2.33,3.04,145,56,144,1,Terlambat,0.0001,0.9999
MHS027425,2022,,2.26,3.09,146,59,144,2,Terlambat,0.0,1.0
MHS027440,2022,,2.28,3.13,144,58,144,0,Terlambat,0.0001,0.9999
MHS027649,2022,,1.63,3.43,147,58,144,3,Terlambat,0.0,1.0
MHS027690,2022,,2.27,3.57,145,56,144,1,Terlambat,0.0004,0.9996
MHS027801,2023,,3.89,2.73,103,49,135,-32,Tepat Waktu,1.0,0.0
MHS028269,2022,,0.0,3.52,144,55,144,0,Terlambat,0.0,1.0
MHS024613,2024,,3.44,2.3,60,23,95,-35,Tepat Waktu,1.0,0.0
MHS024656,2023,,3.51,2.91,105,44,135,-30,Tepat Waktu,1.0,0.0
MHS024662,2022,,2.67,3.33,146,51,144,2,Terlambat,0.0273,0.9727
MHS024702,2020,,2.36,2.07,160,61,144,16,Terlambat,0.0,1.0
MHS025212,2023,,3.53,2.99,105,44,135,-30,Tepat Waktu,1.0,0.0
MHS025293,2019,,2.35,2.4,149,56,144,5,Terlambat,0.0,1.0
MHS025571,2020,,2.78,2.82,149,59,144,5,Terlambat,0.0022,0.9978
MHS026321,2022,,2.76,3.24,149,56,144,5,Terlambat,0.0285,0.9715
MHS026550,2023,,3.69,2.81,103,43,135,-32,Tepat Waktu,1.0,0.0
MHS027470,2022,,2.18,2.99,146,56,144,2,Terlambat,0.0,1.0
MHS028008,2023,,3.82,2.95,108,51,135,-27,Tepat Waktu,1.0,0.0
MHS028055,2024,,3.68,0.67,18,7,95,-77,Tepat Waktu,1.0,0.0
MHS028232,2022,,0.94,2.83,142,54,144,-2,Terlambat,0.0,1.0
MHS024717,2023,,3.1,1.9,91,34,135,-44,Tepat Waktu,1.0,0.0
MHS024916,2024,,3.58,2.42,58,24,95,-37,Tepat Waktu,1.0,0.0
MHS025189,2024,,3.51,2.19,59,23,95,-36,Tepat Waktu,1.0,0.0
MHS025256,2024,,3.46,2.62,62,29,95,-33,Tepat Waktu,1.0,0.0
MHS025481,2021,,2.57,2.69,144,56,144,0,Terlambat,0.0001,0.9999
MHS025488,2022,,3.42,2.74,143,62,144,-1,Terlambat,0.0372,0.9628
MHS025785,2022,,3.11,3.08,150,60,144,6,Terlambat,0.156,0.844
MHS025895,2021,,2.48,3.18,144,55,144,0,Terlambat,0.0016,0.9984
MHS025901,2022,,3.61,3.1,137,53,144,-7,Tepat Waktu,0.7682,0.2318
MHS025973,2022,,3.59,2.88,138,56,144,-6,Terlambat,0.2764,0.7236
MHS026191,2024,,3.58,2.28,56,21,95,-39,Tepat Waktu,1.0,0.0
MHS026229,2022,,2.53,2.87,145,57,144,1,Terlambat,0.0003,0.9997
MHS026578,2022,,2.5,3.64,147,66,144,3,Terlambat,0.0287,0.9713
MHS026764,2022,,2.46,3.11,147,59,144,3,Terlambat,0.0008,0.9992
MHS026929,2023,,3.75,2.83,103,43,135,-32,Tepat Waktu,1.0,0.0
MHS027357,2022,,2.06,2.91,147,61,144,3,Terlambat,0.0,1.0
MHS027700,2023,,3.75,3.13,108,51,135,-27,Tepat Waktu,1.0,0.0
MHS027777,2023,,3.36,2.02,76,30,135,-59,Tepat Waktu,1.0,0.0
MHS027850,2022,,1.44,3.38,144,59,144,0,Terlambat,0.0,1.0
MHS027861,2022,,1.67,3.78,145,59,144,1,Terlambat,0.0,1.0
MHS024607,2021,,2.79,3.14,148,55,144,4,Terlambat,0.0202,0.9798
MHS024921,2021,,2.68,3.27,147,58,144,3,Terlambat,0.0232,0.9768
MHS025038,2022,,2.62,3.28,146,58,144,2,Terlambat,0.0097,0.9903
MHS025202,2022,,2.72,3.41,145,55,144,1,Terlambat,0.0255,0.9745
MHS025477,2020,,2.51,2.51,146,53,144,2,Terlambat,0.0,1.0
MHS025580,2019,,2.52,2.53,144,60,144,0,Terlambat,0.0,1.0
MHS025595,2019,,2.53,2.53,147,56,144,3,Terlambat,0.0,1.0
MHS025597,2020,,1.83,1.82,147,59,144,3,Terlambat,0.0,1.0
MHS025725,2023,,3.56,2.0,95,45,135,-40,Tepat Waktu,1.0,0.0
MHS025773,2022,,2.61,2.94,145,55,144,1,Terlambat,0.0008,0.9992
MHS026062,2023,,3.65,3.12,106,44,135,-29,Tepat Waktu,1.0,0.0
MHS026123,2024,,3.65,2.21,58,26,95,-37,Tepat Waktu,1.0,0.0
MHS026198,2022,,2.52,3.08,148,57,144,4,Terlambat,0.0008,0.9992
MHS026786,2019,,3.17,2.92,153,60,144,9,Terlambat,0.096,0.904
MHS026852,2023,,3.65,2.85,104,40,135,-31,Tepat Waktu,1.0,0.0
MHS026943,2022,,2.39,2.54,145,57,144,1,Terlambat,0.0,1.0
MHS026950,2022,,2.55,3.18,149,61,144,5,Terlambat,0.0045,0.9955
MHS027349,2022,,2.29,2.9,144,58,144,0,Terlambat,0.0,1.0
MHS028010,2024,,3.85,2.58,59,23,95,-36,Tepat Waktu,1.0,0.0
MHS028116,2022,,0.55,3.29,152,57,144,8,Terlambat,0.0,1.0
MHS024813,2021,,2.71,2.71,148,60,144,4,Terlambat,0.0006,0.9994
MHS024939,2021,,2.61,2.61,147,56,144,3,Terlambat,0.0,1.0
MHS024996,2022,,2.62,3.21,146,59,144,2,Terlambat,0.0076,0.9924
MHS025260,2020,,2.58,2.81,144,57,144,0,Terlambat,0.0003,0.9997
MHS025461,2024,,3.5,2.34,56,25,95,-39,Tepat Waktu,1.0,0.0
MHS025851,2023,,3.66,2.52,101,42,135,-34,Tepat Waktu,1.0,0.0
MHS026223,2022,,2.44,2.68,146,55,144,2,Terlambat,0.0,1.0
MHS026322,2022,,2.42,3.0,146,58,144,2,Terlambat,0.0002,0.9998
MHS026797,2022,,2.39,3.08,145,59,144,1,Terlambat,0.0003,0.9997
MHS026921,2022,,3.78,2.77,139,53,144,-5,Terlambat,0.1615,0.8385
MHS027065,2022,,2.33,3.45,144,54,144,0,Terlambat,0.0006,0.9994
MHS027091,2022,,2.37,3.58,145,58,144,1,Terlambat,0.0016,0.9984
MHS027168,2022,,2.36,3.33,148,60,144,4,Terlambat,0.0009,0.9991
MHS027733,2022,,1.66,3.61,146,59,144,2,Terlambat,0.0,1.0
MHS027865,2024,,3.86,1.63,56,21,95,-39,Tepat Waktu,1.0,0.0
MHS027890,2022,,1.61,3.48,145,59,144,1,Terlambat,0.0,1.0
MHS028196,2022,,3.78,2.66,141,54,144,-3,Terlambat,0.0325,0.9675
MHS024817,2023,,3.58,3.07,112,52,135,-23,Tepat Waktu,1.0,0.0
MHS024917,2022,,2.61,2.78,144,54,144,0,Terlambat,0.0003,0.9997
MHS025062,2021,,3.11,3.11,149,58,144,5,Terlambat,0.1981,0.8019
MHS025156,2024,,3.61,2.29,58,24,95,-37,Tepat Waktu,1.0,0.0
MHS025170,2021,,2.64,2.69,150,60,144,6,Terlambat,0.0003,0.9997
MHS025177,2024,,3.51,2.54,59,25,95,-36,Tepat Waktu,1.0,0.0
MHS025534,2020,,2.63,2.63,147,55,144,3,Terlambat,0.0001,0.9999
MHS025683,2023,,3.58,2.31,102,40,135,-33,Tepat Waktu,1.0,0.0
MHS025815,2021,,2.54,3.07,146,61,144,2,Terlambat,0.0029,0.9971
MHS026340,2022,,2.51,2.98,145,57,144,1,Terlambat,0.0006,0.9994
MHS026401,2024,,3.6,2.48,57,22,95,-38,Tepat Waktu,1.0,0.0
MHS026661,2022,,2.44,3.0,145,55,144,1,Terlambat,0.0002,0.9998
MHS027086,2022,,3.01,3.0,151,57,144,7,Terlambat,0.035,0.965
MHS027247,2022,,2.98,3.22,151,57,144,7,Terlambat,0.1481,0.8519
MHS027541,2022,,1.77,3.19,147,61,144,3,Terlambat,0.0,1.0
MHS027838,2022,,3.94,2.73,143,54,144,-1,Terlambat,0.0381,0.9619
MHS028234,2022,,0.11,3.02,141,57,144,-3,Terlambat,0.0,1.0
MHS024641,2023,,3.47,2.89,108,46,135,-27,Tepat Waktu,1.0,0.0
MHS024971,2023,,3.56,3.09,104,45,135,-31,Tepat Waktu,1.0,0.0
MHS024997,2022,,2.78,3.21,145,67,144,1,Terlambat,0.1624,0.8376
MHS025350,2022,,3.52,2.76,138,57,144,-6,Terlambat,0.104,0.896
MHS025547,2023,,3.47,2.28,100,42,135,-35,Tepat Waktu,1.0,0.0
MHS025720,2023,,3.51,2.12,99,41,135,-36,Tepat Waktu,1.0,0.0
MHS026122,2021,,2.18,2.01,144,56,144,0,Terlambat,0.0,1.0
MHS026426,2019,,1.78,1.95,144,58,144,0,Terlambat,0.0,1.0
MHS026446,2022,,2.4,3.36,146,55,144,2,Terlambat,0.0008,0.9992
MHS026482,2021,,3.09,3.0,155,64,144,11,Terlambat,0.3619,0.6381
MHS026484,2024,,3.68,2.86,58,22,95,-37,Tepat Waktu,1.0,0.0
MHS026616,2021,,1.12,1.8,153,62,144,9,Terlambat,0.0,1.0
MHS026695,2020,,2.89,2.71,151,70,144,7,Terlambat,0.0406,0.9594
MHS026711,2022,,2.48,3.67,147,56,144,3,Terlambat,0.0033,0.9967
MHS026949,2023,,3.67,2.36,99,39,135,-36,Tepat Waktu,1.0,0.0
MHS027059,2022,,2.33,2.82,144,55,144,0,Terlambat,0.0,1.0
MHS027341,2023,,3.7,2.16,99,33,135,-36,Tepat Waktu,1.0,0.0
MHS027770,2022,,1.83,3.4,148,61,144,4,Terlambat,0.0,1.0
MHS027808,2022,,1.75,3.17,148,60,144,4,Terlambat,0.0,1.0
MHS027836,2022,,1.3,2.75,147,60,144,3,Terlambat,0.0,1.0
MHS024582,2024,,3.48,2.52,59,25,95,-36,Tepat Waktu,1.0,0.0
MHS024690,2022,,2.67,3.07,146,52,144,2,Terlambat,0.0063,0.9937
MHS024698,2022,,2.68,3.04,144,62,144,0,Terlambat,0.0056,0.9944
MHS024725,2019,,2.27,2.27,148,57,144,4,Terlambat,0.0,1.0
MHS025673,2023,,3.6,2.78,104,40,135,-31,Tepat Waktu,1.0,0.0
MHS025920,2021,,2.5,2.94,146,61,144,2,Terlambat,0.0007,0.9993
MHS025959,2021,,2.5,2.83,146,58,144,2,Terlambat,0.0001,0.9999
MHS026219,2020,,2.44,2.55,146,55,144,2,Terlambat,0.0,1.0
MHS026294,2022,,2.43,2.87,146,51,144,2,Terlambat,0.0001,0.9999
MHS026454,2022,,2.4,3.11,146,55,144,2,Terlambat,0.0003,0.9997
MHS026489,2023,,3.58,2.0,94,40,135,-41,Tepat Waktu,1.0,0.0
MHS026645,2022,,2.37,3.05,146,55,144,2,Terlambat,0.0002,0.9998
MHS026936,2022,,2.39,2.97,145,60,144,1,Terlambat,0.0002,0.9998
MHS026957,2022,,2.98,3.04,150,63,144,6,Terlambat,0.0994,0.9006
MHS027304,2024,,3.76,2.08,58,22,95,-37,Tepat Waktu,1.0,0.0
MHS027714,2022,,3.82,3.55,151,60,144,7,Tepat Waktu,0.8632,0.1368
MHS028002,2023,,3.88,2.89,106,50,135,-29,Tepat Waktu,1.0,0.0
MHS024756,2024,,3.46,2.51,60,23,95,-35,Tepat Waktu,1.0,0.0
MHS025255,2021,,2.6,2.98,146,55,144,2,Terlambat,0.0013,0.9987
MHS025544,2024,,3.36,0.31,36,14,95,-59,Tepat Waktu,1.0,0.0
MHS025740,2020,,2.53,2.53,147,58,144,3,Terlambat,0.0,1.0
MHS026098,2024,,3.58,1.25,56,22,95,-39,Tepat Waktu,1.0,0.0
MHS026167,2022,,2.53,3.29,145,57,144,1,Terlambat,0.0042,0.9958
MHS026317,2023,,3.56,2.8,98,44,135,-37,Tepat Waktu,1.0,0.0
MHS026591,2021,,3.11,3.07,151,59,144,7,Terlambat,0.2075,0.7925
MHS026630,2023,,3.61,2.29,99,40,135,-36,Tepat Waktu,1.0,0.0
MHS026989,2023,,3.83,2.51,101,41,135,-34,Tepat Waktu,1.0,0.0
MHS027088,2022,,2.98,3.27,151,57,144,7,Terlambat,0.1798,0.8202
MHS027116,2022,,2.3,2.88,146,59,144,2,Terlambat,0.0,1.0
MHS027532,2022,,2.29,2.69,145,54,144,1,Terlambat,0.0,1.0
MHS028272,2023,,0.0,2.75,106,50,135,-29,Terlambat,0.0,1.0
MHS025222,2022,,2.7,3.15,145,59,144,1,Terlambat,0.008,0.992
MHS025329,2022,,2.68,3.0,145,57,144,1,Terlambat,0.0035,0.9965
MHS025347,2023,,3.45,2.41,100,41,135,-35,Tepat Waktu,1.0,0.0
MHS025416,2021,,2.58,2.68,144,57,144,0,Terlambat,0.0001,0.9999
MHS025526,2021,,2.53,2.82,144,54,144,0,Terlambat,0.0003,0.9997
MHS025541,2020,,2.06,2.05,146,55,144,2,Terlambat,0.0,1.0
MHS026029,2021,,2.47,2.66,144,55,144,0,Terlambat,0.0,1.0
MHS026394,2023,,3.52,2.0,83,31,135,-52,Tepat Waktu,1.0,0.0
MHS026653,2022,,2.37,3.05,146,58,144,2,Terlambat,0.0002,0.9998
MHS026986,2022,,2.41,3.54,147,60,144,3,Terlambat,0.0027,0.9973
MHS027018,2024,,3.67,2.0,56,22,95,-39,Tepat Waktu,1.0,0.0
MHS027121,2022,,2.37,3.22,147,60,144,3,Terlambat,0.0004,0.9996
MHS027139,2024,,2.84,2.83,43,19,95,-52,Tepat Waktu,1.0,0.0
MHS027966,2022,,1.22,3.5,144,58,144,0,Terlambat,0.0,1.0
MHS024620,2024,,3.49,2.38,59,23,95,-36,Tepat Waktu,1.0,0.0
MHS024724,2022,,3.29,3.13,143,58,144,-1,Terlambat,0.3455,0.6545
MHS024760,2024,,3.57,2.09,58,24,95,-37,Tepat Waktu,1.0,0.0
MHS024885,2021,,2.3,2.3,145,57,144,1,Terlambat,0.0,1.0
MHS024960,2022,,2.64,3.16,146,60,144,2,Terlambat,0.0052,0.9948
MHS025884,2020,,2.64,2.68,147,55,144,3,Terlambat,0.0001,0.9999
MHS025933,2022,,2.66,3.0,148,57,144,4,Terlambat,0.0027,0.9973
MHS026269,2022,,3.21,3.21,150,60,144,6,Terlambat,0.2934,0.7066
MHS026295,2022,,2.51,3.5,145,57,144,1,Terlambat,0.0042,0.9958
MHS026384,2022,,3.06,3.25,152,64,144,8,Terlambat,0.4032,0.5968
MHS026385,2024,,3.59,2.37,57,22,95,-38,Tepat Waktu,1.0,0.0
MHS026469,2021,,3.16,2.86,153,58,144,9,Terlambat,0.0577,0.9423
MHS026626,2022,,3.92,1.42,121,44,144,-23,Terlambat,0.0,1.0
MHS026686,2022,,2.48,3.48,147,55,144,3,Terlambat,0.0042,0.9958
MHS026767,2022,,3.75,2.37,139,57,144,-5,Terlambat,0.001,0.999
MHS027105,2022,,2.33,2.83,144,54,144,0,Terlambat,0.0,1.0
MHS024608,2022,,2.7,2.73,144,54,144,0,Terlambat,0.0005,0.9995
MHS025134,2020,,2.64,2.63,150,58,144,6,Terlambat,0.0001,0.9999
MHS025251,2024,,3.49,1.63,56,21,95,-39,Tepat Waktu,1.0,0.0
MHS025308,2022,,3.38,2.87,142,56,144,-2,Terlambat,0.074,0.926
MHS025330,2023,,3.59,2.94,103,43,135,-32,Tepat Waktu,1.0,0.0
MHS025506,2019,,2.56,2.76,144,57,144,0,Terlambat,0.0002,0.9998
MHS025519,2024,,3.53,2.49,59,23,95,-36,Tepat Waktu,1.0,0.0
MHS025934,2022,,2.55,3.17,145,55,144,1,Terlambat,0.0029,0.9971
MHS026361,2022,,2.42,2.97,146,55,144,2,Terlambat,0.0002,0.9998
MHS026569,2022,,2.39,2.99,144,57,144,0,Terlambat,0.0002,0.9998
MHS026664,2024,,3.62,2.17,56,21,95,-39,Tepat Waktu,1.0,0.0
MHS026847,2022,,2.33,2.67,146,56,144,2,Terlambat,0.0,1.0
MHS026972,2022,,2.33,3.49,144,54,144,0,Terlambat,0.0006,0.9994
MHS027055,2024,,3.71,2.25,58,22,95,-37,Tepat Waktu,1.0,0.0
MHS027143,2022,,2.3,3.19,146,56,144,2,Terlambat,0.0002,0.9998
MHS027298,2022,,2.27,3.21,146,59,144,2,Terlambat,0.0002,0.9998
MHS027303,2024,,3.66,1.19,55,21,95,-40,Tepat Waktu,1.0,0.0
MHS027681,2023,,3.78,2.48,102,48,135,-33,Tepat Waktu,1.0,0.0
MHS028117,2022,,0.47,3.51,145,55,144,1,Terlambat,0.0,1.0
MHS024602,2024,,3.52,2.67,61,24,95,-34,Tepat Waktu,1.0,0.0
MHS024952,2022,,2.61,3.04,144,55,144,0,Terlambat,0.0017,0.9983
MHS024987,2023,,3.49,2.13,98,42,135,-37,Tepat Waktu,1.0,0.0
MHS025051,2023,,3.41,2.52,100,42,135,-35,Tepat Waktu,1.0,0.0
MHS025205,2023,,3.64,2.31,101,34,135,-34,Tepat Waktu,1.0,0.0
MHS025503,2023,,3.58,3.11,105,44,135,-30,Tepat Waktu,1.0,0.0
MHS025640,2021,,2.66,2.97,147,55,144,3,Terlambat,0.0021,0.9979
MHS025767,2019,,2.86,2.76,150,58,144,6,Terlambat,0.0028,0.9972
MHS025835,2023,,3.68,2.55,107,37,135,-28,Tepat Waktu,1.0,0.0
MHS025837,2021,,3.12,3.36,151,58,144,7,Terlambat,0.4142,0.5858
MHS025876,2022,,2.89,2.75,150,61,144,6,Terlambat,0.0024,0.9976
MHS026449,2022,,2.4,3.15,146,55,144,2,Terlambat,0.0003,0.9997
MHS026497,2023,,3.7,2.66,107,37,135,-28,Tepat Waktu,1.0,0.0
MHS026500,2022,,2.52,3.67,147,68,144,3,Terlambat,0.0688,0.9312
MHS026938,2022,,3.63,1.87,134,50,144,-10,Terlambat,0.0,1.0
MHS026976,2022,,3.89,2.55,140,57,144,-4,Terlambat,0.0066,0.9934
MHS027003,2020,,3.27,3.04,157,58,144,13,Tepat Waktu,0.6916,0.3084
MHS027041,2022,,2.31,3.02,146,60,144,2,Terlambat,0.0001,0.9999
MHS027161,2022,,2.33,3.29,147,60,144,3,Terlambat,0.0005,0.9995
MHS027549,2022,,2.26,3.64,144,55,144,0,Terlambat,0.0003,0.9997
MHS027564,2022,,2.2,2.72,149,56,144,5,Terlambat,0.0,1.0
MHS027816,2022,,1.42,2.85,147,53,144,3,Terlambat,0.0,1.0
MHS027844,2024,,3.81,2.43,59,23,95,-36,Tepat Waktu,1.0,0.0
MHS027896,2024,,3.66,2.48,62,23,95,-33,Tepat Waktu,1.0,0.0
MHS027926,2022,,1.11,3.08,149,58,144,5,Terlambat,0.0,1.0
MHS028212,2022,,0.0,3.07,144,58,144,0,Terlambat,0.0,1.0
MHS024869,2022,,2.65,3.38,146,51,144,2,Terlambat,0.0179,0.9821
MHS024919,2022,,2.65,3.17,146,58,144,2,Terlambat,0.005,0.995
MHS025266,2021,,2.6,2.66,146,53,144,2,Terlambat,0.0001,0.9999
MHS025491,2022,,3.54,2.4,138,56,144,-6,Terlambat,0.0026,0.9974
MHS025539,2021,,2.56,2.95,146,51,144,2,Terlambat,0.0016,0.9984
MHS025667,2021,,2.86,2.8,151,59,144,7,Terlambat,0.004,0.996
MHS025830,2023,,3.64,2.77,103,43,135,-32,Tepat Waktu,1.0,0.0
MHS026044,2023,,0.94,2.19,104,45,135,-31,Terlambat,0.0,1.0
MHS026126,2022,,3.86,2.53,130,50,144,-14,Tepat Waktu,0.5846,0.4154
MHS026297,2024,,3.67,2.38,58,22,95,-37,Tepat Waktu,1.0,0.0
MHS026391,2022,,2.55,3.1,147,69,144,3,Terlambat,0.0163,0.9837
MHS026506,2022,,2.52,3.4,147,69,144,3,Terlambat,0.0679,0.9321
MHS026595,2022,,2.39,3.2,146,57,144,2,Terlambat,0.0006,0.9994
MHS026697,2022,,2.43,2.5,145,57,144,1,Terlambat,0.0,1.0
MHS026915,2022,,2.44,3.47,148,60,144,4,Terlambat,0.0034,0.9966
MHS027318,2022,,2.3,2.44,144,56,144,0,Terlambat,0.0,1.0
MHS027821,2024,,3.81,2.44,58,22,95,-37,Tepat Waktu,1.0,0.0
MHS028225,2024,,3.98,2.18,60,24,95,-35,Tepat Waktu,1.0,0.0
MHS024578,2019,,2.12,2.14,145,62,144,1,Terlambat,0.0,1.0
MHS024704,2019,,2.61,2.61,145,55,144,1,Terlambat,0.0,1.0
MHS024738,2022,,3.3,3.24,143,58,144,-1,Terlambat,0.4945,0.5055
MHS024904,2021,,2.73,2.74,145,57,144,1,Terlambat,0.0008,0.9992
MHS024974,2024,,3.58,2.01,58,24,95,-37,Tepat Waktu,1.0,0.0
MHS025203,2021,,2.61,3.0,146,51,144,2,Terlambat,0.0038,0.9962
MHS025250,2020,,2.59,2.88,144,54,144,0,Terlambat,0.0011,0.9989
MHS025407,2022,,2.72,3.25,148,60,144,4,Terlambat,0.0167,0.9833
MHS025438,2022,,2.67,3.4,145,68,144,1,Terlambat,0.1863,0.8137
MHS025606,2021,,2.5,2.6,144,59,144,0,Terlambat,0.0,1.0
MHS026015,2022,,3.69,2.73,138,47,144,-6,Terlambat,0.2824,0.7176
MHS026128,2020,,2.29,2.29,144,58,144,0,Terlambat,0.0,1.0
MHS026237,2024,,3.56,2.42,59,23,95,-36,Tepat Waktu,1.0,0.0
MHS026387,2023,,3.56,1.98,96,37,135,-39,Tepat Waktu,1.0,0.0
MHS026618,2019,,3.17,2.18,153,51,144,9,Terlambat,0.0,1.0
MHS026964,2019,,2.72,2.07,156,64,144,12,Terlambat,0.0,1.0
MHS027048,2024,,3.71,2.6,57,24,95,-38,Tepat Waktu,1.0,0.0
MHS027110,2022,,2.37,3.03,147,60,144,3,Terlambat,0.0002,0.9998
MHS027428,2022,,1.93,2.94,147,61,144,3,Terlambat,0.0,1.0
MHS027471,2022,,2.31,2.77,145,52,144,1,Terlambat,0.0,1.0
MHS024580,2022,,3.41,3.44,141,54,144,-3,Tepat Waktu,0.8096,0.1904
MHS024603,2022,,2.7,2.95,144,58,144,0,Terlambat,0.0032,0.9968
MHS024605,2022,,2.68,3.42,146,51,144,2,Terlambat,0.0395,0.9605
MHS024801,2024,,3.58,2.02,58,24,95,-37,Tepat Waktu,1.0,0.0
MHS025848,2024,,3.55,2.39,57,22,95,-38,Tepat Waktu,1.0,0.0
MHS026020,2024,,3.55,2.0,55,21,95,-40,Tepat Waktu,1.0,0.0
MHS026224,2024,,3.81,0.0,19,7,95,-76,Tepat Waktu,1.0,0.0
MHS026309,2020,,2.72,2.5,156,62,144,12,Terlambat,0.0004,0.9996
MHS026312,2024,,3.58,2.35,59,23,95,-36,Tepat Waktu,1.0,0.0
MHS026463,2022,,2.54,3.41,147,68,144,3,Terlambat,0.0392,0.9608
MHS026888,2024,,3.65,2.22,56,21,95,-39,Tepat Waktu,1.0,0.0
MHS027092,2024,,3.73,1.89,57,22,95,-38,Tepat Waktu,1.0,0.0
MHS027477,2024,,3.64,1.93,62,23,95,-33,Tepat Waktu,1.0,0.0
MHS027675,2023,,3.89,2.92,107,45,135,-28,Tepat Waktu,1.0,0.0
MHS028211,2022,,0.0,3.4,145,59,144,1,Terlambat,0.0,1.0
MHS024647,2021,,1.83,1.82,145,60,144,1,Terlambat,0.0,1.0
MHS024739,2020,,2.52,2.58,160,62,144,16,Terlambat,0.0006,0.9994
MHS024941,2021,,2.78,3.09,145,57,144,1,Terlambat,0.0144,0.9856
MHS025099,2022,,2.72,3.4,145,67,144,1,Terlambat,0.1992,0.8008
MHS025919,2022,,2.55,3.04,145,58,144,1,Terlambat,0.0009,0.9991
MHS026439,2022,,3.01,3.25,152,64,144,8,Terlambat,0.4327,0.5673
MHS026688,2024,,3.61,2.19,60,25,95,-35,Tepat Waktu,1.0,0.0
MHS026868,2022,,2.35,3.32,144,54,144,0,Terlambat,0.0007,0.9993
MHS027049,2024,,3.61,1.58,55,23,95,-40,Tepat Waktu,1.0,0.0
MHS027273,2022,,2.3,3.7,144,55,144,0,Terlambat,0.0005,0.9995
MHS027418,2023,,3.69,2.85,108,51,135,-27,Tepat Waktu,1.0,0.0
MHS027789,2022,,3.22,1.72,111,38,144,-33,Tepat Waktu,0.9999,0.0001
MHS027923,2022,,1.38,2.68,144,49,144,0,Terlambat,0.0,1.0
MHS028016,2022,,0.97,3.08,145,55,144,1,Terlambat,0.0,1.0
MHS024748,2022,,2.68,3.1,144,62,144,0,Terlambat,0.0125,0.9875
MHS024783,2021,,2.75,2.75,145,57,144,1,Terlambat,0.0007,0.9993
MHS024804,2024,,3.49,2.56,59,23,95,-36,Tepat Waktu,1.0,0.0
MHS024854,2023,,3.56,2.78,106,41,135,-29,Tepat Waktu,1.0,0.0
MHS025391,2024,,3.61,1.67,58,24,95,-37,Tepat Waktu,1.0,0.0
MHS025522,2019,,2.17,2.07,149,52,144,5,Terlambat,0.0,1.0
MHS025828,2023,,3.67,1.89,88,32,135,-47,Tepat Waktu,1.0,0.0
MHS025904,2022,,3.11,3.09,149,61,144,5,Terlambat,0.1702,0.8298
MHS026451,2024,,3.75,2.59,54,19,95,-41,Tepat Waktu,1.0,0.0
MHS026709,2022,,2.43,3.41,145,51,144,1,Terlambat,0.0022,0.9978
MHS026757,2022,,2.46,3.49,147,59,144,3,Terlambat,0.0038,0.9962
MHS026819,2022,,2.34,2.91,146,56,144,2,Terlambat,0.0,1.0
MHS026911,2022,,2.39,2.84,145,55,144,1,Terlambat,0.0,1.0
MHS026981,2022,,2.41,3.16,147,63,144,3,Terlambat,0.0012,0.9988
MHS027313,2022,,2.3,2.84,144,55,144,0,Terlambat,0.0,1.0
MHS027389,2023,,3.73,2.76,104,43,135,-31,Tepat Waktu,1.0,0.0
MHS027717,2022,,3.58,2.82,115,41,144,-29,Tepat Waktu,1.0,0.0
MHS027793,2022,,1.59,2.8,149,54,144,5,Terlambat,0.0,1.0
MHS027878,2022,,1.4,3.5,144,56,144,0,Terlambat,0.0,1.0
MHS028077,2022,,0.92,2.82,144,54,144,0,Terlambat,0.0,1.0
MHS028104,2023,,3.97,2.14,96,35,135,-39,Tepat Waktu,1.0,0.0
MHS024979,2023,,3.47,2.7,102,44,135,-33,Tepat Waktu,1.0,0.0
MHS025967,2020,,2.61,2.63,147,61,144,3,Terlambat,0.0001,0.9999
MHS026046,2021,,2.46,3.44,144,49,144,0,Terlambat,0.0078,0.9922
MHS026535,2023,,3.71,2.62,107,37,135,-28,Tepat Waktu,1.0,0.0
MHS026655,2024,,3.61,2.28,56,21,95,-39,Tepat Waktu,1.0,0.0
MHS026762,2022,,2.37,2.92,144,57,144,0,Terlambat,0.0001,0.9999
MHS026821,2024,,3.48,0.0,17,6,95,-78,Tepat Waktu,1.0,0.0
MHS026883,2022,,2.47,3.15,148,60,144,4,Terlambat,0.0009,0.9991
MHS027144,2023,,3.64,2.47,98,38,135,-37,Tepat Waktu,1.0,0.0
MHS027219,2022,,2.29,3.44,146,55,144,2,Terlambat,0.0004,0.9996
MHS027259,2024,,3.7,2.35,59,23,95,-36,Tepat Waktu,1.0,0.0
MHS027638,2022,,1.82,3.25,146,60,144,2,Terlambat,0.0,1.0
MHS028043,2022,,0.44,3.19,146,59,144,2,Terlambat,0.0,1.0
MHS028168,2022,,0.44,3.04,144,54,144,0,Terlambat,0.0,1.0
MHS028205,2022,,0.12,3.16,144,54,144,0,Terlambat,0.0,1.0
MHS024581,2023,,3.58,2.8,107,42,135,-28,Tepat Waktu,1.0,0.0
MHS024604,2023,,3.1,2.0,91,40,135,-44,Tepat Waktu,1.0,0.0
MHS024629,2021,,2.78,2.78,145,62,144,1,Terlambat,0.0021,0.9979
MHS025165,2021,,3.11,3.13,150,62,144,6,Terlambat,0.2481,0.7519
MHS025273,2022,,3.37,3.21,142,57,144,-2,Terlambat,0.4435,0.5565
MHS026085,2022,,3.44,2.89,142,57,144,-2,Terlambat,0.1462,0.8538
MHS026213,2019,,2.36,2.36,144,53,144,0,Terlambat,0.0,1.0
MHS026276,2024,,3.57,2.37,59,23,95,-36,Tepat Waktu,1.0,0.0
MHS026520,2022,,2.51,3.22,148,59,144,4,Terlambat,0.0027,0.9973
MHS026548,2022,,2.52,3.11,147,55,144,3,Terlambat,0.0014,0.9986
MHS026649,2022,,2.38,3.21,144,58,144,0,Terlambat,0.0004,0.9996
MHS026914,2022,,2.42,3.18,147,58,144,3,Terlambat,0.0005,0.9995
MHS027275,2024,,3.58,1.91,62,23,95,-33,Tepat Waktu,1.0,0.0
MHS027320,2024,,3.74,2.34,57,24,95,-38,Tepat Waktu,1.0,0.0
MHS027903,2023,,3.92,2.41,97,40,135,-38,Tepat Waktu,1.0,0.0
MHS027912,2023,,3.94,2.64,103,42,135,-32,Tepat Waktu,1.0,0.0
MHS024651,2022,,3.39,3.13,140,54,144,-4,Terlambat,0.4785,0.5215
MHS024821,2022,,2.63,2.86,144,53,144,0,Terlambat,0.0009,0.9991
MHS024837,2021,,2.69,2.69,145,55,144,1,Terlambat,0.0004,0.9996
MHS025016,2023,,3.4,2.26,100,38,135,-35,Tepat Waktu,1.0,0.0
MHS025021,2024,,3.54,0.92,38,17,95,-57,Tepat Waktu,1.0,0.0
MHS025315,2024,,3.48,2.1,57,22,95,-38,Tepat Waktu,1.0,0.0
MHS025327,2020,,1.98,1.99,147,51,144,3,Terlambat,0.0,1.0
MHS025699,2021,,2.56,2.86,146,58,144,2,Terlambat,0.0003,0.9997
MHS026339,2022,,2.42,3.21,146,54,144,2,Terlambat,0.0009,0.9991
MHS026518,2024,,3.61,2.13,56,21,95,-39,Tepat Waktu,1.0,0.0
MHS027123,2024,,3.69,2.3,61,25,95,-34,Tepat Waktu,1.0,0.0
MHS027186,2021,,2.83,3.38,156,59,144,12,Terlambat,0.397,0.603
MHS027523,2022,,2.3,3.15,145,54,144,1,Terlambat,0.0002,0.9998
MHS027578,2022,,1.69,3.4,147,59,144,3,Terlambat,0.0,1.0
MHS027587,2022,,3.75,3.19,150,61,144,6,Tepat Waktu,0.5698,0.4302
MHS027659,2024,,3.78,2.21,56,21,95,-39,Tepat Waktu,1.0,0.0
MHS027833,2022,,1.75,2.91,145,59,144,1,Terlambat,0.0,1.0
MHS024856,2021,,2.72,2.73,148,58,144,4,Terlambat,0.0007,0.9993
MHS024876,2023,,3.47,2.97,102,44,135,-33,Tepat Waktu,1.0,0.0
MHS024955,2022,,2.64,3.64,146,60,144,2,Terlambat,0.0211,0.9789
MHS025510,2023,,3.61,2.72,107,43,135,-28,Tepat Waktu,1.0,0.0
MHS025513,2021,,2.56,2.83,144,55,144,0,Terlambat,0.0003,0.9997
MHS026003,2023,,3.67,2.57,103,43,135,-32,Tepat Waktu,1.0,0.0
MHS026419,2022,,2.41,3.05,146,55,144,2,Terlambat,0.0002,0.9998
MHS026452,2023,,3.69,2.78,105,44,135,-30,Tepat Waktu,1.0,0.0
MHS026751,2023,,3.75,2.88,103,43,135,-32,Tepat Waktu,1.0,0.0
MHS026807,2022,,2.34,3.59,146,61,144,2,Terlambat,0.001,0.999
MHS027648,2022,,2.25,3.07,144,55,144,0,Terlambat,0.0,1.0
MHS028000,2024,,3.86,2.16,58,22,95,-37,Tepat Waktu,1.0,0.0
MHS028201,2022,,0.42,3.36,155,58,144,11,Terlambat,0.0,1.0
MHS025011,2022,,2.62,2.71,146,61,144,2,Terlambat,0.0002,0.9998
MHS025013,2022,,2.6,3.05,144,60,144,0,Terlambat,0.0021,0.9979
MHS025114,2019,,2.26,2.26,144,53,144,0,Terlambat,0.0,1.0
MHS025180,2024,,3.48,2.17,57,22,95,-38,Tepat Waktu,1.0,0.0
MHS025374,2021,,3.07,2.38,153,62,144,9,Terlambat,0.0003,0.9997
MHS025428,2020,,2.57,2.78,144,50,144,0,Terlambat,0.0004,0.9996
MHS025487,2020,,2.28,2.24,147,56,144,3,Terlambat,0.0,1.0
MHS025573,2022,,2.65,3.43,145,66,144,1,Terlambat,0.0935,0.9065
MHS025728,2021,,2.64,2.87,147,61,144,3,Terlambat,0.0011,0.9989
MHS025887,2022,,2.89,2.67,150,60,144,6,Terlambat,0.0014,0.9986
MHS025960,2022,,3.55,2.53,138,56,144,-6,Terlambat,0.0142,0.9858
MHS025961,2020,,2.48,2.65,144,52,144,0,Terlambat,0.0,1.0
MHS025999,2022,,3.34,2.63,141,58,144,-3,Terlambat,0.0084,0.9916
MHS026101,2022,,2.58,3.56,147,69,144,3,Terlambat,0.1587,0.8413
MHS026413,2022,,2.54,3.31,147,69,144,3,Terlambat,0.0617,0.9383
MHS026422,2022,,2.49,3.37,145,56,144,1,Terlambat,0.0037,0.9963
MHS026543,2024,,2.81,1.29,24,8,95,-71,Tepat Waktu,1.0,0.0
MHS026725,2024,,3.61,1.4,55,21,95,-40,Tepat Waktu,1.0,0.0
MHS026794,2022,,2.44,3.55,147,56,144,3,Terlambat,0.003,0.997
MHS026814,2024,,3.65,2.38,59,23,95,-36,Tepat Waktu,1.0,0.0
MHS026923,2022,,2.39,2.99,145,58,144,1,Terlambat,0.0002,0.9998
MHS027032,2022,,2.31,2.9,146,55,144,2,Terlambat,0.0,1.0
MHS027112,2023,,3.61,2.06,94,40,135,-41,Tepat Waktu,1.0,0.0
MHS027160,2022,,2.33,3.19,144,57,144,0,Terlambat,0.0002,0.9998
MHS027577,2022,,1.7,2.98,147,55,144,3,Terlambat,0.0,1.0
MHS027652,2024,,3.75,2.2,57,24,95,-38,Tepat Waktu,1.0,0.0
MHS027933,2022,,1.19,3.18,146,51,144,2,Terlambat,0.0,1.0
MHS028036,2024,,3.96,2.1,56,21,95,-39,Tepat Waktu,1.0,0.0
MHS024642,2022,,2.58,2.58,146,58,144,2,Terlambat,0.0,1.0
MHS024737,2021,,2.72,2.74,151,64,144,7,Terlambat,0.0017,0.9983
MHS025707,2019,,2.78,2.81,149,58,144,5,Terlambat,0.0022,0.9978
MHS025795,2023,,3.14,1.77,75,31,135,-60,Tepat Waktu,1.0,0.0
MHS026072,2019,,2.48,2.78,146,54,144,2,Terlambat,0.0001,0.9999
MHS026278,2022,,3.62,2.37,136,48,144,-8,Terlambat,0.0119,0.9881
MHS026427,2020,,2.4,3.04,144,54,144,0,Terlambat,0.0003,0.9997
MHS026565,2022,,2.39,2.79,146,57,144,2,Terlambat,0.0,1.0
MHS026603,2022,,2.5,2.62,147,56,144,3,Terlambat,0.0,1.0
MHS026897,2023,,3.66,2.89,104,40,135,-31,Tepat Waktu,1.0,0.0
MHS027338,2022,,2.27,2.89,146,54,144,2,Terlambat,0.0,1.0
MHS027408,2024,,3.77,1.92,58,22,95,-37,Tepat Waktu,1.0,0.0
MHS027540,2024,,3.75,2.25,59,23,95,-36,Tepat Waktu,1.0,0.0
MHS027615,2024,,3.74,2.04,56,21,95,-39,Tepat Waktu,1.0,0.0
MHS027645,2022,,3.75,2.49,124,52,144,-20,Tepat Waktu,0.9762,0.0238
MHS027851,2022,,1.39,2.91,146,51,144,2,Terlambat,0.0,1.0
MHS025138,2021,,2.67,2.68,149,56,144,5,Terlambat,0.0003,0.9997
MHS025206,2019,,2.68,2.68,148,56,144,4,Terlambat,0.0001,0.9999
MHS025288,2021,,2.99,2.99,151,57,144,7,Terlambat,0.0418,0.9582
MHS025349,2021,,3.18,3.35,153,63,144,9,Tepat Waktu,0.8051,0.1949
MHS025661,2021,,3.13,2.26,157,65,144,13,Terlambat,0.0007,0.9993
MHS025814,2023,,3.63,2.83,103,43,135,-32,Tepat Waktu,1.0,0.0
MHS025882,2022,,2.56,3.46,145,58,144,1,Terlambat,0.0068,0.9932
MHS026099,2024,,3.57,2.59,57,22,95,-38,Tepat Waktu,1.0,0.0
MHS026157,2021,,2.44,3.08,144,55,144,0,Terlambat,0.0009,0.9991
MHS026390,2022,,2.5,2.82,145,59,144,1,Terlambat,0.0001,0.9999
MHS026448,2022,,3.01,3.51,152,64,144,8,Tepat Waktu,0.5342,0.4658
MHS026585,2024,,3.6,2.28,59,23,95,-36,Tepat Waktu,1.0,0.0
MHS026615,2022,,2.38,3.01,146,55,144,2,Terlambat,0.0001,0.9999
MHS026860,2022,,2.47,3.2,148,56,144,4,Terlambat,0.0014,0.9986
MHS026881,2023,,3.65,2.52,97,37,135,-38,Tepat Waktu,1.0,0.0
MHS026924,2022,,3.0,3.23,154,65,144,10,Tepat Waktu,0.5755,0.4245
MHS026974,2022,,2.41,3.31,147,64,144,3,Terlambat,0.003,0.997
MHS027096,2022,,2.33,2.73,144,54,144,0,Terlambat,0.0,1.0
MHS027197,2022,,2.33,3.46,145,58,144,1,Terlambat,0.0008,0.9992
MHS027205,2023,,3.68,3.09,108,51,135,-27,Tepat Waktu,1.0,0.0
MHS027312,2022,,3.66,3.61,150,61,144,6,Tepat Waktu,0.8202,0.1798
MHS027378,2022,,2.29,3.22,144,58,144,0,Terlambat,0.0001,0.9999
MHS027576,2022,,3.67,3.41,150,61,144,6,Tepat Waktu,0.7621,0.2379
MHS027580,2022,,3.72,3.36,150,61,144,6,Tepat Waktu,0.8081,0.1919
MHS027845,2023,,3.71,2.85,100,39,135,-35,Tepat Waktu,1.0,0.0
MHS027846,2022,,1.44,2.87,144,56,144,0,Terlambat,0.0,1.0
MHS024663,2022,,2.67,3.42,146,59,144,2,Terlambat,0.0178,0.9822
MHS024691,2024,,3.45,2.44,57,22,95,-38,Tepat Waktu,1.0,0.0
MHS024954,2023,,1.49,3.36,40,15,135,-95,Tepat Waktu,1.0,0.0
MHS025116,2023,,3.58,2.74,107,43,135,-28,Tepat Waktu,1.0,0.0
MHS025706,2020,,3.44,1.96,164,69,144,20,Terlambat,0.0015,0.9985
MHS025737,2021,,2.5,2.85,144,57,144,0,Terlambat,0.0002,0.9998
MHS025956,2024,,3.6,2.64,61,24,95,-34,Tepat Waktu,1.0,0.0
MHS026032,2024,,3.56,2.25,57,22,95,-38,Tepat Waktu,1.0,0.0
MHS026185,2024,,3.56,2.25,60,25,95,-35,Tepat Waktu,1.0,0.0
MHS026677,2023,,3.61,2.74,108,51,135,-27,Tepat Waktu,1.0,0.0
MHS027190,2022,,3.71,2.49,137,54,144,-7,Terlambat,0.01,0.99
MHS027407,2022,,2.28,3.1,144,59,144,0,Terlambat,0.0001,0.9999
MHS027462,2024,,3.78,2.07,58,22,95,-37,Tepat Waktu,1.0,0.0
MHS027468,2022,,2.19,3.34,146,56,144,2,Terlambat,0.0001,0.9999
MHS028029,2023,,3.83,2.65,105,50,135,-30,Tepat Waktu,1.0,0.0
MHS028197,2022,,0.21,3.41,144,54,144,0,Terlambat,0.0,1.0
MHS024809,2023,,3.55,2.91,103,43,135,-32,Tepat Waktu,1.0,0.0
MHS025136,2024,,3.44,2.63,62,29,95,-33,Tepat Waktu,1.0,0.0
MHS025486,2023,,3.46,2.37,100,42,135,-35,Tepat Waktu,1.0,0.0
MHS025502,2020,,3.03,2.15,155,65,144,11,Terlambat,0.0,1.0
MHS025726,2023,,3.59,3.08,105,44,135,-30,Tepat Waktu,1.0,0.0
MHS025840,2022,,2.56,2.92,145,55,144,1,Terlambat,0.0004,0.9996
MHS025931,2024,,3.54,2.01,55,21,95,-40,Tepat Waktu,1.0,0.0
MHS026155,2021,,2.46,2.75,146,56,144,2,Terlambat,0.0,1.0
MHS026358,2022,,2.42,3.12,146,55,144,2,Terlambat,0.0005,0.9995
MHS026492,2024,,3.6,2.7,59,23,95,-36,Tepat Waktu,1.0,0.0
MHS026621,2022,,2.39,3.12,144,58,144,0,Terlambat,0.0004,0.9996
MHS026656,2020,,2.88,2.7,151,60,144,7,Terlambat,0.0031,0.9969
MHS026733,2022,,3.82,2.37,138,57,144,-6,Terlambat,0.0019,0.9981
MHS027107,2022,,3.17,3.28,150,61,144,6,Terlambat,0.4548,0.5452
MHS027530,2022,,3.86,2.14,129,52,144,-15,Terlambat,0.0047,0.9953
MHS027571,2023,,3.81,2.88,106,50,135,-29,Tepat Waktu,1.0,0.0
MHS027682,2024,,3.78,2.56,59,23,95,-36,Tepat Waktu,1.0,0.0
MHS027825,2022,,1.33,2.75,147,60,144,3,Terlambat,0.0,1.0
MHS027831,2022,,1.78,3.42,145,59,144,1,Terlambat,0.0,1.0
MHS028084,2024,,3.9,2.13,58,23,95,-37,Tepat Waktu,1.0,0.0
MHS025291,2020,,2.75,3.22,148,56,144,4,Terlambat,0.0232,0.9768
MHS025447,2022,,2.67,3.24,145,68,144,1,Terlambat,0.1105,0.8895
MHS025609,2022,,2.64,3.05,145,68,144,1,Terlambat,0.0205,0.9795
MHS025648,2021,,2.56,2.58,146,56,144,2,Terlambat,0.0,1.0
MHS025689,2024,,3.51,2.22,56,21,95,-39,Tepat Waktu,1.0,0.0
MHS025875,2020,,2.34,2.34,146,54,144,2,Terlambat,0.0,1.0
MHS026197,2022,,2.52,3.48,148,60,144,4,Terlambat,0.0081,0.9919
MHS026263,2022,,2.52,3.39,145,57,144,1,Terlambat,0.0054,0.9946
MHS026284,2022,,3.39,3.07,141,57,144,-3,Terlambat,0.4139,0.5861
MHS026456,2022,,3.44,3.21,142,68,144,-2,Tepat Waktu,0.9004,0.0996
MHS026730,2024,,3.63,2.43,59,23,95,-36,Tepat Waktu,1.0,0.0
MHS026988,2022,,2.41,3.31,147,60,144,3,Terlambat,0.0014,0.9986
MHS027063,2024,,3.8,2.45,54,19,95,-41,Tepat Waktu,1.0,0.0
MHS027200,2022,,2.31,3.19,144,62,144,0,Terlambat,0.0004,0.9996
MHS027514,2022,,2.26,3.24,144,58,144,0,Terlambat,0.0001,0.9999
MHS027725,2024,,3.81,2.32,58,22,95,-37,Tepat Waktu,1.0,0.0
MHS027726,2022,,2.22,3.28,144,58,144,0,Terlambat,0.0001,0.9999
MHS027767,2022,,3.94,1.84,137,56,144,-7,Terlambat,0.0,1.0
MHS027828,2023,,3.86,2.46,102,48,135,-33,Tepat Waktu,1.0,0.0
MHS027904,2022,,1.56,2.8,148,60,144,4,Terlambat,0.0,1.0
MHS024652,2024,,3.49,2.57,59,23,95,-36,Tepat Waktu,1.0,0.0
MHS024833,2020,,2.28,2.2,147,51,144,3,Terlambat,0.0,1.0
MHS024886,2024,,3.49,2.19,59,26,95,-36,Tepat Waktu,1.0,0.0
MHS024978,2022,,2.62,3.2,146,55,144,2,Terlambat,0.0043,0.9957
MHS025095,2022,,2.73,3.59,145,67,144,1,Terlambat,0.2822,0.7178
MHS025654,2022,,2.63,3.14,145,55,144,1,Terlambat,0.0036,0.9964
MHS025823,2024,,3.53,2.16,56,21,95,-39,Tepat Waktu,1.0,0.0
MHS025964,2022,,3.11,3.45,149,70,144,5,Tepat Waktu,0.9362,0.0638
MHS026162,2024,,3.56,2.85,60,25,95,-35,Tepat Waktu,1.0,0.0
MHS026173,2022,,3.39,3.09,141,57,144,-3,Terlambat,0.3453,0.6547
MHS026266,2022,,2.98,2.98,150,61,144,6,Terlambat,0.0315,0.9685
MHS026326,2022,,2.42,3.09,146,55,144,2,Terlambat,0.0004,0.9996
MHS026455,2023,,3.59,1.2,82,34,135,-53,Tepat Waktu,1.0,0.0
MHS026470,2022,,2.54,3.6,147,69,144,3,Terlambat,0.1159,0.8841
MHS026623,2022,,2.39,2.7,144,60,144,0,Terlambat,0.0,1.0
MHS026637,2022,,2.44,3.01,145,59,144,1,Terlambat,0.0004,0.9996
MHS026724,2022,,2.47,3.01,147,59,144,3,Terlambat,0.0005,0.9995
MHS026746,2022,,2.36,3.65,146,58,144,2,Terlambat,0.0009,0.9991
MHS026799,2022,,3.53,1.95,125,52,144,-19,Terlambat,0.0033,0.9967
MHS026867,2022,,3.4,2.12,141,57,144,-3,Terlambat,0.0,1.0
MHS026922,2022,,3.81,3.13,139,54,144,-5,Tepat Waktu,0.7404,0.2596
MHS027229,2022,,2.33,3.41,145,58,144,1,Terlambat,0.0007,0.9993
MHS027243,2022,,2.29,2.79,146,54,144,2,Terlambat,0.0,1.0
MHS027249,2022,,2.33,3.17,148,61,144,4,Terlambat,0.0003,0.9997
MHS027854,2022,,1.35,3.37,150,61,144,6,Terlambat,0.0,1.0
MHS027992,2022,,0.89,3.55,146,59,144,2,Terlambat,0.0,1.0
MHS028050,2023,,3.92,3.07,108,51,135,-27,Tepat Waktu,1.0,0.0
MHS028206,2022,,3.83,3.54,141,55,144,-3,Tepat Waktu,0.8225,0.1775
MHS024795,2021,,2.28,2.51,152,58,144,8,Terlambat,0.0,1.0
MHS025128,2021,,2.61,2.78,146,61,144,2,Terlambat,0.0006,0.9994
MHS025280,2021,,2.52,2.43,150,61,144,6,Terlambat,0.0,1.0
MHS025413,2022,,2.67,3.37,145,68,144,1,Terlambat,0.1725,0.8275
MHS026064,2021,,2.57,2.57,147,59,144,3,Terlambat,0.0,1.0
MHS026082,2022,,2.54,3.37,145,58,144,1,Terlambat,0.0065,0.9935
MHS026316,2022,,2.56,3.64,147,60,144,3,Terlambat,0.0146,0.9854
MHS026693,2022,,2.5,3.18,148,60,144,4,Terlambat,0.0022,0.9978
MHS026696,2022,,2.5,2.89,148,62,144,4,Terlambat,0.0004,0.9996
MHS026707,2022,,3.17,3.15,150,57,144,6,Terlambat,0.2339,0.7661
MHS027234,2022,,2.29,2.55,146,54,144,2,Terlambat,0.0,1.0
MHS027695,2022,,2.27,3.55,145,59,144,1,Terlambat,0.0005,0.9995
MHS027889,2022,,1.14,3.13,147,60,144,3,Terlambat,0.0,1.0
MHS027909,2022,,1.22,2.37,146,59,144,2,Terlambat,0.0,1.0
MHS028063,2024,,3.9,2.51,58,23,95,-37,Tepat Waktu,1.0,0.0
MHS028105,2022,,0.78,3.2,144,54,144,0,Terlambat,0.0,1.0
MHS024765,2022,,2.67,3.37,146,55,144,2,Terlambat,0.0209,0.9791
MHS024822,2024,,3.47,2.14,60,23,95,-35,Tepat Waktu,1.0,0.0
MHS024824,2024,,3.58,2.05,58,24,95,-37,Tepat Waktu,1.0,0.0
MHS025575,2021,,3.09,3.05,153,63,144,9,Terlambat,0.2703,0.7297
MHS025589,2023,,3.53,1.34,74,31,135,-61,Tepat Waktu,1.0,0.0
MHS025703,2021,,2.64,2.81,147,55,144,3,Terlambat,0.0005,0.9995
MHS026014,2021,,2.61,2.84,147,58,144,3,Terlambat,0.0005,0.9995
MHS026227,2022,,3.69,2.92,140,57,144,-4,Terlambat,0.3245,0.6755
MHS026332,2022,,2.56,3.45,147,69,144,3,Terlambat,0.1118,0.8882
MHS026690,2022,,2.36,3.48,146,55,144,2,Terlambat,0.0011,0.9989
MHS026802,2023,,3.61,2.85,108,51,135,-27,Tepat Waktu,1.0,0.0
MHS026903,2022,,2.39,2.73,145,59,144,1,Terlambat,0.0,1.0
MHS026952,2024,,3.69,1.78,57,23,95,-38,Tepat Waktu,1.0,0.0
MHS027309,2022,,2.27,3.04,146,56,144,2,Terlambat,0.0001,0.9999
MHS027449,2023,,3.83,3.11,103,43,135,-32,Tepat Waktu,1.0,0.0
MHS027893,2024,,3.81,2.65,57,21,95,-38,Tepat Waktu,1.0,0.0
MHS027936,2022,,1.16,3.29,146,59,144,2,Terlambat,0.0,1.0
MHS025436,2023,,3.52,2.21,95,36,135,-40,Tepat Waktu,1.0,0.0
MHS025445,2021,,3.09,2.91,153,58,144,9,Terlambat,0.0611,0.9389
MHS025850,2021,,2.53,3.07,146,58,144,2,Terlambat,0.0012,0.9988
MHS025950,2021,,2.5,2.5,146,56,144,2,Terlambat,0.0,1.0
MHS025992,2023,,3.61,2.94,104,45,135,-31,Tepat Waktu,1.0,0.0
MHS026056,2023,,3.69,3.13,107,37,135,-28,Tepat Waktu,1.0,0.0
MHS026639,2022,,2.38,3.06,146,55,144,2,Terlambat,0.0002,0.9998
MHS027104,2024,,3.54,2.1,62,23,95,-33,Tepat Waktu,1.0,0.0
MHS027124,2022,,2.37,2.95,145,58,144,1,Terlambat,0.0001,0.9999
MHS027191,2022,,2.53,2.67,149,57,144,5,Terlambat,0.0,1.0
MHS027192,2023,,3.24,1.37,91,33,135,-44,Tepat Waktu,1.0,0.0
MHS027281,2022,,2.29,2.96,147,59,144,3,Terlambat,0.0,1.0
MHS027327,2022,,2.32,3.52,145,55,144,1,Terlambat,0.0008,0.9992
MHS027489,2023,,0.22,2.45,101,41,135,-34,Terlambat,0.0,1.0
MHS027680,2022,,2.27,3.16,145,59,144,1,Terlambat,0.0001,0.9999
MHS028082,2023,,3.26,2.06,91,34,135,-44,Tepat Waktu,1.0,0.0
MHS024787,2021,,2.61,2.62,158,64,144,14,Terlambat,0.0013,0.9987
MHS025248,2020,,2.41,2.41,146,56,144,2,Terlambat,0.0,1.0
MHS025338,2022,,2.67,2.85,145,68,144,1,Terlambat,0.0088,0.9912
MHS025612,2023,,3.56,2.5,102,44,135,-33,Tepat Waktu,1.0,0.0
MHS025811,2021,,1.94,1.9,146,59,144,2,Terlambat,0.0,1.0
MHS025860,2021,,3.09,2.26,153,57,144,9,Terlambat,0.0,1.0
MHS025896,2020,,2.52,2.6,146,55,144,2,Terlambat,0.0,1.0
MHS026234,2022,,2.56,3.31,147,59,144,3,Terlambat,0.0043,0.9957
MHS026969,2023,,3.75,2.52,96,37,135,-39,Tepat Waktu,1.0,0.0
MHS027147,2023,,3.7,3.03,105,44,135,-30,Tepat Waktu,1.0,0.0
MHS027579,2022,,3.62,3.22,153,62,144,9,Tepat Waktu,0.7484,0.2516
MHS027722,2023,,3.79,2.25,95,35,135,-40,Tepat Waktu,1.0,0.0
MHS028040,2022,,1.28,3.47,148,52,144,4,Terlambat,0.0,1.0
MHS024881,2022,,2.62,3.16,144,58,144,0,Terlambat,0.0041,0.9959
MHS024942,2022,,2.61,3.16,144,58,144,0,Terlambat,0.0057,0.9943
MHS025433,2022,,2.67,3.39,145,57,144,1,Terlambat,0.0232,0.9768
MHS025582,2023,,3.64,3.13,107,37,135,-28,Tepat Waktu,1.0,0.0
MHS025660,2022,,2.71,3.13,148,56,144,4,Terlambat,0.01,0.99
MHS025765,2021,,2.5,2.96,144,55,144,0,Terlambat,0.0005,0.9995
MHS026149,2024,,3.56,2.36,59,23,95,-36,Tepat Waktu,1.0,0.0
MHS026201,2022,,3.7,2.4,132,53,144,-12,Terlambat,0.0511,0.9489
MHS026264,2023,,3.5,2.24,100,43,135,-35,Tepat Waktu,1.0,0.0
MHS026318,2024,,3.58,1.71,55,21,95,-40,Tepat Waktu,1.0,0.0
MHS026428,2019,,2.4,2.67,144,55,144,0,Terlambat,0.0,1.0
MHS026706,2022,,2.36,3.32,146,55,144,2,Terlambat,0.0007,0.9993
MHS026734,2022,,3.5,2.95,125,52,144,-19,Tepat Waktu,0.9994,0.0006
MHS027098,2022,,2.38,3.4,147,60,144,3,Terlambat,0.0009,0.9991
MHS027120,2024,,3.68,1.98,56,21,95,-39,Tepat Waktu,1.0,0.0
MHS027163,2022,,2.3,3.36,146,56,144,2,Terlambat,0.0002,0.9998
MHS027253,2024,,3.74,2.32,57,24,95,-38,Tepat Waktu,1.0,0.0
MHS027384,2022,,2.28,3.09,144,58,144,0,Terlambat,0.0001,0.9999
MHS027624,2022,,1.67,2.91,147,57,144,3,Terlambat,0.0,1.0
MHS027689,2024,,3.8,1.96,55,23,95,-40,Tepat Waktu,1.0,0.0
MHS027879,2022,,1.38,3.1,149,61,144,5,Terlambat,0.0,1.0
MHS028031,2022,,0.92,3.32,145,57,144,1,Terlambat,0.0,1.0
MHS024696,2022,,2.67,2.67,144,58,144,0,Terlambat,0.0001,0.9999
MHS024830,2021,,2.25,2.11,145,57,144,1,Terlambat,0.0,1.0
MHS025211,2022,,2.7,3.08,145,63,144,1,Terlambat,0.0148,0.9852
MHS025373,2020,,2.31,2.31,144,60,144,0,Terlambat,0.0,1.0
MHS025424,2021,,2.57,2.94,146,58,144,2,Terlambat,0.0007,0.9993
MHS025629,2021,,2.25,2.23,146,61,144,2,Terlambat,0.0,1.0
MHS025643,2021,,2.66,2.95,147,58,144,3,Terlambat,0.0019,0.9981
MHS025700,2024,,3.54,2.13,59,23,95,-36,Tepat Waktu,1.0,0.0
MHS027022,2023,,3.79,2.88,110,48,135,-25,Tepat Waktu,1.0,0.0
MHS027250,2022,,2.31,2.72,147,58,144,3,Terlambat,0.0,1.0
MHS027361,2022,,2.03,3.04,147,58,144,3,Terlambat,0.0,1.0
MHS027429,2022,,2.26,3.16,146,59,144,2,Terlambat,0.0001,0.9999
MHS027597,2022,,2.26,3.39,144,58,144,0,Terlambat,0.0003,0.9997
MHS027639,2023,,3.9,1.88,94,35,135,-41,Tepat Waktu,1.0,0.0
MHS027823,2022,,3.7,1.87,131,51,144,-13,Terlambat,0.0,1.0
MHS027868,2022,,1.41,3.6,144,55,144,0,Terlambat,0.0,1.0
MHS027902,2023,,3.92,2.33,102,41,135,-33,Tepat Waktu,1.0,0.0
MHS024772,2023,,3.47,2.61,98,44,135,-37,Tepat Waktu,1.0,0.0
MHS025364,2022,,2.74,3.35,148,60,144,4,Terlambat,0.0294,0.9706
MHS025414,2023,,3.41,2.96,109,43,135,-26,Tepat Waktu,1.0,0.0
MHS025558,2020,,2.08,2.08,147,60,144,3,Terlambat,0.0,1.0
MHS025614,2021,,2.66,2.93,147,58,144,3,Terlambat,0.0016,0.9984
MHS025618,2024,,3.47,2.71,62,29,95,-33,Tepat Waktu,1.0,0.0
MHS025742,2020,,3.11,2.21,160,65,144,16,Terlambat,0.0012,0.9988
MHS025753,2022,,2.61,3.52,145,55,144,1,Terlambat,0.0121,0.9879
MHS025928,2021,,2.18,2.2,144,55,144,0,Terlambat,0.0,1.0
MHS026024,2022,,3.64,3.43,150,56,144,6,Tepat Waktu,0.6965,0.3035
MHS026163,2022,,2.77,3.04,149,56,144,5,Terlambat,0.01,0.99
MHS026298,2022,,2.51,2.84,148,61,144,4,Terlambat,0.0002,0.9998
MHS026436,2024,,3.6,2.19,57,22,95,-38,Tepat Waktu,1.0,0.0
MHS026723,2021,,2.72,2.38,156,61,144,12,Terlambat,0.0001,0.9999
MHS026747,2022,,2.5,3.22,148,62,144,4,Terlambat,0.0036,0.9964
MHS027019,2023,,3.69,2.62,104,45,135,-31,Tepat Waktu,1.0,0.0
MHS027396,2022,,2.26,3.22,146,59,144,2,Terlambat,0.0001,0.9999
MHS027423,2022,,3.67,3.39,150,62,144,6,Tepat Waktu,0.7818,0.2182
MHS027454,2022,,2.26,3.28,149,56,144,5,Terlambat,0.0001,0.9999
MHS027719,2020,,2.78,2.84,156,64,144,12,Terlambat,0.0401,0.9599
MHS027834,2023,,3.8,3.18,112,52,135,-23,Tepat Waktu,1.0,0.0
MHS028159,2024,,3.94,2.1,59,25,95,-36,Tepat Waktu,1.0,0.0
MHS028227,2023,,3.89,2.36,100,37,135,-35,Tepat Waktu,1.0,0.0
MHS028273,2024,,3.73,0.44,18,7,95,-77,Tepat Waktu,1.0,0.0
MHS024587,2024,,3.44,1.84,56,23,95,-39,Tepat Waktu,1.0,0.0
MHS024937,2020,,2.76,2.76,145,61,144,1,Terlambat,0.002,0.998
MHS025454,2020,,2.5,2.49,147,58,144,3,Terlambat,0.0,1.0
MHS025625,2020,,2.67,2.66,149,59,144,5,Terlambat,0.0003,0.9997
MHS025832,2021,,2.64,3.15,147,58,144,3,Terlambat,0.0089,0.9911
MHS025916,2024,,3.55,2.32,57,22,95,-38,Tepat Waktu,1.0,0.0
MHS026218,2022,,2.56,2.99,147,60,144,3,Terlambat,0.0008,0.9992
MHS026433,2024,,3.58,1.27,55,21,95,-40,Tepat Waktu,1.0,0.0
MHS026515,2022,,2.48,3.24,145,59,144,1,Terlambat,0.0022,0.9978
MHS026683,2024,,3.61,2.57,59,23,95,-36,Tepat Waktu,1.0,0.0
MHS026715,2024,,3.69,2.34,58,22,95,-37,Tepat Waktu,1.0,0.0
MHS027075,2022,,2.3,2.91,146,60,144,2,Terlambat,0.0,1.0
MHS027748,2022,,1.86,3.39,148,61,144,4,Terlambat,0.0,1.0
MHS027756,2021,,3.56,3.16,159,66,144,15,Tepat Waktu,0.99,0.01
MHS027988,2022,,1.08,2.94,145,50,144,1,Terlambat,0.0,1.0
MHS028246,2024,,4.0,2.48,59,24,95,-36,Tepat Waktu,1.0,0.0
MHS024754,2021,,2.63,2.63,150,54,144,6,Terlambat,0.0001,0.9999
MHS024766,2022,,2.67,3.59,144,58,144,0,Terlambat,0.0259,0.9741
MHS024957,2024,,3.5,2.7,59,23,95,-36,Tepat Waktu,1.0,0.0
MHS024986,2023,,3.57,1.8,93,31,135,-42,Tepat Waktu,1.0,0.0
MHS025053,2020,,2.39,2.43,149,56,144,5,Terlambat,0.0,1.0
MHS025507,2022,,2.72,3.19,148,61,144,4,Terlambat,0.0217,0.9783
MHS025551,2021,,3.11,3.08,150,58,144,6,Terlambat,0.1844,0.8156
MHS025669,2023,,3.5,3.28,108,51,135,-27,Tepat Waktu,1.0,0.0
MHS026045,2021,,2.46,2.88,144,50,144,0,Terlambat,0.0004,0.9996
MHS026134,2021,,2.46,2.53,146,61,144,2,Terlambat,0.0,1.0
MHS026159,2024,,3.5,2.71,62,29,95,-33,Tepat Waktu,1.0,0.0
MHS026200,2021,,2.44,2.72,144,60,144,0,Terlambat,0.0,1.0
MHS026378,2023,,3.53,2.24,100,38,135,-35,Tepat Waktu,1.0,0.0
MHS026468,2022,,3.08,3.24,154,57,144,10,Terlambat,0.3028,0.6972
MHS026513,2024,,3.6,2.23,57,22,95,-38,Tepat Waktu,1.0,0.0
MHS026568,2022,,3.19,3.33,150,57,144,6,Terlambat,0.3386,0.6614
MHS026771,2023,,3.76,2.69,107,37,135,-28,Tepat Waktu,1.0,0.0
MHS026834,2022,,2.33,3.0,146,56,144,2,Terlambat,0.0001,0.9999
MHS027179,2022,,2.31,3.32,144,57,144,0,Terlambat,0.0003,0.9997
MHS027898,2022,,1.33,3.19,149,61,144,5,Terlambat,0.0,1.0
MHS027996,2022,,1.06,3.4,145,59,144,1,Terlambat,0.0,1.0
MHS024600,2022,,3.37,2.43,130,47,144,-14,Terlambat,0.346,0.654
MHS024909,2022,,2.61,2.92,144,58,144,0,Terlambat,0.0011,0.9989
MHS024934,2021,,3.01,3.05,150,56,144,6,Terlambat,0.0902,0.9098
MHS025711,2021,,2.5,2.51,144,60,144,0,Terlambat,0.0,1.0
MHS025734,2024,,3.5,1.82,60,23,95,-35,Tepat Waktu,1.0,0.0
MHS026299,2022,,2.51,3.0,145,57,144,1,Terlambat,0.0004,0.9996
MHS026632,2024,,3.69,2.02,58,22,95,-37,Tepat Waktu,1.0,0.0
MHS026636,2023,,3.64,3.18,104,40,135,-31,Tepat Waktu,1.0,0.0
MHS026829,2021,,0.89,1.31,156,61,144,12,Terlambat,0.0,1.0
MHS026844,2022,,2.33,2.68,146,57,144,2,Terlambat,0.0,1.0
MHS026887,2022,,3.75,2.61,143,54,144,-1,Terlambat,0.0132,0.9868
MHS027504,2019,,3.54,1.95,159,65,144,15,Terlambat,0.0,1.0
MHS027603,2022,,2.19,3.06,149,61,144,5,Terlambat,0.0,1.0
MHS027818,2022,,1.56,2.66,144,53,144,0,Terlambat,0.0,1.0
MHS027953,2022,,1.34,2.8,144,58,144,0,Terlambat,0.0,1.0
MHS028060,2022,,0.24,3.17,149,52,144,5,Terlambat,0.0,1.0
MHS028065,2024,,3.91,2.15,57,24,95,-38,Tepat Waktu,1.0,0.0
MHS028067,2022,,1.28,3.19,148,52,144,4,Terlambat,0.0,1.0
MHS028169,2024,,3.81,2.32,62,24,95,-33,Tepat Waktu,1.0,0.0
MHS024842,2020,,2.64,2.24,156,58,144,12,Terlambat,0.0,1.0
MHS025501,2021,,2.81,2.75,151,57,144,7,Terlambat,0.0023,0.9977
MHS025905,2022,,3.6,3.26,139,54,144,-5,Tepat Waktu,0.7818,0.2182
MHS026412,2022,,2.41,3.53,146,55,144,2,Terlambat,0.0022,0.9978
MHS026525,2022,,2.48,3.23,145,59,144,1,Terlambat,0.0014,0.9986
MHS026726,2022,,2.46,3.13,147,59,144,3,Terlambat,0.0006,0.9994
MHS026992,2022,,2.4,3.25,147,60,144,3,Terlambat,0.001,0.999
MHS027174,2023,,3.71,3.24,105,44,135,-30,Tepat Waktu,1.0,0.0
MHS027439,2023,,3.64,2.52,94,36,135,-41,Tepat Waktu,1.0,0.0
MHS024593,2020,,2.95,2.51,155,60,144,11,Terlambat,0.001,0.999
MHS024653,2024,,3.44,2.15,56,21,95,-39,Tepat Waktu,1.0,0.0
MHS025228,2021,,2.61,2.64,146,58,144,2,Terlambat,0.0001,0.9999
MHS025370,2023,,3.53,2.44,97,42,135,-38,Tepat Waktu,1.0,0.0
MHS025434,2022,,2.72,3.07,148,60,144,4,Terlambat,0.0062,0.9938
MHS025466,2022,,2.72,3.41,148,60,144,4,Terlambat,0.0449,0.9551
MHS025525,2021,,2.67,3.22,147,58,144,3,Terlambat,0.0112,0.9888
MHS025672,2022,,2.61,2.98,145,55,144,1,Terlambat,0.0016,0.9984
MHS025879,2024,,3.51,2.25,60,23,95,-35,Tepat Waktu,1.0,0.0
MHS025898,2021,,2.51,2.99,146,55,144,2,Terlambat,0.0009,0.9991
MHS026124,2022,,2.64,3.11,148,57,144,4,Terlambat,0.0031,0.9969
MHS026168,2022,,2.61,3.27,148,57,144,4,Terlambat,0.0054,0.9946
MHS026245,2021,,2.44,3.37,144,50,144,0,Terlambat,0.0041,0.9959
MHS026424,2021,,2.41,2.85,144,55,144,0,Terlambat,0.0001,0.9999
MHS026459,2022,,2.49,3.09,145,59,144,1,Terlambat,0.0007,0.9993
MHS026487,2021,,2.83,2.87,156,63,144,12,Terlambat,0.0566,0.9434
MHS026776,2024,,3.64,1.89,56,21,95,-39,Tepat Waktu,1.0,0.0
MHS027343,2022,,2.29,2.76,144,58,144,0,Terlambat,0.0,1.0
MHS027390,2022,,2.28,3.27,144,59,144,0,Terlambat,0.0002,0.9998
MHS027457,2022,,3.92,2.5,140,53,144,-4,Terlambat,0.006,0.994
MHS027496,2023,,3.78,2.56,99,38,135,-36,Tepat Waktu,1.0,0.0
MHS024628,2022,,2.68,3.24,146,58,144,2,Terlambat,0.0093,0.9907
MHS024630,2021,,2.86,2.94,145,57,144,1,Terlambat,0.0093,0.9907
MHS024793,2022,,2.64,3.34,144,54,144,0,Terlambat,0.0175,0.9825
MHS024897,2021,,2.58,2.58,145,58,144,1,Terlambat,0.0,1.0
MHS024943,2021,,2.75,2.72,149,59,144,5,Terlambat,0.0009,0.9991
MHS025124,2023,,3.59,2.86,107,43,135,-28,Tepat Waktu,1.0,0.0
MHS025162,2024,,3.48,1.98,56,21,95,-39,Tepat Waktu,1.0,0.0
MHS025192,2020,,2.53,2.53,144,61,144,0,Terlambat,0.0,1.0
MHS025224,2022,,3.53,2.01,127,50,144,-17,Terlambat,0.0028,0.9972
MHS025283,2023,,3.6,2.88,106,44,135,-29,Tepat Waktu,1.0,0.0
MHS025917,2022,,3.03,2.05,111,43,144,-33,Tepat Waktu,1.0,0.0
MHS025954,2020,,2.48,2.79,144,55,144,0,Terlambat,0.0001,0.9999
MHS025983,2021,,2.47,2.94,144,57,144,0,Terlambat,0.0003,0.9997
MHS026086,2022,,2.64,2.94,148,56,144,4,Terlambat,0.0009,0.9991
MHS026176,2021,,2.44,2.46,144,55,144,0,Terlambat,0.0,1.0
MHS026483,2024,,3.6,1.87,60,25,95,-35,Tepat Waktu,1.0,0.0
MHS026553,2022,,2.39,2.78,146,55,144,2,Terlambat,0.0,1.0
MHS026959,2022,,2.39,2.85,145,60,144,1,Terlambat,0.0001,0.9999
MHS027043,2023,,3.75,2.98,103,43,135,-32,Tepat Waktu,1.0,0.0
MHS027216,2023,,3.84,2.46,101,41,135,-34,Tepat Waktu,1.0,0.0
MHS027369,2022,,2.29,3.05,144,59,144,0,Terlambat,0.0001,0.9999
MHS027386,2022,,2.28,2.33,144,57,144,0,Terlambat,0.0,1.0
MHS027395,2023,,3.69,2.78,108,51,135,-27,Tepat Waktu,1.0,0.0
MHS027443,2022,,2.31,2.85,145,55,144,1,Terlambat,0.0,1.0
MHS027718,2022,,3.28,2.91,157,63,144,13,Tepat Waktu,0.5288,0.4712
MHS027775,2024,,3.65,2.58,62,23,95,-33,Tepat Waktu,1.0,0.0
MHS027932,2022,,1.38,2.78,144,59,144,0,Terlambat,0.0,1.0
MHS027956,2022,,1.31,3.0,144,59,144,0,Terlambat,0.0,1.0
MHS027979,2022,,0.89,3.32,146,51,144,2,Terlambat,0.0,1.0
MHS025133,2023,,3.61,2.74,101,39,135,-34,Tepat Waktu,1.0,0.0
MHS025164,2020,,2.46,2.45,146,60,144,2,Terlambat,0.0,1.0
MHS025181,2021,,2.5,2.5,144,58,144,0,Terlambat,0.0,1.0
MHS025619,2020,,2.56,2.56,146,58,144,2,Terlambat,0.0,1.0
MHS025834,2022,,2.63,2.62,149,56,144,5,Terlambat,0.0001,0.9999
MHS026037,2022,,2.66,3.39,148,57,144,4,Terlambat,0.0134,0.9866
MHS026120,2022,,2.78,3.16,149,70,144,5,Terlambat,0.3319,0.6681
MHS026367,2023,,3.58,2.12,95,42,135,-40,Tepat Waktu,1.0,0.0
MHS026472,2022,,2.4,2.8,144,57,144,0,Terlambat,0.0,1.0
MHS026741,2022,,2.4,3.32,145,59,144,1,Terlambat,0.0008,0.9992
MHS026804,2022,,2.34,2.83,146,61,144,2,Terlambat,0.0,1.0
MHS027071,2022,,2.33,3.33,144,58,144,0,Terlambat,0.0004,0.9996
MHS027241,2022,,3.66,3.52,150,61,144,6,Tepat Waktu,0.8617,0.1383
MHS027542,2019,,3.18,1.27,183,67,144,39,Terlambat,0.0117,0.9883
MHS027598,2022,,2.11,3.22,146,60,144,2,Terlambat,0.0,1.0
MHS027600,2022,,2.29,2.93,145,60,144,1,Terlambat,0.0,1.0
MHS025066,2022,,2.77,3.23,145,67,144,1,Terlambat,0.1645,0.8355
MHS025209,2020,,2.59,2.75,144,57,144,0,Terlambat,0.0002,0.9998
MHS025787,2024,,3.54,2.08,57,22,95,-38,Tepat Waktu,1.0,0.0
MHS026042,2021,,2.5,3.14,146,55,144,2,Terlambat,0.0013,0.9987
MHS026575,2022,,2.39,2.65,144,55,144,0,Terlambat,0.0,1.0
MHS026963,2023,,3.58,2.36,95,39,135,-40,Tepat Waktu,1.0,0.0
MHS027193,2022,,2.31,3.03,144,59,144,0,Terlambat,0.0001,0.9999
MHS027235,2024,,3.74,1.04,57,23,95,-38,Tepat Waktu,1.0,0.0
MHS027417,2022,,2.28,2.94,144,57,144,0,Terlambat,0.0,1.0
MHS027501,2022,,2.97,3.51,152,62,144,8,Terlambat,0.4658,0.5342
MHS027668,2022,,3.43,2.49,131,44,144,-13,Tepat Waktu,0.6732,0.3268
MHS027892,2022,,1.56,3.19,145,51,144,1,Terlambat,0.0,1.0
MHS024746,2022,,2.68,3.55,144,55,144,0,Terlambat,0.0395,0.9605
MHS024784,2023,,3.55,2.8,103,43,135,-32,Tepat Waktu,1.0,0.0
MHS025017,2022,,2.78,3.32,145,67,144,1,Terlambat,0.2395,0.7605
MHS025100,2021,,2.6,2.78,144,60,144,0,Terlambat,0.0005,0.9995
MHS025239,2021,,2.61,2.9,146,59,144,2,Terlambat,0.0013,0.9987
MHS025719,2021,,2.64,3.18,147,62,144,3,Terlambat,0.017,0.983
MHS025794,2024,,3.62,2.06,58,22,95,-37,Tepat Waktu,1.0,0.0
MHS025862,2022,,3.63,3.43,150,62,144,6,Tepat Waktu,0.7968,0.2032
MHS026035,2024,,3.56,2.56,57,22,95,-38,Tepat Waktu,1.0,0.0
MHS026648,2024,,3.6,2.38,60,25,95,-35,Tepat Waktu,1.0,0.0
MHS026729,2022,,2.61,3.09,149,59,144,5,Terlambat,0.0038,0.9962
MHS026830,2022,,2.33,3.13,146,56,144,2,Terlambat,0.0001,0.9999
MHS026831,2022,,3.63,3.49,143,58,144,-1,Tepat Waktu,0.7547,0.2453
MHS026900,2022,,2.34,3.48,144,55,144,0,Terlambat,0.0007,0.9993
MHS026953,2024,,3.65,2.72,60,25,95,-35,Tepat Waktu,1.0,0.0
MHS027212,2023,,3.8,1.93,93,34,135,-42,Tepat Waktu,1.0,0.0
MHS027402,2022,,2.31,3.13,145,55,144,1,Terlambat,0.0001,0.9999
MHS027455,2022,,2.28,3.0,144,55,144,0,Terlambat,0.0,1.0
MHS027508,2022,,2.28,3.03,148,60,144,4,Terlambat,0.0,1.0
MHS027666,2023,,3.81,2.17,97,39,135,-38,Tepat Waktu,1.0,0.0
MHS027771,2022,,3.63,2.71,155,64,144,11,Terlambat,0.1404,0.8596
MHS028068,2022,,0.76,3.24,145,59,144,1,Terlambat,0.0,1.0
MHS028070,2022,,0.33,3.11,146,60,144,2,Terlambat,0.0,1.0
MHS024635,2020,,2.78,2.84,148,58,144,4,Terlambat,0.0023,0.9977
MHS024836,2021,,2.78,2.78,145,58,144,1,Terlambat,0.0013,0.9987
MHS025057,2024,,3.6,2.38,58,24,95,-37,Tepat Waktu,1.0,0.0
MHS025236,2022,,2.69,3.58,145,58,144,1,Terlambat,0.042,0.958
MHS025357,2022,,3.02,1.66,121,52,144,-23,Terlambat,0.0001,0.9999
MHS025688,2021,,2.59,2.59,147,55,144,3,Terlambat,0.0,1.0
MHS025758,2020,,1.13,1.2,151,61,144,7,Terlambat,0.0,1.0
MHS025806,2024,,3.55,2.19,57,22,95,-38,Tepat Waktu,1.0,0.0
MHS025922,2022,,2.55,3.15,145,58,144,1,Terlambat,0.0027,0.9973
MHS026027,2024,,3.55,1.08,56,25,95,-39,Tepat Waktu,1.0,0.0
MHS026078,2023,,3.68,2.5,101,42,135,-34,Tepat Waktu,1.0,0.0
MHS026139,2020,,2.71,2.71,156,61,144,12,Terlambat,0.0023,0.9977
MHS026290,2022,,3.2,3.33,150,60,144,6,Terlambat,0.4012,0.5988
MHS026330,2022,,3.52,3.52,143,55,144,-1,Tepat Waktu,0.8072,0.1928
MHS026663,2022,,2.37,3.35,146,58,144,2,Terlambat,0.0006,0.9994
MHS026835,2022,,2.36,2.91,144,55,144,0,Terlambat,0.0,1.0
MHS026925,2023,,3.78,2.72,107,37,135,-28,Tepat Waktu,1.0,0.0
MHS027000,2022,,2.37,2.78,145,57,144,1,Terlambat,0.0,1.0
MHS027132,2022,,2.3,2.86,146,56,144,2,Terlambat,0.0,1.0
MHS027150,2023,,3.7,2.9,106,50,135,-29,Tepat Waktu,1.0,0.0
MHS027271,2022,,3.17,3.36,150,62,144,6,Terlambat,0.4691,0.5309
MHS027322,2022,,2.29,3.12,147,61,144,3,Terlambat,0.0002,0.9998
MHS027589,2022,,2.26,3.28,144,58,144,0,Terlambat,0.0002,0.9998
MHS027647,2022,,2.25,3.29,144,58,144,0,Terlambat,0.0002,0.9998
MHS027731,2022,,2.95,3.23,154,65,144,10,Terlambat,0.3916,0.6084
MHS027743,2022,,1.84,3.61,145,58,144,1,Terlambat,0.0,1.0
MHS027841,2022,,1.35,2.88,150,60,144,6,Terlambat,0.0,1.0
MHS027847,2022,,1.44,2.66,144,59,144,0,Terlambat,0.0,1.0
MHS024639,2022,,2.68,2.87,146,55,144,2,Terlambat,0.0012,0.9988
MHS024721,2021,,3.44,3.4,155,64,144,11,Tepat Waktu,0.946,0.054
MHS024969,2024,,3.47,2.34,57,22,95,-38,Tepat Waktu,1.0,0.0
MHS025508,2022,,2.67,3.62,145,65,144,1,Terlambat,0.0761,0.9239
MHS025852,2020,,2.26,2.26,146,60,144,2,Terlambat,0.0,1.0
MHS025921,2024,,3.52,2.43,60,23,95,-35,Tepat Waktu,1.0,0.0
MHS026038,2024,,3.56,2.44,57,22,95,-38,Tepat Waktu,1.0,0.0
MHS026471,2022,,2.49,3.11,145,59,144,1,Terlambat,0.0012,0.9988
MHS026542,2022,,2.44,3.15,145,59,144,1,Terlambat,0.0009,0.9991
MHS026625,2022,,3.01,3.04,150,58,144,6,Terlambat,0.0625,0.9375
MHS027012,2023,,3.65,2.45,97,37,135,-38,Tepat Waktu,1.0,0.0
MHS027528,2023,,3.67,2.74,98,38,135,-37,Tepat Waktu,1.0,0.0
MHS027669,2022,,3.74,3.0,142,54,144,-2,Terlambat,0.2851,0.7149
MHS027888,2024,,3.81,1.89,58,22,95,-37,Tepat Waktu,1.0,0.0
MHS027927,2022,,1.14,3.27,147,52,144,3,Terlambat,0.0,1.0
MHS027950,2024,,3.84,2.01,58,22,95,-37,Tepat Waktu,1.0,0.0
MHS024669,2021,,2.34,2.34,148,56,144,4,Terlambat,0.0,1.0
MHS025023,2020,,3.02,1.93,160,67,144,16,Terlambat,0.0,1.0
MHS025155,2020,,2.06,2.03,146,58,144,2,Terlambat,0.0,1.0
MHS025440,2024,,3.53,2.23,57,22,95,-38,Tepat Waktu,1.0,0.0
MHS025768,2022,,3.17,1.6,113,39,144,-31,Tepat Waktu,0.9615,0.0385
MHS025941,2021,,2.62,3.1,147,58,144,3,Terlambat,0.0055,0.9945
MHS026313,2024,,3.59,2.5,57,22,95,-38,Tepat Waktu,1.0,0.0
MHS026968,2022,,2.32,3.47,146,56,144,2,Terlambat,0.0007,0.9993
MHS027138,2022,,3.75,2.67,129,54,144,-15,Tepat Waktu,0.8508,0.1492
MHS027277,2022,,2.34,3.49,149,57,144,5,Terlambat,0.0009,0.9991
MHS027420,2022,,3.55,3.19,142,55,144,-2,Tepat Waktu,0.5223,0.4777
MHS027769,2022,,1.84,2.79,148,60,144,4,Terlambat,0.0,1.0
MHS027814,2024,,3.83,1.91,56,21,95,-39,Tepat Waktu,1.0,0.0
MHS027985,2024,,3.94,2.1,56,21,95,-39,Tepat Waktu,1.0,0.0
MHS028020,2022,,0.93,3.32,145,59,144,1,Terlambat,0.0,1.0
MHS028110,2022,,3.53,2.72,125,47,144,-19,Tepat Waktu,0.9989,0.0011
MHS024710,2022,,2.68,3.27,144,54,144,0,Terlambat,0.0191,0.9809
MHS024716,2024,,3.45,2.22,57,22,95,-38,Tepat Waktu,1.0,0.0
MHS024807,2022,,3.52,2.38,116,43,144,-28,Tepat Waktu,1.0,0.0
MHS024857,2022,,2.66,3.5,146,59,144,2,Terlambat,0.0195,0.9805
MHS025500,2021,,2.43,2.43,144,57,144,0,Terlambat,0.0,1.0
MHS025716,2021,,2.56,3.02,146,55,144,2,Terlambat,0.0012,0.9988
MHS025838,2022,,3.57,2.24,133,51,144,-11,Terlambat,0.0036,0.9964
MHS026365,2022,,2.41,2.78,146,55,144,2,Terlambat,0.0,1.0
MHS026372,2024,,3.58,2.34,59,23,95,-36,Tepat Waktu,1.0,0.0
MHS026440,2022,,2.54,3.22,147,69,144,3,Terlambat,0.0423,0.9577
MHS026642,2022,,2.38,2.97,144,58,144,0,Terlambat,0.0001,0.9999
MHS026671,2022,,3.65,2.35,137,55,144,-7,Terlambat,0.0014,0.9986
MHS027058,2024,,3.67,2.22,61,25,95,-34,Tepat Waktu,1.0,0.0
MHS027702,2022,,1.69,3.45,146,59,144,2,Terlambat,0.0,1.0
MHS027858,2022,,1.69,3.3,148,61,144,4,Terlambat,0.0,1.0
MHS024735,2022,,2.68,3.23,144,55,144,0,Terlambat,0.01,0.99
MHS025027,2020,,2.78,3.01,148,61,144,4,Terlambat,0.0123,0.9877
MHS025282,2022,,3.57,2.54,139,53,144,-5,Terlambat,0.0094,0.9906
MHS025303,2021,,2.59,2.96,146,69,144,2,Terlambat,0.0208,0.9792
MHS025469,2020,,2.57,2.76,144,67,144,0,Terlambat,0.0017,0.9983
MHS025603,2022,,2.71,2.78,148,60,144,4,Terlambat,0.0008,0.9992
MHS027446,2022,,3.74,2.42,135,56,144,-9,Terlambat,0.0085,0.9915
MHS027482,2022,,2.31,3.14,145,56,144,1,Terlambat,0.0002,0.9998
MHS027591,2022,,2.26,3.17,144,55,144,0,Terlambat,0.0001,0.9999
MHS027620,2024,,3.76,2.2,60,23,95,-35,Tepat Waktu,1.0,0.0
MHS027805,2022,,1.54,3.55,147,55,144,3,Terlambat,0.0,1.0
MHS028186,2022,,0.37,3.5,148,60,144,4,Terlambat,0.0,1.0
MHS024950,2021,,2.44,2.44,149,60,144,5,Terlambat,0.0,1.0
MHS025118,2022,,2.72,3.34,145,67,144,1,Terlambat,0.1696,0.8304
MHS025215,2024,,3.61,2.11,58,24,95,-37,Tepat Waktu,1.0,0.0
MHS025536,2021,,2.31,2.31,147,57,144,3,Terlambat,0.0,1.0
MHS025604,2022,,3.55,2.01,124,48,144,-20,Terlambat,0.0502,0.9498
MHS025631,2022,,2.64,2.69,145,55,144,1,Terlambat,0.0002,0.9998
MHS025663,2021,,2.66,2.96,147,55,144,3,Terlambat,0.0019,0.9981
MHS025697,2022,,2.61,3.38,145,55,144,1,Terlambat,0.0086,0.9914
MHS025975,2023,,3.51,3.16,109,43,135,-26,Tepat Waktu,1.0,0.0
MHS026012,2024,,3.64,2.01,58,22,95,-37,Tepat Waktu,1.0,0.0
MHS026182,2022,,2.61,3.08,148,57,144,4,Terlambat,0.0019,0.9981
MHS026522,2022,,2.48,3.45,145,59,144,1,Terlambat,0.0047,0.9953
MHS026633,2022,,2.38,3.13,146,55,144,2,Terlambat,0.0003,0.9997
MHS027224,2022,,2.31,3.16,144,60,144,0,Terlambat,0.0002,0.9998
MHS027463,2022,,2.29,3.24,148,60,144,4,Terlambat,0.0002,0.9998
MHS027493,2022,,3.67,3.23,150,61,144,6,Tepat Waktu,0.71,0.29
MHS027560,2022,,2.26,3.39,148,57,144,4,Terlambat,0.0002,0.9998
MHS027574,2022,,1.98,3.13,148,61,144,4,Terlambat,0.0,1.0
MHS027618,2023,,3.8,2.79,105,44,135,-30,Tepat Waktu,1.0,0.0
MHS027662,2022,,3.79,3.16,151,57,144,7,Tepat Waktu,0.5734,0.4266
MHS027716,2022,,2.27,3.3,145,59,144,1,Terlambat,0.0002,0.9998
MHS027760,2022,,1.78,3.34,145,59,144,1,Terlambat,0.0,1.0
MHS027827,2022,,1.31,2.58,147,60,144,3,Terlambat,0.0,1.0
MHS028057,2022,,0.44,3.01,149,52,144,5,Terlambat,0.0,1.0
MHS028075,2022,,0.33,3.48,146,51,144,2,Terlambat,0.0,1.0
MHS028150,2022,,0.22,2.84,146,63,144,2,Terlambat,0.0,1.0
MHS024719,2022,,2.68,3.17,144,58,144,0,Terlambat,0.0115,0.9885
MHS024768,2022,,2.67,3.47,144,54,144,0,Terlambat,0.0332,0.9668
MHS025042,2021,,2.67,3.26,147,69,144,3,Terlambat,0.2168,0.7832
MHS025176,2022,,2.72,3.42,145,68,144,1,Terlambat,0.275,0.725
MHS025587,2021,,3.29,3.32,157,62,144,13,Tepat Waktu,0.9427,0.0573
MHS026041,2021,,2.47,2.7,144,54,144,0,Terlambat,0.0,1.0
MHS026160,2021,,2.44,3.12,144,55,144,0,Terlambat,0.0011,0.9989
MHS026399,2022,,2.55,2.81,147,58,144,3,Terlambat,0.0001,0.9999
MHS027033,2022,,2.54,3.35,149,61,144,5,Terlambat,0.0056,0.9944
MHS027258,2022,,2.31,3.2,144,56,144,0,Terlambat,0.0002,0.9998
MHS027763,2022,,1.86,3.23,148,61,144,4,Terlambat,0.0,1.0
MHS027804,2023,,3.81,2.42,98,40,135,-37,Tepat Waktu,1.0,0.0
MHS027968,2022,,1.01,3.21,147,51,144,3,Terlambat,0.0,1.0
MHS024763,2022,,2.67,2.98,146,55,144,2,Terlambat,0.0026,0.9974
MHS024861,2024,,3.35,2.75,62,29,95,-33,Tepat Waktu,1.0,0.0
MHS025125,2021,,2.61,3.11,146,51,144,2,Terlambat,0.0079,0.9921
MHS025231,2022,,2.58,2.58,145,58,144,1,Terlambat,0.0,1.0
MHS025261,2022,,3.36,2.99,142,49,144,-2,Terlambat,0.4075,0.5925
MHS025343,2024,,3.47,2.06,55,21,95,-40,Tepat Waktu,1.0,0.0
MHS025394,2023,,3.55,3.15,105,44,135,-30,Tepat Waktu,1.0,0.0
MHS025602,2021,,2.65,2.65,147,57,144,3,Terlambat,0.0001,0.9999
MHS025801,2022,,2.69,3.07,148,59,144,4,Terlambat,0.0043,0.9957
MHS025969,2022,,3.11,3.25,149,70,144,5,Tepat Waktu,0.8793,0.1207
MHS026118,2022,,3.16,1.69,115,47,144,-29,Terlambat,0.3145,0.6855
MHS026571,2024,,3.62,2.41,57,22,95,-38,Tepat Waktu,1.0,0.0
MHS026590,2022,,3.64,3.44,150,57,144,6,Tepat Waktu,0.7835,0.2165
MHS026825,2022,,3.01,3.28,154,63,144,10,Terlambat,0.4181,0.5819
MHS026882,2022,,2.33,3.19,146,56,144,2,Terlambat,0.0003,0.9997
MHS027353,2022,,2.72,3.31,158,65,144,14,Terlambat,0.4837,0.5163
MHS027364,2022,,2.97,3.36,151,62,144,7,Terlambat,0.3317,0.6683
MHS027546,2023,,3.78,2.78,106,50,135,-29,Tepat Waktu,1.0,0.0
MHS028019,2024,,3.86,2.66,59,23,95,-36,Tepat Waktu,1.0,0.0
MHS025348,2024,,3.46,2.67,18,7,95,-77,Tepat Waktu,1.0,0.0
MHS025415,2020,,2.58,2.62,144,57,144,0,Terlambat,0.0,1.0
MHS025593,2020,,2.85,2.82,150,59,144,6,Terlambat,0.0064,0.9936
MHS025780,2021,,2.64,3.1,147,58,144,3,Terlambat,0.0066,0.9934
MHS025953,2019,,2.61,2.67,147,57,144,3,Terlambat,0.0001,0.9999
MHS025987,2021,,2.47,2.78,144,60,144,0,Terlambat,0.0001,0.9999
MHS026049,2021,,2.6,2.75,147,59,144,3,Terlambat,0.0002,0.9998
MHS026232,2022,,2.53,2.8,145,57,144,1,Terlambat,0.0002,0.9998
MHS026369,2021,,2.27,2.27,144,54,144,0,Terlambat,0.0,1.0
MHS026836,2022,,2.33,2.98,146,56,144,2,Terlambat,0.0001,0.9999
MHS027154,2022,,2.33,3.26,144,57,144,0,Terlambat,0.0004,0.9996
MHS027164,2022,,2.32,3.0,144,62,144,0,Terlambat,0.0001,0.9999
MHS027220,2022,,2.33,3.32,147,60,144,3,Terlambat,0.0006,0.9994
MHS027399,2023,,3.7,2.65,100,39,135,-35,Tepat Waktu,1.0,0.0
MHS027432,2022,,2.26,3.41,146,59,144,2,Terlambat,0.0003,0.9997
MHS027447,2023,,3.71,2.36,99,34,135,-36,Tepat Waktu,1.0,0.0
MHS027451,2022,,2.26,3.44,146,59,144,2,Terlambat,0.0002,0.9998
MHS027561,2024,,3.8,2.46,58,22,95,-37,Tepat Waktu,1.0,0.0
MHS027930,2022,,1.19,3.14,146,51,144,2,Terlambat,0.0,1.0
MHS028126,2022,,0.44,3.55,145,68,144,1,Terlambat,0.0,1.0
MHS024692,2023,,3.45,2.56,102,45,135,-33,Tepat Waktu,1.0,0.0
MHS024703,2020,,2.72,2.73,147,55,144,3,Terlambat,0.0005,0.9995
MHS025065,2020,,2.94,2.86,152,62,144,8,Terlambat,0.0233,0.9767
MHS025081,2024,,3.48,2.03,56,21,95,-39,Tepat Waktu,1.0,0.0
MHS025175,2021,,2.93,2.93,150,62,144,6,Terlambat,0.0402,0.9598
MHS025278,2020,,2.37,2.42,149,62,144,5,Terlambat,0.0,1.0
MHS025439,2023,,3.6,2.96,103,43,135,-32,Tepat Waktu,1.0,0.0
MHS025493,2024,,3.61,2.3,58,24,95,-37,Tepat Waktu,1.0,0.0
MHS025586,2021,,2.67,3.17,147,58,144,3,Terlambat,0.0131,0.9869
MHS025591,2022,,3.14,3.22,152,62,144,8,Terlambat,0.368,0.632
MHS025927,2021,,2.46,2.46,144,58,144,0,Terlambat,0.0,1.0
MHS026699,2023,,3.75,2.44,102,44,135,-33,Tepat Waktu,1.0,0.0
MHS026722,2022,,3.39,2.92,141,50,144,-3,Terlambat,0.3025,0.6975
MHS027025,2022,,2.43,3.2,148,60,144,4,Terlambat,0.0011,0.9989
MHS027152,2022,,2.33,3.41,144,57,144,0,Terlambat,0.0005,0.9995
MHS027287,2023,,3.83,2.83,107,45,135,-28,Tepat Waktu,1.0,0.0
MHS027394,2023,,3.7,2.54,100,39,135,-35,Tepat Waktu,1.0,0.0
MHS027742,2022,,1.57,2.93,147,62,144,3,Terlambat,0.0,1.0
MHS028090,2024,,4.0,2.32,56,21,95,-39,Tepat Waktu,1.0,0.0
MHS024598,2020,,2.39,2.24,150,57,144,6,Terlambat,0.0,1.0
MHS024631,2021,,2.86,2.86,145,57,144,1,Terlambat,0.0073,0.9927
MHS024649,2021,,2.79,2.79,145,57,144,1,Terlambat,0.0015,0.9985
MHS024972,2021,,2.78,2.76,150,59,144,6,Terlambat,0.0013,0.9987
MHS025006,2021,,3.02,3.04,154,57,144,10,Terlambat,0.1776,0.8224
MHS025089,2021,,2.49,2.49,148,58,144,4,Terlambat,0.0,1.0
MHS025319,2023,,3.55,2.71,105,44,135,-30,Tepat Waktu,1.0,0.0
MHS025693,2024,,3.51,2.86,56,22,95,-39,Tepat Waktu,1.0,0.0
MHS026281,2020,,2.83,3.01,156,60,144,12,Terlambat,0.0708,0.9292
MHS026310,2022,,2.43,3.04,146,60,144,2,Terlambat,0.0004,0.9996
MHS026402,2022,,2.41,3.34,146,55,144,2,Terlambat,0.0009,0.9991
MHS026510,2023,,3.75,2.35,101,41,135,-34,Tepat Waktu,1.0,0.0
MHS026608,2022,,2.38,3.16,146,55,144,2,Terlambat,0.0004,0.9996
MHS026777,2020,,2.91,2.72,151,60,144,7,Terlambat,0.0048,0.9952
MHS027106,2023,,3.11,1.94,91,33,135,-44,Tepat Waktu,1.0,0.0
MHS027297,2023,,3.63,2.9,100,44,135,-35,Tepat Waktu,1.0,0.0
MHS027753,2021,,3.92,2.26,161,69,144,17,Terlambat,0.0421,0.9579
MHS028064,2024,,3.9,2.54,59,25,95,-36,Tepat Waktu,1.0,0.0
MHS028101,2024,,3.92,2.18,57,24,95,-38,Tepat Waktu,1.0,0.0
MHS024850,2022,,2.62,3.64,144,54,144,0,Terlambat,0.0173,0.9827
MHS024878,2022,,2.65,2.78,146,61,144,2,Terlambat,0.0004,0.9996
MHS025059,2024,,3.6,2.36,58,24,95,-37,Tepat Waktu,1.0,0.0
MHS025076,2022,,2.77,3.36,145,67,144,1,Terlambat,0.1805,0.8195
MHS025119,2023,,3.48,2.61,102,44,135,-33,Tepat Waktu,1.0,0.0
MHS025120,2019,,2.61,3.14,146,58,144,2,Terlambat,0.0054,0.9946
MHS025232,2024,,3.51,1.83,59,23,95,-36,Tepat Waktu,1.0,0.0
MHS025307,2022,,2.68,2.99,145,59,144,1,Terlambat,0.0036,0.9964
MHS025449,2023,,3.61,3.19,106,44,135,-29,Tepat Waktu,1.0,0.0
MHS025484,2024,,3.5,1.76,56,23,95,-39,Tepat Waktu,1.0,0.0
MHS025576,2023,,3.61,2.89,103,43,135,-32,Tepat Waktu,1.0,0.0
MHS025678,2024,,3.53,2.65,59,23,95,-36,Tepat Waktu,1.0,0.0
MHS025859,2024,,3.55,2.1,56,21,95,-39,Tepat Waktu,1.0,0.0
MHS025949,2021,,2.5,2.71,146,57,144,2,Terlambat,0.0001,0.9999
MHS026081,2022,,2.64,3.3,148,57,144,4,Terlambat,0.0081,0.9919
MHS026145,2023,,3.62,1.12,74,28,135,-61,Tepat Waktu,1.0,0.0
MHS026374,2021,,2.43,2.65,144,50,144,0,Terlambat,0.0,1.0
MHS027029,2023,,3.66,2.27,95,35,135,-40,Tepat Waktu,1.0,0.0
MHS027268,2023,,3.74,2.75,105,44,135,-30,Tepat Waktu,1.0,0.0
MHS027393,2024,,3.76,1.99,58,22,95,-37,Tepat Waktu,1.0,0.0
MHS027853,2022,,1.42,2.96,144,58,144,0,Terlambat,0.0,1.0
MHS024577,2019,,2.72,2.99,147,61,144,3,Terlambat,0.0049,0.9951
MHS024796,2022,,3.51,2.52,138,56,144,-6,Terlambat,0.0078,0.9922
MHS025297,2020,,2.87,2.86,154,57,144,10,Terlambat,0.0134,0.9866
MHS025305,2022,,3.39,3.0,126,47,144,-18,Tepat Waktu,0.9996,0.0004
MHS025553,2023,,3.61,2.81,103,43,135,-32,Tepat Waktu,1.0,0.0
MHS025865,2020,,2.52,2.76,146,60,144,2,Terlambat,0.0001,0.9999
MHS026144,2022,,2.57,3.74,147,59,144,3,Terlambat,0.0094,0.9906
MHS026259,2022,,3.21,3.21,150,56,144,6,Terlambat,0.2475,0.7525
MHS026283,2022,,2.52,3.09,145,57,144,1,Terlambat,0.0013,0.9987
MHS026712,2023,,3.69,3.05,105,44,135,-30,Tepat Waktu,1.0,0.0
MHS026768,2022,,2.44,2.67,147,55,144,3,Terlambat,0.0,1.0
MHS026951,2022,,2.34,2.83,144,54,144,0,Terlambat,0.0,1.0
MHS027359,2023,,3.76,2.7,105,44,135,-30,Tepat Waktu,1.0,0.0
MHS027437,2022,,2.31,3.33,145,56,144,1,Terlambat,0.0004,0.9996
MHS027983,2024,,3.81,2.39,57,24,95,-38,Tepat Waktu,1.0,0.0
MHS028157,2022,,0.61,3.09,148,61,144,4,Terlambat,0.0,1.0
MHS028194,2022,,0.22,3.18,144,55,144,0,Terlambat,0.0,1.0
MHS025024,2022,,2.6,3.14,144,54,144,0,Terlambat,0.0047,0.9953
MHS025105,2021,,2.6,3.27,144,55,144,0,Terlambat,0.0083,0.9917
MHS025342,2022,,2.67,2.95,145,57,144,1,Terlambat,0.0014,0.9986
MHS026243,2022,,2.53,3.0,145,57,144,1,Terlambat,0.0005,0.9995
MHS026346,2024,,3.36,0.72,36,14,95,-59,Tepat Waktu,1.0,0.0
MHS026418,2021,,2.42,3.33,144,55,144,0,Terlambat,0.0024,0.9976
MHS026792,2022,,3.17,3.16,150,55,144,6,Terlambat,0.2463,0.7537
MHS026997,2022,,2.4,3.04,147,59,144,3,Terlambat,0.0002,0.9998
MHS027734,2022,,1.58,3.56,147,59,144,3,Terlambat,0.0,1.0
MHS025401,2021,,2.45,2.45,147,55,144,3,Terlambat,0.0,1.0
MHS025450,2021,,2.57,2.75,144,57,144,0,Terlambat,0.0001,0.9999
MHS025542,2021,,2.93,2.92,150,58,144,6,Terlambat,0.0153,0.9847
MHS025779,2022,,2.59,3.69,145,55,144,1,Terlambat,0.0171,0.9829
MHS026148,2024,,3.56,2.08,59,23,95,-36,Tepat Waktu,1.0,0.0
MHS026221,2022,,2.44,3.03,146,55,144,2,Terlambat,0.0002,0.9998
MHS026251,2021,,2.87,2.65,151,62,144,7,Terlambat,0.0014,0.9986
MHS026486,2023,,3.73,2.26,101,41,135,-34,Tepat Waktu,1.0,0.0
MHS026765,2022,,2.4,2.88,145,59,144,1,Terlambat,0.0001,0.9999
MHS026850,2022,,2.43,3.67,147,64,144,3,Terlambat,0.0078,0.9922
MHS027709,2023,,3.81,3.21,108,51,135,-27,Tepat Waktu,1.0,0.0
MHS027963,2022,,1.27,3.47,144,50,144,0,Terlambat,0.0,1.0
MHS028207,2022,,0.17,3.61,148,62,144,4,Terlambat,0.0,1.0
MHS024791,2022,,2.64,2.85,144,55,144,0,Terlambat,0.0008,0.9992
MHS024929,2020,,2.68,2.86,147,61,144,3,Terlambat,0.0016,0.9984
MHS025549,2022,,2.72,3.12,148,60,144,4,Terlambat,0.0129,0.9871
MHS025877,2023,,3.64,2.87,103,43,135,-32,Tepat Waktu,1.0,0.0
MHS025957,2021,,2.47,2.47,144,59,144,0,Terlambat,0.0,1.0
MHS026396,2022,,3.74,2.98,140,57,144,-4,Terlambat,0.3353,0.6647
MHS026787,2024,,3.7,2.44,58,22,95,-37,Tepat Waktu,1.0,0.0
MHS026820,2020,,3.39,2.27,159,60,144,15,Terlambat,0.0014,0.9986
MHS026886,2023,,3.78,2.84,107,37,135,-28,Tepat Waktu,1.0,0.0
MHS026956,2022,,2.41,2.89,147,63,144,3,Terlambat,0.0001,0.9999
MHS027034,2023,,3.83,2.38,101,41,135,-34,Tepat Waktu,1.0,0.0
MHS027239,2023,,3.7,2.9,99,38,135,-36,Tepat Waktu,1.0,0.0
MHS027326,2022,,3.78,3.48,151,62,144,7,Tepat Waktu,0.8868,0.1132
MHS027337,2024,,3.68,2.39,56,21,95,-39,Tepat Waktu,1.0,0.0
MHS027667,2022,,3.89,2.87,150,61,144,6,Terlambat,0.1623,0.8377
MHS027871,2022,,2.92,3.45,154,62,144,10,Terlambat,0.4654,0.5346
MHS027921,2022,,1.33,3.26,145,57,144,1,Terlambat,0.0,1.0
MHS028177,2024,,3.94,2.33,57,24,95,-38,Tepat Waktu,1.0,0.0
MHS024657,2021,,2.78,2.72,150,61,144,6,Terlambat,0.0017,0.9983
MHS024682,2022,,3.23,3.07,143,50,144,-1,Terlambat,0.249,0.751
MHS024846,2022,,2.63,3.45,144,58,144,0,Terlambat,0.0143,0.9857
MHS024870,2022,,2.62,3.27,144,55,144,0,Terlambat,0.0104,0.9896
MHS025417,2022,,2.72,3.34,148,60,144,4,Terlambat,0.0361,0.9639
MHS026094,2022,,2.54,3.0,145,58,144,1,Terlambat,0.0009,0.9991
MHS026158,2022,,2.57,3.11,147,69,144,3,Terlambat,0.0318,0.9682
MHS026377,2022,,2.67,3.23,149,56,144,5,Terlambat,0.0125,0.9875
MHS026388,2023,,3.7,2.48,102,44,135,-33,Tepat Waktu,1.0,0.0
MHS026772,2024,,3.64,2.24,56,21,95,-39,Tepat Waktu,1.0,0.0
MHS026780,2022,,2.5,3.32,148,60,144,4,Terlambat,0.0041,0.9959
MHS026839,2022,,2.43,3.11,147,58,144,3,Terlambat,0.0006,0.9994
MHS027204,2023,,3.67,2.99,108,51,135,-27,Tepat Waktu,1.0,0.0
MHS027226,2022,,2.34,3.13,149,59,144,5,Terlambat,0.0003,0.9997
MHS027266,2024,,3.68,2.27,60,25,95,-35,Tepat Waktu,1.0,0.0
MHS027323,2024,,3.76,2.19,58,22,95,-37,Tepat Waktu,1.0,0.0
MHS027352,2022,,2.29,2.88,144,57,144,0,Terlambat,0.0,1.0
MHS027583,2022,,1.97,2.84,148,61,144,4,Terlambat,0.0,1.0
MHS027606,2022,,2.96,3.42,154,64,144,10,Tepat Waktu,0.6212,0.3788
MHS028248,2024,,4.0,1.7,58,23,95,-37,Tepat Waktu,1.0,0.0
MHS024782,2023,,3.53,1.9,96,41,135,-39,Tepat Waktu,1.0,0.0
MHS024898,2022,,3.53,2.85,139,55,144,-5,Terlambat,0.1675,0.8325
MHS024910,2022,,3.51,2.31,138,56,144,-6,Terlambat,0.0005,0.9995
MHS024922,2020,,2.78,2.84,145,53,144,1,Terlambat,0.0041,0.9959
MHS025359,2023,,3.67,1.62,86,35,135,-49,Tepat Waktu,1.0,0.0
MHS025465,2024,,3.52,2.4,59,23,95,-36,Tepat Waktu,1.0,0.0
MHS026092,2022,,2.58,3.52,147,68,144,3,Terlambat,0.1068,0.8932
MHS026238,2022,,2.44,2.75,146,58,144,2,Terlambat,0.0,1.0
MHS026242,2021,,2.86,2.82,151,59,144,7,Terlambat,0.0049,0.9951
MHS026381,2022,,2.41,3.06,146,55,144,2,Terlambat,0.0002,0.9998
MHS026474,2023,,3.62,3.01,104,40,135,-31,Tepat Waktu,1.0,0.0
MHS026494,2023,,3.66,2.83,106,44,135,-29,Tepat Waktu,1.0,0.0
MHS027182,2022,,2.33,3.38,145,58,144,1,Terlambat,0.0006,0.9994
MHS027584,2023,,3.76,2.63,104,49,135,-31,Tepat Waktu,1.0,0.0
MHS027948,2022,,0.5,2.96,150,61,144,6,Terlambat,0.0,1.0
MHS027954,2022,,1.32,3.48,144,59,144,0,Terlambat,0.0,1.0
MHS027959,2022,,1.13,3.06,145,57,144,1,Terlambat,0.0,1.0
MHS028079,2023,,3.86,3.15,105,50,135,-30,Tepat Waktu,1.0,0.0
MHS025262,2020,,2.25,2.24,146,56,144,2,Terlambat,0.0,1.0
MHS025729,2021,,2.55,2.82,146,51,144,2,Terlambat,0.0003,0.9997
MHS026075,2022,,2.54,3.18,145,55,144,1,Terlambat,0.0028,0.9972
MHS026207,2024,,3.65,2.37,58,26,95,-37,Tepat Waktu,1.0,0.0
MHS026252,2022,,3.31,2.18,131,49,144,-13,Terlambat,0.0023,0.9977
MHS026516,2022,,2.4,3.06,144,58,144,0,Terlambat,0.0002,0.9998
MHS026581,2022,,2.51,3.4,148,59,144,4,Terlambat,0.0054,0.9946
MHS026593,2023,,3.77,2.44,101,41,135,-34,Tepat Waktu,1.0,0.0
MHS026635,2022,,2.51,2.78,148,56,144,4,Terlambat,0.0001,0.9999
MHS027103,2022,,2.33,2.89,144,57,144,0,Terlambat,0.0,1.0
MHS027237,2022,,3.63,2.62,136,56,144,-8,Terlambat,0.06,0.94
MHS027283,2024,,3.71,2.37,59,23,95,-36,Tepat Waktu,1.0,0.0
MHS027294,2023,,3.7,2.63,104,45,135,-31,Tepat Waktu,1.0,0.0
MHS027366,2024,,3.69,2.2,60,23,95,-35,Tepat Waktu,1.0,0.0
MHS027367,2022,,2.98,2.98,150,61,144,6,Terlambat,0.0315,0.9685
MHS027842,2022,,1.27,3.07,147,60,144,3,Terlambat,0.0,1.0
MHS027917,2022,,1.41,3.24,145,59,144,1,Terlambat,0.0,1.0
MHS028047,2024,,3.86,2.05,55,23,95,-40,Tepat Waktu,1.0,0.0
MHS028198,2022,,0.0,2.95,145,59,144,1,Terlambat,0.0,1.0
MHS024626,2024,,3.56,2.11,58,26,95,-37,Tepat Waktu,1.0,0.0
MHS024814,2022,,2.66,3.03,146,55,144,2,Terlambat,0.0034,0.9966
MHS024852,2022,,2.62,3.14,144,57,144,0,Terlambat,0.0054,0.9946
MHS025003,2024,,3.5,2.39,59,23,95,-36,Tepat Waktu,1.0,0.0
MHS025277,2021,,2.29,2.29,144,58,144,0,Terlambat,0.0,1.0
MHS025422,2020,,2.58,2.72,144,54,144,0,Terlambat,0.0001,0.9999
MHS025442,2023,,3.54,2.02,97,39,135,-38,Tepat Waktu,1.0,0.0
MHS025789,2019,,2.15,2.1,144,53,144,0,Terlambat,0.0,1.0
MHS025968,2022,,2.54,3.03,145,58,144,1,Terlambat,0.0012,0.9988
MHS026105,2022,,2.54,3.43,145,62,144,1,Terlambat,0.0126,0.9874
MHS026181,2021,,2.44,2.73,146,56,144,2,Terlambat,0.0,1.0
MHS026586,2022,,3.81,2.7,140,57,144,-4,Terlambat,0.0568,0.9432
MHS026679,2024,,3.63,1.97,57,24,95,-38,Tepat Waktu,1.0,0.0
MHS026779,2022,,2.36,2.51,144,67,144,0,Terlambat,0.0,1.0
MHS027547,2022,,2.29,3.12,145,55,144,1,Terlambat,0.0001,0.9999
MHS027614,2024,,3.8,1.89,55,23,95,-40,Tepat Waktu,1.0,0.0
MHS027794,2022,,1.61,3.3,144,58,144,0,Terlambat,0.0,1.0
MHS027807,2022,,1.58,3.24,149,61,144,5,Terlambat,0.0,1.0
MHS027962,2022,,1.03,3.28,146,59,144,2,Terlambat,0.0,1.0
MHS027998,2022,,3.81,3.25,155,63,144,11,Tepat Waktu,0.8786,0.1214
MHS028009,2022,,1.31,3.14,148,52,144,4,Terlambat,0.0,1.0
MHS028059,2024,,3.88,2.26,60,23,95,-35,Tepat Waktu,1.0,0.0
MHS028189,2024,,3.93,2.07,55,23,95,-40,Tepat Waktu,1.0,0.0
MHS024992,2022,,2.61,3.04,144,57,144,0,Terlambat,0.0017,0.9983
MHS024998,2024,,3.47,1.84,56,21,95,-39,Tepat Waktu,1.0,0.0
MHS025079,2021,,3.07,3.06,149,57,144,5,Terlambat,0.0834,0.9166
MHS025154,2021,,2.61,2.81,146,60,144,2,Terlambat,0.0004,0.9996
MHS025247,2019,,2.6,2.79,146,60,144,2,Terlambat,0.0004,0.9996
MHS025645,2022,,2.64,3.41,145,57,144,1,Terlambat,0.0124,0.9876
MHS026531,2024,,3.62,2.27,57,22,95,-38,Tepat Waktu,1.0,0.0
MHS026631,2020,,2.67,2.61,158,65,144,14,Terlambat,0.0043,0.9957
MHS026861,2023,,3.67,2.83,112,52,135,-23,Tepat Waktu,1.0,0.0
MHS027427,2022,,3.67,3.2,150,61,144,6,Tepat Waktu,0.6785,0.3215
MHS027522,2023,,3.76,2.59,104,49,135,-31,Tepat Waktu,1.0,0.0
MHS027585,2022,,2.26,3.04,144,55,144,0,Terlambat,0.0001,0.9999
MHS027899,2024,,3.88,1.85,54,24,95,-41,Tepat Waktu,1.0,0.0
MHS028162,2022,,0.44,3.08,144,54,144,0,Terlambat,0.0,1.0
MHS025150,2019,,2.49,2.49,144,60,144,0,Terlambat,0.0,1.0
MHS025171,2021,,2.61,3.27,146,56,144,2,Terlambat,0.0117,0.9883
MHS025325,2019,,1.95,1.95,147,58,144,3,Terlambat,0.0,1.0
MHS025617,2024,,3.54,2.39,57,22,95,-38,Tepat Waktu,1.0,0.0
MHS025771,2021,,2.5,2.78,144,56,144,0,Terlambat,0.0001,0.9999
MHS025782,2022,,2.59,2.83,145,55,144,1,Terlambat,0.0004,0.9996
MHS026147,2020,,2.44,2.74,144,60,144,0,Terlambat,0.0001,0.9999
MHS026383,2023,,3.68,2.93,105,44,135,-30,Tepat Waktu,1.0,0.0
MHS026473,2023,,3.54,2.84,108,51,135,-27,Tepat Waktu,1.0,0.0
MHS026508,2024,,3.5,2.73,62,29,95,-33,Tepat Waktu,1.0,0.0
MHS026666,2023,,3.67,3.07,106,39,135,-29,Tepat Waktu,1.0,0.0
MHS026864,2022,,2.35,2.83,144,55,144,0,Terlambat,0.0,1.0
MHS026891,2022,,2.35,3.49,144,54,144,0,Terlambat,0.0012,0.9988
MHS027211,2024,,3.69,2.45,59,23,95,-36,Tepat Waktu,1.0,0.0
MHS027293,2022,,2.33,3.1,148,60,144,4,Terlambat,0.0001,0.9999
MHS027897,2022,,1.53,3.12,145,59,144,1,Terlambat,0.0,1.0
MHS024778,2020,,2.6,1.88,156,63,144,12,Terlambat,0.0,1.0
MHS024985,2023,,3.48,2.41,102,44,135,-33,Tepat Waktu,1.0,0.0
MHS025056,2023,,3.56,2.4,104,40,135,-31,Tepat Waktu,1.0,0.0
MHS025227,2024,,3.51,2.6,59,23,95,-36,Tepat Waktu,1.0,0.0
MHS025396,2021,,2.58,2.87,144,58,144,0,Terlambat,0.0005,0.9995
MHS025423,2023,,3.51,2.48,102,44,135,-33,Tepat Waktu,1.0,0.0
MHS025505,2024,,3.53,2.09,57,22,95,-38,Tepat Waktu,1.0,0.0
MHS025868,2020,,2.49,2.58,144,60,144,0,Terlambat,0.0,1.0
MHS026392,2023,,3.72,2.3,101,41,135,-34,Tepat Waktu,1.0,0.0
MHS026912,2022,,2.42,3.37,147,58,144,3,Terlambat,0.0011,0.9989
MHS027001,2022,,3.11,3.16,151,62,144,7,Terlambat,0.3178,0.6822
MHS027137,2024,,3.72,2.23,58,22,95,-37,Tepat Waktu,1.0,0.0
MHS027166,2024,,3.69,2.6,59,23,95,-36,Tepat Waktu,1.0,0.0
MHS027218,2022,,2.31,3.32,144,56,144,0,Terlambat,0.0004,0.9996
MHS027274,2022,,2.28,2.83,146,61,144,2,Terlambat,0.0,1.0
MHS027375,2023,,3.78,2.2,96,37,135,-39,Tepat Waktu,1.0,0.0
MHS027516,2022,,2.3,3.1,145,56,144,1,Terlambat,0.0001,0.9999
MHS027521,2024,,3.75,1.91,57,24,95,-38,Tepat Waktu,1.0,0.0
MHS027713,2022,,1.68,3.29,146,56,144,2,Terlambat,0.0,1.0
MHS027784,2023,,3.9,2.6,104,49,135,-31,Tepat Waktu,1.0,0.0
MHS027826,2022,,1.48,3.06,144,55,144,0,Terlambat,0.0,1.0
MHS028069,2022,,1.16,3.42,148,61,144,4,Terlambat,0.0,1.0
MHS028115,2023,,3.3,1.96,91,34,135,-44,Tepat Waktu,1.0,0.0
MHS024643,2022,,2.68,3.39,146,59,144,2,Terlambat,0.0179,0.9821
MHS024755,2024,,3.45,2.27,56,21,95,-39,Tepat Waktu,1.0,0.0
MHS024790,2024,,3.49,2.33,59,23,95,-36,Tepat Waktu,1.0,0.0
MHS024970,2022,,2.64,2.99,146,68,144,2,Terlambat,0.0194,0.9806
MHS025179,2023,,3.59,2.87,106,44,135,-29,Tepat Waktu,1.0,0.0
MHS025207,2020,,1.94,2.36,151,55,144,7,Terlambat,0.0,1.0
MHS025238,2022,,2.69,3.52,145,59,144,1,Terlambat,0.0417,0.9583
MHS025427,2021,,3.02,2.9,160,59,144,16,Terlambat,0.3557,0.6443
MHS025819,2022,,2.56,3.43,145,54,144,1,Terlambat,0.0064,0.9936
MHS025861,2021,,2.42,2.42,147,55,144,3,Terlambat,0.0,1.0
MHS025951,2024,,3.55,2.01,56,21,95,-39,Tepat Waktu,1.0,0.0
MHS026080,2024,,3.57,2.01,56,21,95,-39,Tepat Waktu,1.0,0.0
MHS026119,2024,,3.56,2.2,59,23,95,-36,Tepat Waktu,1.0,0.0
MHS026246,2023,,3.67,3.05,105,44,135,-30,Tepat Waktu,1.0,0.0
MHS026380,2024,,3.58,2.4,59,23,95,-36,Tepat Waktu,1.0,0.0
MHS026614,2023,,3.7,3.0,103,43,135,-32,Tepat Waktu,1.0,0.0
MHS026754,2023,,3.67,2.29,106,42,135,-29,Tepat Waktu,1.0,0.0
MHS026937,2022,,2.42,3.09,147,64,144,3,Terlambat,0.0007,0.9993
MHS026978,2024,,3.7,2.01,58,22,95,-37,Tepat Waktu,1.0,0.0
MHS027072,2022,,2.38,3.34,147,60,144,3,Terlambat,0.0011,0.9989
MHS027097,2022,,2.41,3.54,148,60,144,4,Terlambat,0.0018,0.9982
MHS027350,2022,,3.42,2.54,119,44,144,-25,Tepat Waktu,1.0,0.0
MHS027442,2022,,3.67,3.01,150,62,144,6,Terlambat,0.3395,0.6605
MHS027747,2022,,1.87,3.1,148,60,144,4,Terlambat,0.0,1.0
MHS028255,2022,,0.0,3.1,146,55,144,2,Terlambat,0.0,1.0
MHS025463,2023,,3.6,2.6,107,43,135,-28,Tepat Waktu,1.0,0.0
MHS025546,2022,,2.67,3.28,145,68,144,1,Terlambat,0.0889,0.9111
MHS025739,2024,,3.5,2.57,60,23,95,-35,Tepat Waktu,1.0,0.0
MHS025866,2022,,3.11,3.1,150,61,144,6,Terlambat,0.1941,0.8059
MHS026194,2024,,3.65,2.41,58,26,95,-37,Tepat Waktu,1.0,0.0
MHS026214,2022,,2.53,3.58,145,58,144,1,Terlambat,0.0092,0.9908
MHS026256,2023,,3.57,2.45,99,40,135,-36,Tepat Waktu,1.0,0.0
MHS026919,2022,,3.53,2.99,142,54,144,-2,Terlambat,0.3263,0.6737
MHS026998,2024,,3.67,2.44,56,21,95,-39,Tepat Waktu,1.0,0.0
MHS027090,2024,,3.51,0.44,18,7,95,-77,Tepat Waktu,1.0,0.0
MHS027286,2024,,3.69,2.07,60,23,95,-35,Tepat Waktu,1.0,0.0
MHS027484,2024,,3.71,2.3,56,21,95,-39,Tepat Waktu,1.0,0.0
MHS027485,2022,,1.83,2.9,147,61,144,3,Terlambat,0.0,1.0
MHS027595,2024,,3.8,1.48,58,22,95,-37,Tepat Waktu,1.0,0.0
MHS028156,2022,,0.11,2.95,147,59,144,3,Terlambat,0.0,1.0
MHS028174,2022,,2.73,3.27,156,63,144,12,Terlambat,0.1954,0.8046
MHS025104,2021,,2.77,2.54,152,57,144,8,Terlambat,0.0001,0.9999
MHS025562,2022,,2.65,3.12,145,68,144,1,Terlambat,0.0517,0.9483
MHS025655,2021,,2.56,3.08,146,57,144,2,Terlambat,0.0026,0.9974
MHS026116,2020,,2.45,2.77,144,54,144,0,Terlambat,0.0001,0.9999
MHS026133,2020,,2.44,2.52,144,56,144,0,Terlambat,0.0,1.0
MHS026477,2023,,3.6,2.42,98,38,135,-37,Tepat Waktu,1.0,0.0
MHS026584,2023,,3.63,2.24,97,38,135,-38,Tepat Waktu,1.0,0.0
MHS027064,2023,,3.75,2.42,102,41,135,-33,Tepat Waktu,1.0,0.0
MHS027085,2022,,2.33,3.1,144,58,144,0,Terlambat,0.0001,0.9999
MHS027113,2022,,2.3,2.89,146,56,144,2,Terlambat,0.0,1.0
MHS027431,2022,,2.28,2.99,144,55,144,0,Terlambat,0.0,1.0
MHS027791,2022,,1.78,3.46,145,59,144,1,Terlambat,0.0,1.0
MHS024699,2022,,2.67,3.16,146,57,144,2,Terlambat,0.0083,0.9917
MHS024753,2024,,3.57,2.41,58,24,95,-37,Tepat Waktu,1.0,0.0
MHS024798,2021,,2.96,2.63,155,61,144,11,Terlambat,0.0046,0.9954
MHS024805,2022,,2.64,2.7,144,55,144,0,Terlambat,0.0002,0.9998
MHS025096,2024,,3.48,2.35,57,22,95,-38,Tepat Waktu,1.0,0.0
MHS025281,2020,,2.7,2.49,156,62,144,12,Terlambat,0.0003,0.9997
MHS025302,2022,,2.75,2.81,148,56,144,4,Terlambat,0.0008,0.9992
MHS025328,2022,,2.75,2.86,148,59,144,4,Terlambat,0.0015,0.9985
MHS025540,2022,,2.67,3.02,145,57,144,1,Terlambat,0.0024,0.9976
MHS025598,2020,,2.67,2.92,147,56,144,3,Terlambat,0.0025,0.9975
MHS026100,2022,,2.54,2.81,145,58,144,1,Terlambat,0.0002,0.9998
MHS026406,2023,,3.72,2.41,101,41,135,-34,Tepat Waktu,1.0,0.0
MHS026509,2024,,3.6,2.1,60,25,95,-35,Tepat Waktu,1.0,0.0
MHS026803,2022,,2.34,2.95,146,61,144,2,Terlambat,0.0001,0.9999
MHS026994,2022,,2.4,3.37,147,56,144,3,Terlambat,0.0008,0.9992
MHS027203,2022,,2.33,3.58,147,60,144,3,Terlambat,0.0011,0.9989
MHS027230,2022,,3.65,3.45,150,61,144,6,Tepat Waktu,0.8429,0.1571
MHS027605,2022,,2.26,2.88,144,58,144,0,Terlambat,0.0,1.0
MHS027761,2022,,3.92,2.88,143,55,144,-1,Terlambat,0.1364,0.8636
MHS028045,2022,,0.97,2.87,144,58,144,0,Terlambat,0.0,1.0
MHS024769,2021,,2.7,3.26,147,52,144,3,Terlambat,0.0331,0.9669
MHS024815,2024,,3.58,1.59,58,22,95,-37,Tepat Waktu,1.0,0.0
MHS024920,2021,,2.67,2.67,145,56,144,1,Terlambat,0.0002,0.9998
MHS025292,2023,,3.43,2.48,100,39,135,-35,Tepat Waktu,1.0,0.0
MHS025607,2024,,3.5,1.58,56,23,95,-39,Tepat Waktu,1.0,0.0
MHS025686,2022,,2.61,3.3,145,55,144,1,Terlambat,0.0065,0.9935
MHS025936,2019,,2.48,2.95,144,59,144,0,Terlambat,0.0003,0.9997
MHS025942,2024,,3.55,2.22,59,23,95,-36,Tepat Waktu,1.0,0.0
MHS026061,2021,,2.46,2.96,144,50,144,0,Terlambat,0.0008,0.9992
MHS026104,2022,,2.78,2.99,149,56,144,5,Terlambat,0.005,0.995
MHS026395,2022,,2.5,3.33,145,59,144,1,Terlambat,0.0026,0.9974
MHS026493,2022,,2.4,3.75,146,55,144,2,Terlambat,0.0014,0.9986
MHS026532,2022,,2.52,3.23,147,69,144,3,Terlambat,0.0363,0.9637
MHS026607,2022,,3.08,3.11,154,62,144,10,Terlambat,0.3589,0.6411
MHS026945,2023,,3.69,2.62,96,37,135,-39,Tepat Waktu,1.0,0.0
MHS027135,2022,,2.33,2.82,144,57,144,0,Terlambat,0.0,1.0
MHS027141,2023,,3.62,2.4,100,45,135,-35,Tepat Waktu,1.0,0.0
MHS027410,2024,,3.74,2.48,59,23,95,-36,Tepat Waktu,1.0,0.0
MHS027438,2022,,2.28,3.12,144,58,144,0,Terlambat,0.0001,0.9999
MHS027759,2023,,3.84,2.66,104,49,135,-31,Tepat Waktu,1.0,0.0
MHS027915,2022,,2.91,3.47,154,62,144,10,Terlambat,0.3585,0.6415
MHS028042,2022,,0.78,3.22,147,55,144,3,Terlambat,0.0,1.0
MHS028111,2022,,0.84,3.55,148,62,144,4,Terlambat,0.0,1.0
MHS024839,2021,,2.93,2.95,150,59,144,6,Terlambat,0.0208,0.9792
MHS024924,2022,,2.65,3.29,146,54,144,2,Terlambat,0.0137,0.9863
MHS025366,2021,,2.28,2.25,147,56,144,3,Terlambat,0.0,1.0
MHS025717,2021,,2.86,2.58,151,60,144,7,Terlambat,0.0004,0.9996
MHS025761,2021,,2.41,2.41,144,53,144,0,Terlambat,0.0,1.0
MHS025842,2021,,2.54,2.76,146,61,144,2,Terlambat,0.0002,0.9998
MHS025854,2021,,2.49,2.92,144,57,144,0,Terlambat,0.0005,0.9995
MHS025985,2024,,3.61,2.73,61,24,95,-34,Tepat Waktu,1.0,0.0
MHS026074,2023,,3.51,2.98,108,51,135,-27,Tepat Waktu,1.0,0.0
MHS026345,2022,,2.42,3.04,146,55,144,2,Terlambat,0.0002,0.9998
MHS026763,2022,,2.36,2.97,144,57,144,0,Terlambat,0.0001,0.9999
MHS027981,2022,,1.12,3.44,145,58,144,1,Terlambat,0.0,1.0
MHS028023,2024,,3.87,1.96,58,22,95,-37,Tepat Waktu,1.0,0.0
MHS028142,2022,,0.59,2.81,144,54,144,0,Terlambat,0.0,1.0
MHS024632,2022,,3.23,2.67,143,57,144,-1,Terlambat,0.0057,0.9943
MHS024984,2024,,3.46,2.28,56,21,95,-39,Tepat Waktu,1.0,0.0
MHS025072,2022,,3.3,2.17,131,54,144,-13,Terlambat,0.0009,0.9991
MHS025142,2021,,2.64,2.7,150,58,144,6,Terlambat,0.0002,0.9998
MHS025296,2023,,3.51,2.61,102,44,135,-33,Tepat Waktu,1.0,0.0
MHS025564,2024,,3.5,1.51,56,23,95,-39,Tepat Waktu,1.0,0.0
MHS025605,2021,,3.07,2.97,149,58,144,5,Terlambat,0.0478,0.9522
MHS025675,2022,,2.61,3.5,145,66,144,1,Terlambat,0.0763,0.9237
MHS026057,2021,,2.46,3.11,144,54,144,0,Terlambat,0.0014,0.9986
MHS026153,2022,,3.09,3.12,152,64,144,8,Terlambat,0.3802,0.6198
MHS026499,2022,,2.48,3.1,145,59,144,1,Terlambat,0.0007,0.9993
MHS026892,2024,,3.5,2.39,18,7,95,-77,Tepat Waktu,1.0,0.0
MHS027125,2022,,2.36,3.37,147,60,144,3,Terlambat,0.0007,0.9993
MHS027435,2022,,2.31,3.56,145,55,144,1,Terlambat,0.0007,0.9993
MHS027538,2023,,3.86,2.73,103,43,135,-32,Tepat Waktu,1.0,0.0
MHS027629,2023,,3.79,2.39,99,41,135,-36,Tepat Waktu,1.0,0.0
MHS028089,2022,,0.72,3.21,145,68,144,1,Terlambat,0.0,1.0
MHS028244,2023,,4.0,3.16,108,51,135,-27,Tepat Waktu,1.0,0.0
MHS024591,2023,,3.5,2.91,105,44,135,-30,Tepat Waktu,1.0,0.0
MHS024803,2023,,3.48,2.14,98,42,135,-37,Tepat Waktu,1.0,0.0
MHS024905,2021,,2.78,3.02,145,48,144,1,Terlambat,0.026,0.974
MHS025012,2022,,2.61,3.15,144,58,144,0,Terlambat,0.0054,0.9946
MHS025559,2021,,2.56,2.64,150,61,144,6,Terlambat,0.0001,0.9999
MHS025608,2022,,3.58,2.37,136,51,144,-8,Terlambat,0.0039,0.9961
MHS026095,2022,,2.58,2.99,147,69,144,3,Terlambat,0.0159,0.9841
MHS026262,2024,,3.59,2.29,57,22,95,-38,Tepat Waktu,1.0,0.0
MHS026277,2022,,2.44,3.06,146,63,144,2,Terlambat,0.0009,0.9991
MHS026348,2022,,3.39,3.3,141,57,144,-3,Tepat Waktu,0.7035,0.2965
MHS026756,2022,,2.37,3.18,144,57,144,0,Terlambat,0.0005,0.9995
MHS026999,2022,,2.39,3.36,147,60,144,3,Terlambat,0.0014,0.9986
MHS027158,2023,,3.84,2.44,101,38,135,-34,Tepat Waktu,1.0,0.0
MHS027189,2022,,2.3,3.03,146,58,144,2,Terlambat,0.0001,0.9999
MHS027351,2024,,3.68,2.39,56,21,95,-39,Tepat Waktu,1.0,0.0
MHS027419,2024,,3.69,2.0,56,21,95,-39,Tepat Waktu,1.0,0.0
MHS027644,2023,,3.73,2.26,98,45,135,-37,Tepat Waktu,1.0,0.0
MHS027783,2023,,3.83,2.14,99,41,135,-36,Tepat Waktu,1.0,0.0
MHS028035,2022,,0.86,3.25,145,52,144,1,Terlambat,0.0,1.0
MHS028145,2022,,0.11,3.39,147,57,144,3,Terlambat,0.0,1.0
MHS024785,2022,,3.52,2.88,130,54,144,-14,Tepat Waktu,0.9498,0.0502
MHS024948,2024,,3.47,2.39,60,23,95,-35,Tepat Waktu,1.0,0.0
MHS025102,2019,,2.61,2.96,146,60,144,2,Terlambat,0.0019,0.9981
MHS025400,2022,,2.74,3.26,148,61,144,4,Terlambat,0.0238,0.9762
MHS025421,2023,,3.56,2.52,104,45,135,-31,Tepat Waktu,1.0,0.0
MHS025568,2021,,2.56,3.4,146,56,144,2,Terlambat,0.0076,0.9924
MHS025592,2021,,2.56,2.6,146,56,144,2,Terlambat,0.0,1.0
MHS025829,2022,,3.11,3.2,149,61,144,5,Terlambat,0.2015,0.7985
MHS026226,2020,,3.14,2.81,153,71,144,9,Tepat Waktu,0.551,0.449
MHS026368,2021,,2.43,2.54,144,55,144,0,Terlambat,0.0,1.0
MHS026566,2023,,3.55,2.21,100,43,135,-35,Tepat Waktu,1.0,0.0
MHS026634,2024,,3.75,2.52,54,19,95,-41,Tepat Waktu,1.0,0.0
MHS026806,2022,,2.39,2.9,145,59,144,1,Terlambat,0.0001,0.9999
MHS026841,2024,,3.66,2.09,57,24,95,-38,Tepat Waktu,1.0,0.0
MHS026946,2021,,3.24,2.89,157,60,144,13,Terlambat,0.4152,0.5848
MHS027126,2022,,2.37,3.07,145,58,144,1,Terlambat,0.0002,0.9998
MHS028022,2024,,3.69,2.04,62,23,95,-33,Tepat Waktu,1.0,0.0
MHS028053,2022,,0.61,3.33,147,58,144,3,Terlambat,0.0,1.0
MHS024945,2023,,3.51,2.94,105,44,135,-30,Tepat Waktu,1.0,0.0
MHS024956,2019,,2.77,2.77,145,68,144,1,Terlambat,0.0122,0.9878
MHS025412,2020,,2.58,2.71,144,58,144,0,Terlambat,0.0002,0.9998
MHS025497,2022,,3.61,3.52,141,55,144,-3,Tepat Waktu,0.8184,0.1816
MHS025610,2020,,1.82,1.83,150,57,144,6,Terlambat,0.0,1.0
MHS026131,2024,,3.57,2.22,57,22,95,-38,Tepat Waktu,1.0,0.0
MHS026169,2022,,2.61,3.15,148,60,144,4,Terlambat,0.0037,0.9963
MHS026199,2022,,2.53,3.19,145,57,144,1,Terlambat,0.0026,0.9974
MHS026244,2022,,2.52,3.22,145,63,144,1,Terlambat,0.0057,0.9943
MHS026504,2022,,2.4,2.98,144,57,144,0,Terlambat,0.0001,0.9999
MHS026805,2024,,3.7,2.18,58,22,95,-37,Tepat Waktu,1.0,0.0
MHS026879,2022,,2.42,3.01,147,56,144,3,Terlambat,0.0002,0.9998
MHS027315,2022,,2.98,3.09,150,62,144,6,Terlambat,0.1111,0.8889
MHS027392,2022,,2.26,2.95,146,59,144,2,Terlambat,0.0,1.0
MHS027608,2023,,3.76,2.9,105,44,135,-30,Tepat Waktu,1.0,0.0
MHS027754,2022,,1.71,3.07,144,54,144,0,Terlambat,0.0,1.0
MHS027766,2022,,1.64,2.87,144,55,144,0,Terlambat,0.0,1.0
MHS027895,2022,,1.63,3.36,148,60,144,4,Terlambat,0.0,1.0
MHS027928,2022,,3.14,3.31,160,60,144,16,Tepat Waktu,0.9098,0.0902
MHS028012,2022,,3.9,2.64,134,52,144,-10,Terlambat,0.1899,0.8101
MHS028051,2022,,0.95,2.71,144,55,144,0,Terlambat,0.0,1.0
MHS024585,2021,,2.72,3.15,147,61,144,3,Terlambat,0.025,0.975
MHS025284,2024,,3.5,0.64,56,22,95,-39,Tepat Waktu,1.0,0.0
MHS025309,2022,,2.75,3.2,148,59,144,4,Terlambat,0.0231,0.9769
MHS025616,2022,,2.71,2.88,148,60,144,4,Terlambat,0.0021,0.9979
MHS025731,2024,,3.61,2.2,58,22,95,-37,Tepat Waktu,1.0,0.0
MHS025792,2024,,3.52,2.11,56,25,95,-39,Tepat Waktu,1.0,0.0
MHS025906,2021,,2.83,3.35,156,59,144,12,Terlambat,0.3733,0.6267
MHS025978,2024,,3.53,2.28,60,23,95,-35,Tepat Waktu,1.0,0.0
MHS026063,2021,,2.46,3.04,144,55,144,0,Terlambat,0.0008,0.9992
MHS026096,2021,,2.46,3.14,144,55,144,0,Terlambat,0.001,0.999
MHS026254,2024,,3.57,2.0,59,23,95,-36,Tepat Waktu,1.0,0.0
MHS026559,2022,,2.39,2.95,144,57,144,0,Terlambat,0.0001,0.9999
MHS026681,2022,,3.69,2.82,139,55,144,-5,Terlambat,0.1515,0.8485
MHS026856,2022,,3.56,1.83,123,47,144,-21,Terlambat,0.0058,0.9942
MHS027240,2022,,2.29,3.04,146,56,144,2,Terlambat,0.0001,0.9999
MHS027306,2022,,2.32,3.23,145,55,144,1,Terlambat,0.0003,0.9997
MHS027317,2022,,2.32,3.31,145,58,144,1,Terlambat,0.0004,0.9996
MHS027599,2024,,3.73,2.39,56,21,95,-39,Tepat Waktu,1.0,0.0
MHS027601,2022,,2.09,3.34,146,60,144,2,Terlambat,0.0,1.0
MHS027692,2024,,3.64,0.4,35,13,95,-60,Tepat Waktu,1.0,0.0
MHS027694,2023,,3.78,2.47,98,45,135,-37,Tepat Waktu,1.0,0.0
MHS027855,2023,,3.78,2.32,100,47,135,-35,Tepat Waktu,1.0,0.0
MHS024883,2021,,2.7,2.7,145,58,144,1,Terlambat,0.0004,0.9996
MHS025029,2022,,2.78,3.67,145,67,144,1,Terlambat,0.3842,0.6158
MHS025152,2021,,2.59,2.75,144,54,144,0,Terlambat,0.0003,0.9997
MHS025166,2019,,2.17,2.12,152,55,144,8,Terlambat,0.0,1.0
MHS025200,2022,,3.31,3.28,143,58,144,-1,Tepat Waktu,0.5481,0.4519
MHS025460,2021,,2.19,2.19,144,59,144,0,Terlambat,0.0,1.0
MHS025778,2021,,2.55,2.61,146,57,144,2,Terlambat,0.0,1.0
MHS026161,2019,,2.36,2.36,144,60,144,0,Terlambat,0.0,1.0
MHS026233,2022,,3.22,3.35,150,57,144,6,Terlambat,0.3863,0.6137
MHS026247,2024,,3.56,2.02,59,23,95,-36,Tepat Waktu,1.0,0.0
MHS026651,2022,,2.37,3.26,146,55,144,2,Terlambat,0.0006,0.9994
MHS026958,2024,,3.78,2.4,54,19,95,-41,Tepat Waktu,1.0,0.0
MHS026982,2022,,2.41,3.25,147,62,144,3,Terlambat,0.0015,0.9985
MHS027045,2023,,3.75,2.84,103,43,135,-32,Tepat Waktu,1.0,0.0
MHS027302,2023,,3.67,2.78,100,45,135,-35,Tepat Waktu,1.0,0.0
MHS027782,2022,,2.92,2.97,154,62,144,10,Terlambat,0.0731,0.9269
MHS028102,2022,,3.7,2.66,141,53,144,-3,Terlambat,0.0359,0.9641
MHS028152,2022,,0.0,2.75,149,58,144,5,Terlambat,0.0,1.0
MHS028190,2023,,3.96,2.98,108,51,135,-27,Tepat Waktu,1.0,0.0
MHS024726,2023,,3.48,2.14,93,35,135,-42,Tepat Waktu,1.0,0.0
MHS024863,2022,,2.66,2.83,146,58,144,2,Terlambat,0.0007,0.9993
MHS024918,2024,,3.5,2.34,59,23,95,-36,Tepat Waktu,1.0,0.0
MHS025015,2022,,2.62,3.17,146,56,144,2,Terlambat,0.0036,0.9964
MHS025387,2023,,3.53,1.25,74,30,135,-61,Tepat Waktu,1.0,0.0
MHS025781,2024,,3.51,1.51,56,21,95,-39,Tepat Waktu,1.0,0.0
MHS025991,2022,,2.97,2.97,152,59,144,8,Terlambat,0.0439,0.9561
MHS026307,2022,,2.43,2.72,146,51,144,2,Terlambat,0.0,1.0
MHS026370,2022,,2.5,2.91,145,58,144,1,Terlambat,0.0002,0.9998
MHS026467,2019,,1.71,1.72,144,60,144,0,Terlambat,0.0,1.0
MHS026785,2022,,2.44,3.07,147,58,144,3,Terlambat,0.0003,0.9997
MHS027262,2023,,3.68,2.02,97,33,135,-38,Tepat Waktu,1.0,0.0
MHS027405,2022,,2.28,2.77,144,57,144,0,Terlambat,0.0,1.0
MHS027559,2022,,2.26,3.11,148,60,144,4,Terlambat,0.0001,0.9999
MHS027698,2022,,1.71,3.05,146,60,144,2,Terlambat,0.0,1.0
MHS027707,2022,,1.61,3.29,149,56,144,5,Terlambat,0.0,1.0
MHS027787,2024,,3.78,2.45,57,24,95,-38,Tepat Waktu,1.0,0.0
MHS028015,2022,,1.14,3.5,144,58,144,0,Terlambat,0.0,1.0
MHS028173,2022,,0.39,3.3,148,61,144,4,Terlambat,0.0,1.0
MHS024680,2022,,2.67,3.36,146,68,144,2,Terlambat,0.1605,0.8395
MHS024847,2022,,2.63,3.19,144,58,144,0,Terlambat,0.0081,0.9919
MHS024893,2022,,2.65,3.16,146,59,144,2,Terlambat,0.0077,0.9923
MHS025000,2022,,2.62,3.31,146,59,144,2,Terlambat,0.0118,0.9882
MHS025107,2019,,2.56,2.56,144,53,144,0,Terlambat,0.0,1.0
MHS025674,2020,,2.5,3.04,144,60,144,0,Terlambat,0.0011,0.9989
MHS025756,2022,,2.71,3.06,148,56,144,4,Terlambat,0.0043,0.9957
MHS025924,2022,,3.08,1.85,111,46,144,-33,Tepat Waktu,0.9995,0.0005
MHS026842,2024,,3.66,1.75,57,24,95,-38,Tepat Waktu,1.0,0.0
MHS027111,2022,,2.37,3.17,145,58,144,1,Terlambat,0.0004,0.9996
MHS027131,2022,,2.37,2.63,145,55,144,1,Terlambat,0.0,1.0
MHS027195,2024,,3.74,2.42,58,22,95,-37,Tepat Waktu,1.0,0.0
MHS027340,2022,,2.29,3.23,144,56,144,0,Terlambat,0.0002,0.9998
MHS027515,2022,,2.11,3.46,146,59,144,2,Terlambat,0.0,1.0
MHS027913,2024,,3.88,1.83,56,21,95,-39,Tepat Waktu,1.0,0.0
MHS024658,2022,,2.67,2.79,146,56,144,2,Terlambat,0.0005,0.9995
MHS024874,2023,,3.49,2.38,99,42,135,-36,Tepat Waktu,1.0,0.0
MHS024977,2022,,2.64,3.31,146,59,144,2,Terlambat,0.0094,0.9906
MHS025275,2022,,2.68,3.82,145,59,144,1,Terlambat,0.0392,0.9608
MHS025872,2022,,2.56,2.96,145,54,144,1,Terlambat,0.0006,0.9994
MHS025894,2021,,2.52,3.25,146,55,144,2,Terlambat,0.0045,0.9955
MHS026115,2021,,2.45,3.02,144,56,144,0,Terlambat,0.0006,0.9994
MHS026274,2022,,2.56,2.87,147,58,144,3,Terlambat,0.0002,0.9998
MHS026302,2022,,3.44,2.58,142,58,144,-2,Terlambat,0.0051,0.9949
MHS026537,2024,,3.6,2.26,59,23,95,-36,Tepat Waktu,1.0,0.0
MHS026675,2024,,3.62,2.1,56,21,95,-39,Tepat Waktu,1.0,0.0
MHS027678,2024,,3.78,2.01,60,23,95,-35,Tepat Waktu,1.0,0.0
MHS027820,2022,,1.39,3.05,146,60,144,2,Terlambat,0.0,1.0
MHS028148,2023,,3.93,2.22,97,36,135,-38,Tepat Waktu,1.0,0.0
MHS028179,2022,,0.22,3.4,145,58,144,1,Terlambat,0.0,1.0
MHS028183,2022,,4.0,3.14,155,58,144,11,Tepat Waktu,0.6955,0.3045
MHS024938,2022,,2.64,3.0,146,63,144,2,Terlambat,0.0047,0.9953
MHS025314,2021,,2.58,2.99,146,61,144,2,Terlambat,0.0025,0.9975
MHS025409,2021,,1.78,1.79,144,55,144,0,Terlambat,0.0,1.0
MHS025770,2021,,2.55,2.97,146,57,144,2,Terlambat,0.0011,0.9989
MHS026002,2021,,2.61,2.61,147,57,144,3,Terlambat,0.0,1.0
MHS026050,2024,,3.47,2.73,62,29,95,-33,Tepat Waktu,1.0,0.0
MHS026068,2023,,3.65,3.11,106,44,135,-29,Tepat Waktu,1.0,0.0
MHS026300,2023,,3.53,2.86,108,51,135,-27,Tepat Waktu,1.0,0.0
MHS026323,2022,,2.42,3.39,146,56,144,2,Terlambat,0.0017,0.9983
MHS026627,2022,,2.38,3.32,146,55,144,2,Terlambat,0.0009,0.9991
MHS026752,2022,,2.35,2.85,146,55,144,2,Terlambat,0.0,1.0
MHS027068,2023,,3.65,2.91,108,51,135,-27,Tepat Waktu,1.0,0.0
MHS027817,2022,,1.56,2.96,144,54,144,0,Terlambat,0.0,1.0
MHS028049,2022,,1.66,3.27,151,57,144,7,Terlambat,0.0,1.0
MHS028058,2022,,0.44,2.92,147,59,144,3,Terlambat,0.0,1.0
MHS028119,2022,,0.37,3.63,147,60,144,3,Terlambat,0.0,1.0
MHS028172,2022,,0.4,2.95,144,55,144,0,Terlambat,0.0,1.0
MHS024800,2021,,2.78,3.06,145,57,144,1,Terlambat,0.018,0.982
MHS024851,2022,,2.62,3.42,144,58,144,0,Terlambat,0.0182,0.9818
MHS024868,2021,,2.69,2.87,147,60,144,3,Terlambat,0.0023,0.9977
MHS025287,2021,,2.56,2.61,150,61,144,6,Terlambat,0.0,1.0
MHS025626,2020,,2.89,2.9,150,53,144,6,Terlambat,0.0177,0.9823
MHS027142,2022,,2.39,3.45,148,60,144,4,Terlambat,0.0012,0.9988
MHS027324,2022,,2.29,3.27,147,60,144,3,Terlambat,0.0003,0.9997
MHS027507,2022,,2.28,3.15,144,58,144,0,Terlambat,0.0001,0.9999
MHS027619,2022,,1.85,3.3,146,60,144,2,Terlambat,0.0,1.0
MHS028249,2022,,0.33,3.21,153,58,144,9,Terlambat,0.0,1.0
MHS024892,2022,,2.62,3.2,144,58,144,0,Terlambat,0.0051,0.9949
MHS024999,2022,,2.62,2.99,146,59,144,2,Terlambat,0.0013,0.9987
MHS025362,2024,,3.5,1.92,56,23,95,-39,Tepat Waktu,1.0,0.0
MHS026077,2024,,3.56,1.94,56,21,95,-39,Tepat Waktu,1.0,0.0
MHS026117,2021,,2.44,3.11,144,55,144,0,Terlambat,0.001,0.999
MHS026196,2021,,2.44,2.88,144,56,144,0,Terlambat,0.0002,0.9998
MHS026230,2022,,3.02,3.02,152,57,144,8,Terlambat,0.0504,0.9496
MHS026386,2022,,2.5,2.99,145,63,144,1,Terlambat,0.0007,0.9993
MHS026579,2022,,3.55,2.4,134,46,144,-10,Terlambat,0.047,0.953
MHS027288,2022,,2.28,3.0,146,60,144,2,Terlambat,0.0001,0.9999
MHS027453,2022,,3.67,2.92,150,61,144,6,Terlambat,0.179,0.821
MHS027460,2022,,2.31,2.95,145,54,144,1,Terlambat,0.0,1.0
MHS027594,2022,,3.75,3.48,135,54,144,-9,Tepat Waktu,0.9724,0.0276
MHS027859,2022,,1.52,3.06,149,61,144,5,Terlambat,0.0,1.0
MHS028005,2022,,0.92,3.08,147,59,144,3,Terlambat,0.0,1.0
MHS028109,2022,,0.44,3.19,151,57,144,7,Terlambat,0.0,1.0
MHS028149,2024,,3.92,2.33,59,26,95,-36,Tepat Waktu,1.0,0.0
MHS028195,2022,,0.0,2.44,145,60,144,1,Terlambat,0.0,1.0
MHS024588,2019,,2.64,2.64,145,56,144,1,Terlambat,0.0001,0.9999
MHS024590,2023,,3.54,2.7,103,43,135,-32,Tepat Waktu,1.0,0.0
MHS025267,2024,,3.35,1.14,36,14,95,-59,Tepat Waktu,1.0,0.0
MHS025378,2020,,2.57,3.24,146,61,144,2,Terlambat,0.0071,0.9929
MHS025611,2022,,3.73,3.73,141,54,144,-3,Tepat Waktu,0.8955,0.1045
MHS025803,2021,,2.55,3.04,146,55,144,2,Terlambat,0.0012,0.9988
MHS026084,2021,,2.46,3.17,144,55,144,0,Terlambat,0.0018,0.9982
MHS026211,2022,,3.08,3.22,152,64,144,8,Terlambat,0.4997,0.5003
MHS026335,2022,,2.94,2.95,152,64,144,8,Terlambat,0.0475,0.9525
MHS026485,2023,,3.54,3.17,108,51,135,-27,Tepat Waktu,1.0,0.0
MHS026790,2023,,3.61,3.1,108,51,135,-27,Tepat Waktu,1.0,0.0
MHS026796,2023,,3.69,3.09,106,41,135,-29,Tepat Waktu,1.0,0.0
MHS027066,2022,,3.11,3.16,151,61,144,7,Terlambat,0.2819,0.7181
MHS027099,2022,,2.37,2.93,147,58,144,3,Terlambat,0.0001,0.9999
MHS027339,2022,,2.27,3.48,146,59,144,2,Terlambat,0.0004,0.9996
MHS027773,2022,,1.59,3.35,149,57,144,5,Terlambat,0.0,1.0
MHS027886,2022,,3.8,2.76,155,62,144,11,Terlambat,0.2104,0.7896
MHS025026,2024,,3.4,2.58,62,29,95,-33,Tepat Waktu,1.0,0.0
MHS025036,2022,,3.39,2.33,134,53,144,-10,Terlambat,0.0029,0.9971
MHS025071,2022,,2.62,3.19,146,56,144,2,Terlambat,0.004,0.996
MHS025219,2023,,3.42,2.0,100,43,135,-35,Tepat Waktu,1.0,0.0
MHS025368,2020,,2.52,2.52,144,55,144,0,Terlambat,0.0,1.0
MHS025495,2021,,2.57,2.78,144,57,144,0,Terlambat,0.0002,0.9998
MHS025583,2022,,3.75,2.58,130,54,144,-14,Tepat Waktu,0.5164,0.4836
MHS025748,2022,,2.61,2.8,145,55,144,1,Terlambat,0.0003,0.9997
MHS025813,2021,,2.54,2.8,146,60,144,2,Terlambat,0.0002,0.9998
MHS025853,2020,,2.49,2.65,144,56,144,0,Terlambat,0.0,1.0
MHS026129,2021,,2.46,2.48,146,55,144,2,Terlambat,0.0,1.0
MHS026156,2021,,2.39,2.39,144,56,144,0,Terlambat,0.0,1.0
MHS026783,2022,,2.5,2.92,148,62,144,4,Terlambat,0.0005,0.9995
MHS026939,2022,,2.39,3.44,145,59,144,1,Terlambat,0.0017,0.9983
MHS027015,2020,,2.72,2.71,156,58,144,12,Terlambat,0.0028,0.9972
MHS027201,2024,,3.69,2.63,59,23,95,-36,Tepat Waktu,1.0,0.0
MHS027673,2023,,3.89,2.15,97,32,135,-38,Tepat Waktu,1.0,0.0
MHS028127,2024,,3.94,1.38,58,22,95,-37,Tepat Waktu,1.0,0.0
MHS028143,2022,,1.34,3.03,143,58,144,-1,Terlambat,0.0,1.0
MHS024676,2021,,2.78,3.21,148,61,144,4,Terlambat,0.0379,0.9621
MHS024967,2024,,3.58,2.62,58,26,95,-37,Tepat Waktu,1.0,0.0
MHS025172,2021,,2.61,2.77,146,56,144,2,Terlambat,0.0004,0.9996
MHS025310,2022,,3.49,2.35,133,52,144,-11,Terlambat,0.0091,0.9909
MHS025650,2024,,3.5,1.93,56,21,95,-39,Tepat Waktu,1.0,0.0
MHS025662,2022,,2.63,3.07,145,55,144,1,Terlambat,0.0036,0.9964
MHS025750,2022,,3.12,3.31,149,70,144,5,Tepat Waktu,0.9084,0.0916
MHS025809,2021,,2.55,2.95,146,58,144,2,Terlambat,0.001,0.999
MHS025822,2021,,3.14,3.14,153,59,144,9,Terlambat,0.3125,0.6875
MHS025945,2022,,3.11,3.13,150,56,144,6,Terlambat,0.1156,0.8844
MHS025998,2021,,2.61,2.71,147,59,144,3,Terlambat,0.0002,0.9998
MHS026013,2022,,2.54,3.58,145,58,144,1,Terlambat,0.0067,0.9933
MHS026554,2022,,2.39,3.14,146,55,144,2,Terlambat,0.0003,0.9997
MHS026596,2022,,2.5,3.54,147,69,144,3,Terlambat,0.0745,0.9255
MHS026700,2023,,3.59,1.99,94,40,135,-41,Tepat Waktu,1.0,0.0
MHS027467,2024,,3.7,2.39,60,23,95,-35,Tepat Waktu,1.0,0.0
MHS027534,2022,,2.26,3.42,144,58,144,0,Terlambat,0.0003,0.9997
MHS027551,2022,,2.26,3.13,148,61,144,4,Terlambat,0.0001,0.9999
MHS027646,2022,,3.7,3.66,141,54,144,-3,Tepat Waktu,0.8508,0.1492
MHS027929,2023,,3.94,2.91,103,42,135,-32,Tepat Waktu,1.0,0.0
MHS024610,2022,,2.69,2.89,144,58,144,0,Terlambat,0.0012,0.9988
MHS024675,2019,,2.11,2.12,147,60,144,3,Terlambat,0.0,1.0
MHS024750,2022,,2.68,2.99,144,51,144,0,Terlambat,0.0054,0.9946
MHS024764,2022,,2.67,3.1,146,55,144,2,Terlambat,0.0059,0.9941
MHS024812,2020,,2.4,2.4,149,61,144,5,Terlambat,0.0,1.0
MHS024911,2022,,2.65,2.86,146,61,144,2,Terlambat,0.0012,0.9988
MHS026206,2021,,2.44,2.72,144,58,144,0,Terlambat,0.0,1.0
MHS026235,2019,,2.7,2.68,156,60,144,12,Terlambat,0.0011,0.9989
MHS026292,2024,,3.66,2.21,58,22,95,-37,Tepat Waktu,1.0,0.0
MHS026447,2023,,3.61,2.11,99,40,135,-36,Tepat Waktu,1.0,0.0
MHS026748,2022,,2.4,3.2,145,56,144,1,Terlambat,0.0007,0.9993
MHS026749,2022,,2.38,3.17,144,57,144,0,Terlambat,0.0003,0.9997
MHS026944,2022,,2.44,3.43,148,60,144,4,Terlambat,0.002,0.998
MHS026960,2022,,2.41,2.73,147,58,144,3,Terlambat,0.0,1.0
MHS027246,2023,,3.77,2.27,95,35,135,-40,Tepat Waktu,1.0,0.0
MHS027481,2023,,3.75,2.62,99,38,135,-36,Tepat Waktu,1.0,0.0
MHS027592,2022,,2.29,3.2,145,56,144,1,Terlambat,0.0002,0.9998
MHS027746,2022,,1.61,2.84,146,60,144,2,Terlambat,0.0,1.0
MHS027792,2022,,1.61,3.07,144,55,144,0,Terlambat,0.0,1.0
MHS028233,2022,,0.0,3.05,144,55,144,0,Terlambat,0.0,1.0
MHS024907,2022,,2.65,3.28,146,60,144,2,Terlambat,0.0154,0.9846
MHS024933,2021,,2.44,2.44,149,58,144,5,Terlambat,0.0,1.0
MHS024966,2022,,3.56,2.37,137,53,144,-7,Terlambat,0.002,0.998
MHS025246,2021,,2.61,2.84,146,57,144,2,Terlambat,0.0004,0.9996
MHS025681,2020,,2.5,2.56,144,68,144,0,Terlambat,0.0001,0.9999
MHS025915,2021,,2.63,2.65,147,57,144,3,Terlambat,0.0001,0.9999
MHS026127,2020,,3.14,2.54,153,60,144,9,Terlambat,0.0038,0.9962
MHS026652,2022,,2.5,2.92,147,56,144,3,Terlambat,0.0003,0.9997
MHS026983,2024,,3.71,1.76,57,22,95,-38,Tepat Waktu,1.0,0.0
MHS027221,2022,,3.42,1.78,115,47,144,-29,Tepat Waktu,0.923,0.077
MHS027346,2022,,2.29,3.25,147,55,144,3,Terlambat,0.0001,0.9999
MHS027461,2022,,2.19,3.29,146,59,144,2,Terlambat,0.0001,0.9999
MHS027567,2023,,3.7,2.97,108,51,135,-27,Tepat Waktu,1.0,0.0
MHS027677,2020,,2.8,2.81,156,62,144,12,Terlambat,0.0235,0.9765
MHS027699,2022,,2.22,2.97,144,55,144,0,Terlambat,0.0,1.0
MHS027869,2022,,1.32,3.28,146,51,144,2,Terlambat,0.0,1.0
MHS028118,2022,,3.8,2.25,135,49,144,-9,Terlambat,0.0025,0.9975
MHS024781,2021,,2.78,2.99,145,58,144,1,Terlambat,0.0076,0.9924
MHS025019,2020,,2.89,2.89,150,69,144,6,Terlambat,0.1655,0.8345
MHS025938,2023,,3.61,2.46,102,44,135,-33,Tepat Waktu,1.0,0.0
MHS026364,2022,,2.55,3.06,147,69,144,3,Terlambat,0.0191,0.9809
MHS026890,2023,,3.67,2.52,96,37,135,-39,Tepat Waktu,1.0,0.0
MHS026926,2022,,3.01,3.05,151,62,144,7,Terlambat,0.1178,0.8822
MHS026931,2022,,2.34,3.79,144,54,144,0,Terlambat,0.0012,0.9988
MHS027040,2022,,2.43,3.24,148,60,144,4,Terlambat,0.0014,0.9986
MHS027109,2022,,2.33,3.17,144,58,144,0,Terlambat,0.0002,0.9998
MHS027510,2022,,2.27,3.35,144,58,144,0,Terlambat,0.0003,0.9997
MHS027995,2022,,1.06,3.1,145,58,144,1,Terlambat,0.0,1.0
MHS028103,2022,,0.5,3.19,145,68,144,1,Terlambat,0.0,1.0
MHS028163,2022,,0.0,3.2,146,59,144,2,Terlambat,0.0,1.0
MHS024866,2022,,2.65,2.98,146,59,144,2,Terlambat,0.0016,0.9984
MHS024930,2024,,3.5,2.42,59,23,95,-36,Tepat Waktu,1.0,0.0
MHS025173,2022,,2.72,3.18,145,54,144,1,Terlambat,0.0107,0.9893
MHS025377,2023,,3.61,2.85,106,44,135,-29,Tepat Waktu,1.0,0.0
MHS025529,2021,,3.03,2.93,155,63,144,11,Terlambat,0.1568,0.8432
MHS025632,2021,,2.52,2.52,147,56,144,3,Terlambat,0.0,1.0
MHS025994,2024,,3.55,2.49,60,23,95,-35,Tepat Waktu,1.0,0.0
MHS026043,2021,,2.5,2.91,146,51,144,2,Terlambat,0.0004,0.9996
MHS026818,2022,,2.36,2.85,144,54,144,0,Terlambat,0.0,1.0
MHS027325,2022,,2.32,3.47,145,58,144,1,Terlambat,0.0007,0.9993
MHS027705,2022,,2.22,2.86,144,51,144,0,Terlambat,0.0,1.0
MHS027947,2022,,2.74,3.31,156,59,144,12,Terlambat,0.1439,0.8561
MHS028074,2022,,2.89,3.44,154,57,144,10,Terlambat,0.2092,0.7908
MHS024701,2021,,2.27,2.27,145,53,144,1,Terlambat,0.0,1.0
MHS024896,2021,,2.68,2.89,147,58,144,3,Terlambat,0.0014,0.9986
MHS025408,2021,,2.27,2.27,149,62,144,5,Terlambat,0.0,1.0
MHS025566,2023,,3.61,2.59,103,43,135,-32,Tepat Waktu,1.0,0.0
MHS026343,2022,,2.51,3.29,148,56,144,4,Terlambat,0.0032,0.9968
MHS026371,2022,,2.5,3.26,145,57,144,1,Terlambat,0.0018,0.9982
MHS026588,2024,,3.6,1.97,59,23,95,-36,Tepat Waktu,1.0,0.0
MHS027031,2022,,2.31,3.21,146,58,144,2,Terlambat,0.0002,0.9998
MHS027162,2022,,2.3,2.47,146,55,144,2,Terlambat,0.0,1.0
MHS027383,2023,,3.83,3.14,103,43,135,-32,Tepat Waktu,1.0,0.0
MHS027486,2022,,2.28,2.8,144,54,144,0,Terlambat,0.0,1.0
MHS027543,2022,,2.11,3.2,146,59,144,2,Terlambat,0.0,1.0
MHS027570,2024,,3.64,2.43,62,23,95,-33,Tepat Waktu,1.0,0.0
MHS027701,2022,,2.27,3.36,145,59,144,1,Terlambat,0.0003,0.9997
MHS027799,2022,,1.78,2.98,145,51,144,1,Terlambat,0.0,1.0
MHS027969,2022,,1.76,2.95,151,62,144,7,Terlambat,0.0,1.0
MHS028006,2022,,0.78,2.53,146,57,144,2,Terlambat,0.0,1.0
MHS028122,2023,,0.17,2.63,103,49,135,-32,Terlambat,0.0,1.0
MHS024989,2020,,2.68,3.13,147,56,144,3,Terlambat,0.0077,0.9923
MHS025183,2020,,2.48,2.48,146,51,144,2,Terlambat,0.0,1.0
MHS025538,2021,,2.52,2.55,144,55,144,0,Terlambat,0.0,1.0
MHS025685,2022,,2.71,2.92,148,60,144,4,Terlambat,0.0019,0.9981
MHS025908,2021,,2.86,2.77,151,62,144,7,Terlambat,0.0046,0.9954
MHS025972,2022,,2.54,3.33,145,58,144,1,Terlambat,0.0037,0.9963
MHS026114,2022,,2.32,1.75,41,15,144,-103,Tepat Waktu,1.0,0.0
MHS026184,2021,,2.44,2.81,146,55,144,2,Terlambat,0.0001,0.9999
MHS026217,2024,,3.58,2.34,60,25,95,-35,Tepat Waktu,1.0,0.0
MHS026461,2020,,3.14,3.05,153,63,144,9,Terlambat,0.4394,0.5606
MHS026854,2024,,3.7,2.41,58,22,95,-37,Tepat Waktu,1.0,0.0
MHS027017,2022,,2.31,2.83,146,61,144,2,Terlambat,0.0,1.0
MHS027296,2022,,2.33,3.16,148,60,144,4,Terlambat,0.0002,0.9998
MHS028086,2023,,3.88,2.58,106,50,135,-29,Tepat Waktu,1.0,0.0
MHS024584,2019,,2.35,2.09,150,62,144,6,Terlambat,0.0,1.0
MHS024624,2019,,2.25,2.16,145,55,144,1,Terlambat,0.0,1.0
MHS024762,2023,,3.58,2.88,101,39,135,-34,Tepat Waktu,1.0,0.0
MHS025052,2024,,3.5,2.42,59,23,95,-36,Tepat Waktu,1.0,0.0
MHS025060,2022,,2.77,3.17,145,67,144,1,Terlambat,0.1266,0.8734
MHS025351,2024,,3.5,1.77,56,23,95,-39,Tepat Waktu,1.0,0.0
MHS025457,2023,,3.61,2.71,103,49,135,-32,Tepat Waktu,1.0,0.0
MHS025494,2024,,3.35,2.08,36,14,95,-59,Tepat Waktu,1.0,0.0
MHS025749,2020,,2.28,2.21,147,59,144,3,Terlambat,0.0,1.0
MHS025836,2022,,3.13,3.49,152,65,144,8,Tepat Waktu,0.7402,0.2598
MHS025888,2024,,3.63,2.26,58,26,95,-37,Tepat Waktu,1.0,0.0
MHS025977,2021,,2.48,2.92,144,56,144,0,Terlambat,0.0004,0.9996
MHS026640,2022,,2.5,3.19,147,55,144,3,Terlambat,0.0012,0.9988
MHS026654,2023,,3.53,2.0,92,40,135,-43,Tepat Waktu,1.0,0.0
MHS026684,2024,,3.61,2.32,60,25,95,-35,Tepat Waktu,1.0,0.0
MHS026907,2022,,2.32,2.96,146,59,144,2,Terlambat,0.0,1.0
MHS027062,2022,,2.38,3.44,147,60,144,3,Terlambat,0.0015,0.9985
MHS027214,2022,,2.31,2.77,144,62,144,0,Terlambat,0.0,1.0
MHS027272,2022,,2.28,2.48,146,54,144,2,Terlambat,0.0,1.0
MHS027604,2022,,1.97,3.27,148,60,144,4,Terlambat,0.0,1.0
MHS027815,2022,,1.58,2.97,144,55,144,0,Terlambat,0.0,1.0
MHS027881,2023,,3.92,2.46,97,44,135,-38,Tepat Waktu,1.0,0.0
MHS028014,2022,,0.83,2.73,147,58,144,3,Terlambat,0.0,1.0
MHS024697,2022,,2.68,2.72,144,55,144,0,Terlambat,0.0002,0.9998
MHS024770,2024,,3.46,2.14,60,23,95,-35,Tepat Waktu,1.0,0.0
MHS024894,2022,,3.59,3.58,141,54,144,-3,Tepat Waktu,0.835,0.165
MHS025441,2022,,2.67,2.98,145,68,144,1,Terlambat,0.025,0.975
MHS025451,2021,,2.06,2.04,146,56,144,2,Terlambat,0.0,1.0
MHS025567,2021,,2.67,3.12,147,55,144,3,Terlambat,0.0096,0.9904
MHS025738,2024,,3.54,1.92,59,23,95,-36,Tepat Waktu,1.0,0.0
MHS025790,2024,,3.5,2.43,60,23,95,-35,Tepat Waktu,1.0,0.0
MHS026687,2022,,3.84,2.36,132,54,144,-12,Terlambat,0.0172,0.9828
MHS027100,2022,,3.11,3.11,150,63,144,6,Terlambat,0.1967,0.8033
MHS027208,2022,,2.33,3.63,145,58,144,1,Terlambat,0.001,0.999
MHS027280,2022,,2.28,2.79,146,54,144,2,Terlambat,0.0,1.0
MHS027434,2022,,2.28,2.43,144,53,144,0,Terlambat,0.0,1.0
MHS027483,2022,,3.67,3.29,150,62,144,6,Tepat Waktu,0.7916,0.2084
MHS027544,2023,,3.79,2.48,94,36,135,-41,Tepat Waktu,1.0,0.0
MHS027640,2022,,1.77,3.18,146,60,144,2,Terlambat,0.0,1.0
MHS027670,2022,,3.9,3.03,150,61,144,6,Terlambat,0.3986,0.6014
MHS027679,2022,,2.23,3.19,144,55,144,0,Terlambat,0.0001,0.9999
MHS027696,2022,,2.23,3.02,144,55,144,0,Terlambat,0.0,1.0
MHS027715,2022,,2.27,3.5,145,55,144,1,Terlambat,0.0004,0.9996
MHS027779,2023,,3.9,2.95,107,45,135,-28,Tepat Waktu,1.0,0.0
MHS027870,2024,,3.83,2.44,59,23,95,-36,Tepat Waktu,1.0,0.0
MHS028003,2022,,0.86,3.41,146,51,144,2,Terlambat,0.0,1.0
MHS025188,2020,,2.25,2.24,144,57,144,0,Terlambat,0.0,1.0
MHS025386,2024,,3.5,2.12,57,22,95,-38,Tepat Waktu,1.0,0.0
MHS025637,2021,,2.36,2.36,147,56,144,3,Terlambat,0.0,1.0
MHS026102,2022,,2.64,3.28,148,57,144,4,Terlambat,0.0075,0.9925
MHS026216,2020,,2.44,2.71,146,59,144,2,Terlambat,0.0,1.0
MHS026275,2022,,3.7,2.21,133,56,144,-11,Terlambat,0.0011,0.9989
MHS026526,2024,,3.61,1.99,57,22,95,-38,Tepat Waktu,1.0,0.0
MHS026611,2023,,3.7,2.9,103,43,135,-32,Tepat Waktu,1.0,0.0
MHS026672,2023,,3.72,2.96,103,43,135,-32,Tepat Waktu,1.0,0.0
MHS026705,2022,,2.36,2.92,146,55,144,2,Terlambat,0.0001,0.9999
MHS026869,2024,,3.67,2.01,57,24,95,-38,Tepat Waktu,1.0,0.0
MHS027027,2022,,2.37,2.98,145,60,144,1,Terlambat,0.0001,0.9999
MHS027433,2022,,2.26,3.05,146,60,144,2,Terlambat,0.0,1.0
MHS027539,2022,,2.11,2.99,146,59,144,2,Terlambat,0.0,1.0
MHS027613,2022,,1.94,3.05,146,60,144,2,Terlambat,0.0,1.0
MHS027711,2022,,1.69,3.48,146,56,144,2,Terlambat,0.0,1.0
MHS027764,2022,,1.66,2.76,144,58,144,0,Terlambat,0.0,1.0
MHS027993,2023,,3.94,1.29,92,35,135,-43,Tepat Waktu,1.0,0.0
MHS028013,2024,,3.83,1.89,57,23,95,-38,Tepat Waktu,1.0,0.0
MHS024614,2023,,3.55,2.57,104,45,135,-31,Tepat Waktu,1.0,0.0
MHS024667,2021,,2.45,2.39,150,60,144,6,Terlambat,0.0,1.0
MHS025092,2020,,2.57,2.57,146,57,144,2,Terlambat,0.0,1.0
MHS025344,2022,,2.67,2.82,145,57,144,1,Terlambat,0.0007,0.9993
MHS025365,2021,,2.08,2.08,146,61,144,2,Terlambat,0.0,1.0
MHS025498,2021,,2.57,2.78,144,57,144,0,Terlambat,0.0002,0.9998
MHS025727,2021,,2.64,3.23,147,55,144,3,Terlambat,0.0131,0.9869
MHS026189,2022,,2.53,2.85,145,57,144,1,Terlambat,0.0002,0.9998
MHS026195,2024,,3.58,2.04,60,25,95,-35,Tepat Waktu,1.0,0.0
MHS026260,2024,,3.58,2.41,57,22,95,-38,Tepat Waktu,1.0,0.0
MHS026425,2019,,2.4,2.66,144,54,144,0,Terlambat,0.0,1.0
MHS026740,2024,,3.53,2.69,62,29,95,-33,Tepat Waktu,1.0,0.0
MHS027128,2022,,2.91,2.9,151,61,144,7,Terlambat,0.0184,0.9816
MHS027140,2022,,2.36,3.22,145,59,144,1,Terlambat,0.0005,0.9995
MHS027356,2022,,2.27,3.14,146,59,144,2,Terlambat,0.0001,0.9999
MHS027633,2022,,1.78,3.06,149,55,144,5,Terlambat,0.0,1.0
MHS027710,2023,,3.86,2.78,103,49,135,-32,Tepat Waktu,1.0,0.0
MHS027864,2024,,3.83,2.22,59,23,95,-36,Tepat Waktu,1.0,0.0
MHS027874,2024,,3.8,2.07,60,23,95,-35,Tepat Waktu,1.0,0.0
MHS027900,2022,,1.77,3.48,151,62,144,7,Terlambat,0.0,1.0
MHS028146,2022,,0.22,2.97,146,55,144,2,Terlambat,0.0,1.0
MHS024664,2023,,3.51,2.5,105,44,135,-30,Tepat Waktu,1.0,0.0
MHS024834,2022,,2.63,3.27,144,58,144,0,Terlambat,0.0078,0.9922
MHS024838,2021,,2.7,2.97,147,58,144,3,Terlambat,0.0047,0.9953
MHS025130,2023,,3.49,2.51,102,44,135,-33,Tepat Waktu,1.0,0.0
MHS025340,2019,,2.58,2.76,144,54,144,0,Terlambat,0.0002,0.9998
MHS025892,2022,,2.69,3.24,148,59,144,4,Terlambat,0.0168,0.9832
MHS025899,2021,,3.06,2.59,155,61,144,11,Terlambat,0.0082,0.9918
MHS025990,2021,,2.47,3.28,144,56,144,0,Terlambat,0.0022,0.9978
MHS026319,2022,,2.42,2.88,146,58,144,2,Terlambat,0.0001,0.9999
MHS026521,2022,,2.52,3.32,147,69,144,3,Terlambat,0.0526,0.9474
MHS026540,2022,,2.48,3.04,145,59,144,1,Terlambat,0.0007,0.9993
MHS026564,2023,,3.69,3.02,103,43,135,-32,Tepat Waktu,1.0,0.0
MHS026580,2024,,3.6,2.73,59,23,95,-36,Tepat Waktu,1.0,0.0
MHS026809,2022,,2.43,3.26,147,56,144,3,Terlambat,0.0012,0.9988
MHS027133,2022,,2.36,3.22,145,58,144,1,Terlambat,0.0005,0.9995
MHS027270,2022,,2.33,3.02,145,58,144,1,Terlambat,0.0001,0.9999
MHS027300,2022,,2.32,3.12,149,57,144,5,Terlambat,0.0002,0.9998
MHS027373,2022,,2.32,3.25,145,58,144,1,Terlambat,0.0003,0.9997
MHS027380,2022,,2.28,3.05,144,58,144,0,Terlambat,0.0,1.0
MHS027786,2024,,3.93,2.35,61,25,95,-34,Tepat Waktu,1.0,0.0
MHS027894,2024,,3.83,2.16,58,22,95,-37,Tepat Waktu,1.0,0.0
MHS028100,2024,,3.92,2.79,59,23,95,-36,Tepat Waktu,1.0,0.0
MHS024622,2023,,3.53,2.99,106,41,135,-29,Tepat Waktu,1.0,0.0
MHS024877,2023,,3.39,2.11,100,38,135,-35,Tepat Waktu,1.0,0.0
MHS024923,2023,,1.78,2.67,107,43,135,-28,Tepat Waktu,0.9972,0.0027
MHS025263,2024,,3.5,0.87,56,21,95,-39,Tepat Waktu,1.0,0.0
MHS025276,2020,,2.75,3.03,148,58,144,4,Terlambat,0.0081,0.9919
MHS025393,2020,,2.58,2.95,144,54,144,0,Terlambat,0.0011,0.9989
MHS025515,2021,,2.67,3.09,147,61,144,3,Terlambat,0.0113,0.9887
MHS025714,2021,,2.59,2.59,147,56,144,3,Terlambat,0.0,1.0
MHS025897,2024,,3.55,2.19,57,22,95,-38,Tepat Waktu,1.0,0.0
MHS026279,2023,,2.98,1.18,49,19,135,-86,Tepat Waktu,1.0,0.0
MHS026996,2024,,3.67,2.37,59,23,95,-36,Tepat Waktu,1.0,0.0
MHS027016,2022,,2.39,3.28,147,60,144,3,Terlambat,0.0007,0.9993
MHS027083,2022,,2.54,2.99,149,58,144,5,Terlambat,0.0006,0.9994
MHS027232,2022,,2.33,2.89,145,56,144,1,Terlambat,0.0,1.0
MHS027492,2023,,3.76,2.24,99,33,135,-36,Tepat Waktu,1.0,0.0
MHS027513,2022,,2.26,3.24,148,61,144,4,Terlambat,0.0001,0.9999
MHS027554,2022,,2.11,3.08,146,60,144,2,Terlambat,0.0,1.0
MHS027727,2022,,1.68,3.45,146,60,144,2,Terlambat,0.0,1.0
MHS027824,2022,,1.74,3.2,148,61,144,4,Terlambat,0.0,1.0
MHS028032,2022,,1.3,3.06,148,61,144,4,Terlambat,0.0,1.0
MHS028076,2022,,0.0,3.21,158,59,144,14,Terlambat,0.0,1.0
MHS028106,2022,,0.47,3.37,151,58,144,7,Terlambat,0.0,1.0
MHS024882,2023,,3.47,2.88,108,47,135,-27,Tepat Waktu,1.0,0.0
MHS025548,2021,,2.42,2.42,146,61,144,2,Terlambat,0.0,1.0
MHS025744,2022,,2.61,2.9,145,55,144,1,Terlambat,0.0008,0.9992
MHS025996,2022,,2.66,3.25,148,56,144,4,Terlambat,0.0078,0.9922
MHS026001,2021,,2.47,2.63,144,58,144,0,Terlambat,0.0,1.0
MHS026011,2023,,3.55,2.29,96,43,135,-39,Tepat Waktu,1.0,0.0
MHS026352,2022,,3.81,3.35,149,55,144,5,Tepat Waktu,0.7146,0.2854
MHS026737,2022,,2.36,2.86,146,55,144,2,Terlambat,0.0,1.0
MHS026853,2022,,2.39,3.07,145,59,144,1,Terlambat,0.0002,0.9998
MHS026870,2022,,2.47,3.35,148,60,144,4,Terlambat,0.0033,0.9967
MHS027042,2022,,2.31,2.64,146,58,144,2,Terlambat,0.0,1.0
MHS027518,2022,,2.26,3.09,144,58,144,0,Terlambat,0.0001,0.9999
MHS027654,2022,,1.61,2.99,149,55,144,5,Terlambat,0.0,1.0
MHS027686,2022,,1.74,3.24,146,59,144,2,Terlambat,0.0,1.0
MHS027723,2022,,1.89,3.38,145,59,144,1,Terlambat,0.0,1.0
MHS027741,2022,,1.77,3.37,144,58,144,0,Terlambat,0.0,1.0
MHS028092,2022,,0.44,2.96,150,60,144,6,Terlambat,0.0,1.0
MHS028139,2022,,0.32,3.28,146,60,144,2,Terlambat,0.0,1.0
MHS028140,2022,,0.11,3.23,147,60,144,3,Terlambat,0.0,1.0
MHS025775,2021,,2.47,2.47,144,55,144,0,Terlambat,0.0,1.0
MHS025932,2022,,2.66,2.81,148,64,144,4,Terlambat,0.001,0.999
MHS026773,2022,,2.89,2.86,150,63,144,6,Terlambat,0.0145,0.9855
MHS027171,2022,,2.99,3.18,152,63,144,8,Terlambat,0.1981,0.8019
MHS027265,2024,,3.7,2.43,59,23,95,-36,Tepat Waktu,1.0,0.0
MHS027634,2022,,1.82,2.77,146,59,144,2,Terlambat,0.0,1.0
MHS027919,2022,,1.39,3.56,145,59,144,1,Terlambat,0.0,1.0
MHS024594,2021,,2.72,2.73,148,56,144,4,Terlambat,0.0007,0.9993
MHS024981,2023,,3.53,1.77,94,35,135,-41,Tepat Waktu,1.0,0.0
MHS025082,2021,,2.61,3.23,146,56,144,2,Terlambat,0.0065,0.9935
MHS025094,2019,,2.53,2.5,149,61,144,5,Terlambat,0.0,1.0
MHS025110,2023,,3.55,2.84,103,43,135,-32,Tepat Waktu,1.0,0.0
MHS025220,2022,,2.7,2.96,145,55,144,1,Terlambat,0.002,0.998
MHS025356,2021,,2.51,2.51,146,56,144,2,Terlambat,0.0,1.0
MHS025406,2020,,2.63,2.63,147,56,144,3,Terlambat,0.0001,0.9999
MHS025496,2021,,1.5,1.52,146,56,144,2,Terlambat,0.0,1.0
MHS025569,2023,,3.53,2.28,96,41,135,-39,Tepat Waktu,1.0,0.0
MHS025633,2021,,2.86,2.73,151,69,144,7,Terlambat,0.0372,0.9628
MHS025639,2021,,2.56,2.79,146,52,144,2,Terlambat,0.0003,0.9997
MHS025912,2024,,3.55,2.22,57,22,95,-38,Tepat Waktu,1.0,0.0
MHS026051,2021,,2.65,2.28,158,60,144,14,Terlambat,0.0,1.0
MHS026054,2019,,2.6,3.1,147,61,144,3,Terlambat,0.0034,0.9966
MHS026253,2023,,3.69,2.86,107,37,135,-28,Tepat Waktu,1.0,0.0
MHS026397,2022,,2.67,3.05,149,56,144,5,Terlambat,0.003,0.997
MHS026475,2022,,2.4,2.71,146,54,144,2,Terlambat,0.0,1.0
MHS026682,2022,,2.36,2.98,146,55,144,2,Terlambat,0.0001,0.9999
MHS026955,2024,,3.37,2.5,36,14,95,-59,Tepat Waktu,1.0,0.0
MHS027002,2022,,2.97,3.05,154,65,144,10,Terlambat,0.2843,0.7157
MHS027225,2022,,2.29,3.21,146,61,144,2,Terlambat,0.0003,0.9997
MHS027260,2022,,2.3,2.72,144,57,144,0,Terlambat,0.0,1.0
MHS027632,2024,,3.8,2.06,58,22,95,-37,Tepat Waktu,1.0,0.0
MHS027744,2022,,1.83,3.37,145,59,144,1,Terlambat,0.0,1.0
MHS027863,2023,,3.85,2.46,100,37,135,-35,Tepat Waktu,1.0,0.0
MHS028001,2022,,1.35,2.8,148,60,144,4,Terlambat,0.0,1.0
MHS028262,2023,,3.9,1.2,94,35,135,-41,Tepat Waktu,1.0,0.0
MHS024714,2022,,3.57,3.27,140,54,144,-4,Tepat Waktu,0.7318,0.2682
MHS024729,2024,,3.44,2.25,56,21,95,-39,Tepat Waktu,1.0,0.0
MHS024761,2020,,2.45,1.89,160,67,144,16,Terlambat,0.0,1.0
MHS024965,2021,,2.86,2.96,149,59,144,5,Terlambat,0.0124,0.9876
MHS025182,2021,,1.97,1.89,149,57,144,5,Terlambat,0.0,1.0
MHS025326,2022,,3.41,2.45,134,50,144,-10,Terlambat,0.0244,0.9756
MHS025846,2021,,3.03,3.02,151,57,144,7,Terlambat,0.0649,0.9351
MHS026028,2023,,3.64,3.01,105,44,135,-30,Tepat Waktu,1.0,0.0
MHS026192,2022,,3.48,2.16,125,46,144,-19,Terlambat,0.4139,0.5861
MHS026208,2024,,3.56,2.15,59,23,95,-36,Tepat Waktu,1.0,0.0
MHS026357,2022,,2.55,2.92,147,58,144,3,Terlambat,0.0003,0.9997
MHS026389,2023,,3.61,3.04,104,40,135,-31,Tepat Waktu,1.0,0.0
MHS026407,2024,,3.5,2.72,62,29,95,-33,Tepat Waktu,1.0,0.0
MHS026528,2023,,3.6,2.07,97,39,135,-38,Tepat Waktu,1.0,0.0
MHS026670,2022,,3.01,3.36,154,65,144,10,Tepat Waktu,0.6175,0.3825
MHS026761,2023,,3.64,2.17,99,40,135,-36,Tepat Waktu,1.0,0.0
MHS026872,2022,,2.39,2.97,145,60,144,1,Terlambat,0.0002,0.9998
MHS027078,2022,,2.33,2.79,144,54,144,0,Terlambat,0.0,1.0
MHS027180,2024,,3.33,2.21,52,18,95,-43,Tepat Waktu,1.0,0.0
MHS027198,2022,,2.29,3.4,146,58,144,2,Terlambat,0.0004,0.9996
MHS027480,2024,,3.71,2.2,60,23,95,-35,Tepat Waktu,1.0,0.0
MHS027536,2023,,3.79,2.5,94,36,135,-41,Tepat Waktu,1.0,0.0
MHS024751,2024,,3.46,2.36,57,22,95,-38,Tepat Waktu,1.0,0.0
MHS024963,2023,,3.52,2.89,105,44,135,-30,Tepat Waktu,1.0,0.0
MHS025358,2022,,3.59,2.76,140,49,144,-4,Terlambat,0.1381,0.8619
MHS025411,2022,,2.67,3.01,145,57,144,1,Terlambat,0.0022,0.9978
MHS025572,2021,,2.52,3.27,144,54,144,0,Terlambat,0.0059,0.9941
MHS025652,2022,,3.4,2.83,142,57,144,-2,Terlambat,0.0566,0.9434
MHS026325,2024,,3.59,2.27,56,21,95,-39,Tepat Waktu,1.0,0.0
MHS026415,2024,,3.59,2.2,59,23,95,-36,Tepat Waktu,1.0,0.0
MHS026445,2024,,3.6,2.22,57,22,95,-38,Tepat Waktu,1.0,0.0
MHS026736,2022,,3.92,3.27,149,65,144,5,Tepat Waktu,0.7807,0.2193
MHS026826,2022,,2.34,3.22,146,56,144,2,Terlambat,0.0002,0.9998
MHS026857,2024,,3.67,2.52,59,23,95,-36,Tepat Waktu,1.0,0.0
MHS027387,2022,,2.26,3.0,146,59,144,2,Terlambat,0.0,1.0
MHS027406,2022,,2.28,3.1,144,59,144,0,Terlambat,0.0001,0.9999
MHS027621,2022,,2.28,3.76,145,56,144,1,Terlambat,0.0005,0.9995
MHS027822,2022,,1.35,3.24,147,57,144,3,Terlambat,0.0,1.0
MHS027887,2023,,3.71,2.14,92,35,135,-43,Tepat Waktu,1.0,0.0
MHS027942,2022,,3.97,3.04,143,49,144,-1,Tepat Waktu,0.5237,0.4763
MHS024640,2024,,3.45,2.31,57,22,95,-38,Tepat Waktu,1.0,0.0
MHS024749,2021,,2.79,2.91,145,57,144,1,Terlambat,0.0043,0.9957
MHS025516,2021,,2.56,3.35,146,55,144,2,Terlambat,0.01,0.99
MHS025600,2021,,2.56,2.92,146,61,144,2,Terlambat,0.0008,0.9992
MHS025696,2022,,2.71,3.57,148,56,144,4,Terlambat,0.03,0.97
MHS025704,2022,,3.5,2.04,123,51,144,-21,Terlambat,0.0952,0.9048
MHS026023,2023,,3.58,2.13,97,39,135,-38,Tepat Waktu,1.0,0.0
MHS026739,2023,,3.72,2.61,103,43,135,-32,Tepat Waktu,1.0,0.0
MHS026932,2022,,3.53,2.52,142,58,144,-2,Terlambat,0.0045,0.9955
MHS027080,2022,,3.17,2.68,153,61,144,9,Terlambat,0.0104,0.9896
MHS027255,2023,,3.7,2.6,104,45,135,-31,Tepat Waktu,1.0,0.0
MHS027342,2022,,3.6,3.34,153,57,144,9,Tepat Waktu,0.7405,0.2595
MHS027358,2023,,3.68,2.74,97,37,135,-38,Tepat Waktu,1.0,0.0
MHS027379,2022,,2.26,3.2,146,59,144,2,Terlambat,0.0001,0.9999
MHS027671,2022,,3.83,2.92,142,58,144,-2,Terlambat,0.1664,0.8336
MHS027907,2022,,1.4,3.63,144,56,144,0,Terlambat,0.0,1.0
MHS027945,2024,,3.94,1.97,56,21,95,-39,Tepat Waktu,1.0,0.0
MHS027990,2022,,1.42,3.48,148,60,144,4,Terlambat,0.0,1.0
MHS028144,2022,,0.76,2.98,148,60,144,4,Terlambat,0.0,1.0
MHS024747,2023,,3.58,2.46,101,39,135,-34,Tepat Waktu,1.0,0.0
MHS024903,2022,,2.65,3.07,146,51,144,2,Terlambat,0.0061,0.9939
MHS025045,2022,,2.62,3.46,146,51,144,2,Terlambat,0.0168,0.9832
MHS025123,2023,,3.58,3.01,106,44,135,-29,Tepat Waktu,1.0,0.0
MHS025363,2019,,2.58,2.83,144,57,144,0,Terlambat,0.0003,0.9997
MHS025404,2023,,3.6,2.88,103,43,135,-32,Tepat Waktu,1.0,0.0
MHS025511,2021,,2.17,2.17,149,55,144,5,Terlambat,0.0,1.0
MHS025624,2021,,2.5,2.5,146,68,144,2,Terlambat,0.0,1.0
MHS025769,2024,,3.52,2.05,55,21,95,-40,Tepat Waktu,1.0,0.0
MHS025825,2023,,3.66,2.5,101,41,135,-34,Tepat Waktu,1.0,0.0
MHS026087,2024,,3.57,2.08,56,21,95,-39,Tepat Waktu,1.0,0.0
MHS026088,2022,,2.54,3.07,145,55,144,1,Terlambat,0.0015,0.9985
MHS026142,2024,,3.57,2.49,57,22,95,-38,Tepat Waktu,1.0,0.0
MHS026512,2023,,3.64,2.85,104,40,135,-31,Tepat Waktu,1.0,0.0
MHS026657,2022,,2.38,2.91,144,57,144,0,Terlambat,0.0001,0.9999
MHS027345,2024,,3.76,1.93,58,22,95,-37,Tepat Waktu,1.0,0.0
MHS028176,2022,,0.0,3.31,151,58,144,7,Terlambat,0.0,1.0
MHS028236,2023,,3.97,2.44,97,39,135,-38,Tepat Waktu,1.0,0.0
MHS024687,2021,,2.86,2.88,145,59,144,1,Terlambat,0.0064,0.9936
MHS024708,2019,,2.63,2.63,150,57,144,6,Terlambat,0.0001,0.9999
MHS024720,2022,,2.67,3.27,146,52,144,2,Terlambat,0.0186,0.9814
MHS024799,2020,,2.46,2.46,147,59,144,3,Terlambat,0.0,1.0
MHS025143,2023,,3.55,2.93,103,43,135,-32,Tepat Waktu,1.0,0.0
MHS025279,2021,,2.81,2.68,151,61,144,7,Terlambat,0.0016,0.9984
MHS025517,2024,,3.51,2.07,55,21,95,-40,Tepat Waktu,1.0,0.0
MHS025530,2023,,3.53,2.29,102,44,135,-33,Tepat Waktu,1.0,0.0
MHS026005,2024,,3.64,2.33,58,26,95,-37,Tepat Waktu,1.0,0.0
MHS026334,2023,,3.61,2.85,104,40,135,-31,Tepat Waktu,1.0,0.0
MHS026538,2022,,2.39,3.01,144,55,144,0,Terlambat,0.0001,0.9999
MHS027519,2024,,3.72,2.29,60,23,95,-35,Tepat Waktu,1.0,0.0
MHS027876,2024,,3.86,0.32,19,7,95,-76,Tepat Waktu,1.0,0.0
MHS027957,2024,,3.81,2.05,57,24,95,-38,Tepat Waktu,1.0,0.0
MHS027986,2022,,1.09,3.35,145,55,144,1,Terlambat,0.0,1.0
MHS028123,2022,,0.33,3.3,146,58,144,2,Terlambat,0.0,1.0
MHS024860,2022,,2.62,3.42,144,58,144,0,Terlambat,0.012,0.988
MHS024887,2022,,3.34,3.04,142,49,144,-2,Terlambat,0.3767,0.6233
MHS025039,2022,,2.78,3.31,145,67,144,1,Terlambat,0.2326,0.7674
MHS025048,2021,,2.78,2.92,149,59,144,5,Terlambat,0.0049,0.9951
MHS025452,2020,,3.09,2.8,153,57,144,9,Terlambat,0.0371,0.9629
MHS025979,2022,,3.22,3.26,150,57,144,6,Terlambat,0.3055,0.6945
MHS026366,2024,,3.44,0.0,17,6,95,-78,Tepat Waktu,1.0,0.0
MHS026544,2022,,2.26,2.26,144,54,144,0,Terlambat,0.0,1.0
MHS024722,2021,,2.72,2.7,151,61,144,7,Terlambat,0.0006,0.9994
MHS024908,2022,,2.61,2.98,144,62,144,0,Terlambat,0.0029,0.9971
MHS025159,2021,,2.75,3.31,148,52,144,4,Terlambat,0.0625,0.9375
MHS025677,2021,,2.66,2.97,147,59,144,3,Terlambat,0.0035,0.9965
MHS025808,2022,,2.56,3.45,145,54,144,1,Terlambat,0.0068,0.9932
MHS025902,2021,,2.61,2.32,158,63,144,14,Terlambat,0.0,1.0
MHS026222,2021,,2.44,3.03,144,60,144,0,Terlambat,0.0005,0.9995
MHS026320,2022,,2.56,2.84,147,51,144,3,Terlambat,0.0004,0.9996
MHS026458,2023,,3.67,2.98,103,43,135,-32,Tepat Waktu,1.0,0.0
MHS026605,2022,,2.39,3.31,144,58,144,0,Terlambat,0.0011,0.9989
MHS026855,2024,,3.65,2.34,60,25,95,-35,Tepat Waktu,1.0,0.0
MHS027209,2022,,2.29,2.59,146,55,144,2,Terlambat,0.0,1.0
MHS027593,2022,,2.94,3.34,152,62,144,8,Terlambat,0.3108,0.6892
MHS027768,2022,,1.63,3.09,144,54,144,0,Terlambat,0.0,1.0
MHS027872,2022,,2.92,3.19,154,63,144,10,Terlambat,0.283,0.717
MHS027971,2023,,3.81,2.02,93,34,135,-42,Tepat Waktu,1.0,0.0
MHS027982,2022,,0.89,2.83,146,53,144,2,Terlambat,0.0,1.0
MHS028108,2022,,2.89,3.22,154,64,144,10,Terlambat,0.2359,0.7641
MHS025223,2020,,2.69,2.29,156,57,144,12,Terlambat,0.0,1.0
MHS025666,2022,,2.71,3.48,148,56,144,4,Terlambat,0.039,0.961
MHS025810,2022,,3.14,3.32,152,59,144,8,Terlambat,0.3725,0.6275
MHS026180,2023,,3.64,2.79,102,39,135,-33,Tepat Waktu,1.0,0.0
MHS026349,2022,,2.55,2.95,147,58,144,3,Terlambat,0.0004,0.9996
MHS026416,2024,,3.6,2.18,56,21,95,-39,Tepat Waktu,1.0,0.0
MHS026501,2022,,2.51,3.05,148,59,144,4,Terlambat,0.0007,0.9993
MHS026534,2022,,2.52,3.46,147,69,144,3,Terlambat,0.0787,0.9213
MHS026620,2023,,3.67,2.74,106,39,135,-29,Tepat Waktu,1.0,0.0
MHS026638,2022,,3.58,1.97,122,46,144,-22,Terlambat,0.2293,0.7707
MHS026984,2022,,2.44,3.58,148,60,144,4,Terlambat,0.004,0.996
MHS027155,2022,,2.33,2.85,144,62,144,0,Terlambat,0.0,1.0
MHS027354,2022,,2.28,2.93,147,58,144,3,Terlambat,0.0,1.0
MHS027376,2023,,3.64,1.81,94,36,135,-41,Tepat Waktu,1.0,0.0
MHS027637,2022,,2.25,2.75,144,61,144,0,Terlambat,0.0,1.0
MHS027738,2024,,3.78,2.34,59,24,95,-36,Tepat Waktu,1.0,0.0
MHS027860,2022,,1.33,3.28,146,60,144,2,Terlambat,0.0,1.0
MHS024962,2024,,3.37,2.67,62,29,95,-33,Tepat Waktu,1.0,0.0
MHS024973,2019,,2.61,2.6,145,61,144,1,Terlambat,0.0001,0.9999
MHS024988,2021,,2.78,2.8,152,62,144,8,Terlambat,0.0039,0.9961
MHS025489,2021,,2.56,2.86,146,60,144,2,Terlambat,0.0006,0.9994
MHS025759,2023,,3.57,2.39,99,39,135,-36,Tepat Waktu,1.0,0.0
MHS025890,2023,,3.57,2.27,97,39,135,-38,Tepat Waktu,1.0,0.0
MHS026076,2022,,3.81,2.35,138,54,144,-6,Terlambat,0.0016,0.9984
MHS026240,2024,,3.58,2.12,57,22,95,-38,Tepat Waktu,1.0,0.0
MHS026613,2022,,3.62,3.41,143,58,144,-1,Tepat Waktu,0.7926,0.2074
MHS026710,2022,,2.38,3.2,144,57,144,0,Terlambat,0.0004,0.9996
MHS027207,2024,,3.75,1.47,58,22,95,-37,Tepat Waktu,1.0,0.0
MHS027475,2022,,3.78,3.62,143,55,144,-1,Tepat Waktu,0.8457,0.1543
MHS027802,2022,,1.56,3.36,146,60,144,2,Terlambat,0.0,1.0
MHS027922,2022,,1.22,3.23,146,59,144,2,Terlambat,0.0,1.0
MHS028204,2022,,0.28,3.22,148,60,144,4,Terlambat,0.0,1.0
MHS025004,2022,,2.61,3.18,144,58,144,0,Terlambat,0.0063,0.9937
MHS025234,2024,,3.51,2.56,59,23,95,-36,Tepat Waktu,1.0,0.0
MHS025311,2020,,2.58,3.11,146,59,144,2,Terlambat,0.0046,0.9954
MHS026143,2022,,3.34,3.23,141,57,144,-3,Tepat Waktu,0.5989,0.4011
MHS026287,2022,,3.2,3.34,150,59,144,6,Terlambat,0.4873,0.5127
MHS026353,2024,,3.67,1.98,58,22,95,-37,Tepat Waktu,1.0,0.0
MHS026673,2020,,3.17,2.82,153,61,144,9,Terlambat,0.0913,0.9087
MHS026876,2022,,3.01,3.14,154,58,144,10,Terlambat,0.2132,0.7868
MHS026967,2023,,3.7,2.54,106,46,135,-29,Tepat Waktu,1.0,0.0
MHS027069,2024,,3.62,0.36,55,24,95,-40,Tepat Waktu,1.0,0.0
MHS027176,2024,,3.72,2.11,58,22,95,-37,Tepat Waktu,1.0,0.0
MHS027199,2022,,2.33,3.18,147,56,144,3,Terlambat,0.0002,0.9998
MHS027994,2024,,3.82,2.55,57,24,95,-38,Tepat Waktu,1.0,0.0
MHS024780,2024,,3.57,2.05,58,24,95,-37,Tepat Waktu,1.0,0.0
MHS025034,2024,,3.47,2.46,57,22,95,-38,Tepat Waktu,1.0,0.0
MHS025035,2021,,2.31,2.27,154,59,144,10,Terlambat,0.0,1.0
MHS025147,2021,,2.41,2.41,147,56,144,3,Terlambat,0.0,1.0
MHS025185,2021,,2.09,2.16,147,58,144,3,Terlambat,0.0,1.0
MHS025869,2022,,2.69,3.36,148,56,144,4,Terlambat,0.0238,0.9762
MHS025984,2021,,2.58,2.58,147,58,144,3,Terlambat,0.0,1.0
MHS026172,2022,,2.61,3.22,148,57,144,4,Terlambat,0.0065,0.9935
MHS026411,2021,,3.14,2.45,157,62,144,13,Terlambat,0.0035,0.9965
MHS026464,2021,,3.12,3.27,151,59,144,7,Terlambat,0.4498,0.5502
MHS026498,2022,,2.39,3.23,146,55,144,2,Terlambat,0.0004,0.9996
MHS026519,2022,,2.39,3.45,146,55,144,2,Terlambat,0.0015,0.9985
MHS026574,2022,,2.39,3.29,144,58,144,0,Terlambat,0.001,0.999
MHS026644,2022,,2.44,2.82,145,55,144,1,Terlambat,0.0,1.0
MHS026658,2022,,2.48,3.18,147,58,144,3,Terlambat,0.0009,0.9991
MHS026721,2024,,3.64,2.15,57,24,95,-38,Tepat Waktu,1.0,0.0
MHS026781,2022,,2.36,3.09,144,57,144,0,Terlambat,0.0002,0.9998
MHS027365,2022,,2.32,2.36,145,59,144,1,Terlambat,0.0,1.0
MHS027498,2024,,3.75,2.7,59,23,95,-36,Tepat Waktu,1.0,0.0
MHS027749,2024,,3.83,2.27,56,21,95,-39,Tepat Waktu,1.0,0.0
MHS028112,2022,,0.5,3.2,145,57,144,1,Terlambat,0.0,1.0
MHS024723,2021,,3.22,3.3,150,62,144,6,Tepat Waktu,0.5657,0.4343
MHS024734,2022,,2.68,2.7,144,58,144,0,Terlambat,0.0003,0.9997
MHS024832,2023,,3.56,3.16,106,41,135,-29,Tepat Waktu,1.0,0.0
MHS025044,2022,,2.6,3.29,144,50,144,0,Terlambat,0.0169,0.9831
MHS025216,2019,,2.63,2.63,147,55,144,3,Terlambat,0.0001,0.9999
MHS025237,2019,,2.5,2.5,144,57,144,0,Terlambat,0.0,1.0
MHS025332,2021,,2.58,3.07,144,56,144,0,Terlambat,0.0023,0.9977
MHS025467,2024,,3.47,2.18,55,21,95,-40,Tepat Waktu,1.0,0.0
MHS025636,2022,,2.64,3.08,145,55,144,1,Terlambat,0.0027,0.9973
MHS025955,2022,,2.54,3.15,145,59,144,1,Terlambat,0.0026,0.9974
MHS026040,2022,,3.22,3.36,150,56,144,6,Terlambat,0.3922,0.6078
MHS026225,2022,,2.53,2.74,145,55,144,1,Terlambat,0.0001,0.9999
MHS026382,2021,,2.42,2.44,144,58,144,0,Terlambat,0.0,1.0
MHS026453,2022,,2.63,3.0,149,56,144,5,Terlambat,0.0022,0.9978
MHS026529,2022,,2.61,3.03,149,56,144,5,Terlambat,0.0015,0.9985
MHS027382,2022,,2.02,2.56,147,58,144,3,Terlambat,0.0,1.0
MHS027650,2022,,2.25,3.17,144,55,144,0,Terlambat,0.0001,0.9999
MHS027908,2022,,1.39,2.94,144,59,144,0,Terlambat,0.0,1.0
MHS027940,2022,,1.2,3.03,145,68,144,1,Terlambat,0.0,1.0
MHS028171,2022,,1.11,3.21,143,54,144,-1,Terlambat,0.0,1.0
MHS024654,2022,,2.67,3.34,146,56,144,2,Terlambat,0.0185,0.9815
MHS024683,2019,,2.72,2.83,147,60,144,3,Terlambat,0.0012,0.9988
MHS024733,2024,,3.45,2.36,57,22,95,-38,Tepat Waktu,1.0,0.0
MHS024792,2021,,2.78,3.07,148,56,144,4,Terlambat,0.012,0.988
MHS024843,2019,,2.62,2.62,147,60,144,3,Terlambat,0.0001,0.9999
MHS024855,2023,,3.56,3.16,106,41,135,-29,Tepat Waktu,1.0,0.0
MHS025210,2023,,3.56,2.82,103,43,135,-32,Tepat Waktu,1.0,0.0
MHS025233,2022,,2.69,3.3,145,58,144,1,Terlambat,0.0211,0.9789
MHS025388,2021,,2.83,2.77,154,59,144,10,Terlambat,0.0069,0.9931
MHS025476,2019,,1.57,1.57,146,55,144,2,Terlambat,0.0,1.0
MHS025818,2022,,3.03,1.8,121,48,144,-23,Terlambat,0.0023,0.9977
MHS025883,2021,,2.48,2.84,144,59,144,0,Terlambat,0.0002,0.9998
MHS025989,2021,,2.47,2.7,144,60,144,0,Terlambat,0.0001,0.9999
MHS026202,2022,,2.76,3.06,149,56,144,5,Terlambat,0.0105,0.9895
MHS026268,2022,,2.52,2.99,145,57,144,1,Terlambat,0.0004,0.9996
MHS026617,2023,,3.71,2.98,103,43,135,-32,Tepat Waktu,1.0,0.0
MHS026880,2022,,3.17,3.21,153,64,144,9,Tepat Waktu,0.5521,0.4479
MHS027316,2022,,2.3,2.98,144,55,144,0,Terlambat,0.0001,0.9999
MHS027503,2024,,3.72,0.93,55,21,95,-40,Tepat Waktu,1.0,0.0
MHS027906,2022,,1.44,3.35,145,59,144,1,Terlambat,0.0,1.0
MHS027914,2022,,1.43,2.93,145,59,144,1,Terlambat,0.0,1.0
MHS024810,2024,,3.53,2.64,61,24,95,-34,Tepat Waktu,1.0,0.0
MHS024899,2022,,2.61,2.88,144,50,144,0,Terlambat,0.0014,0.9986
MHS025121,2023,,3.55,2.85,103,43,135,-32,Tepat Waktu,1.0,0.0
MHS025346,2021,,2.33,2.33,146,57,144,2,Terlambat,0.0,1.0
MHS025437,2023,,1.72,2.63,107,43,135,-28,Tepat Waktu,0.982,0.018
MHS025531,2022,,2.67,2.92,145,57,144,1,Terlambat,0.0011,0.9989
MHS025976,2023,,3.38,1.48,92,34,135,-43,Tepat Waktu,1.0,0.0
MHS026113,2024,,3.64,2.23,58,26,95,-37,Tepat Waktu,1.0,0.0
MHS026138,2024,,3.61,2.64,61,24,95,-34,Tepat Waktu,1.0,0.0
MHS026164,2021,,2.9,2.9,151,69,144,7,Terlambat,0.1991,0.8009
MHS026813,2024,,3.64,2.6,59,23,95,-36,Tepat Waktu,1.0,0.0
MHS027517,2023,,3.84,2.83,103,43,135,-32,Tepat Waktu,1.0,0.0
MHS027557,2023,,3.74,1.95,97,32,135,-38,Tepat Waktu,1.0,0.0
MHS027562,2022,,2.26,3.28,144,58,144,0,Terlambat,0.0002,0.9998
MHS027609,2022,,1.94,2.93,146,59,144,2,Terlambat,0.0,1.0
MHS027721,2022,,3.89,3.12,151,58,144,7,Tepat Waktu,0.5002,0.4998
MHS027978,2023,,3.94,2.78,102,38,135,-33,Tepat Waktu,1.0,0.0
MHS024707,2023,,3.54,2.83,103,43,135,-32,Tepat Waktu,1.0,0.0
MHS025043,2022,,3.56,2.33,137,55,144,-7,Terlambat,0.001,0.999
MHS025371,2022,,2.74,3.24,148,60,144,4,Terlambat,0.0286,0.9714
MHS025430,2022,,3.38,2.0,122,47,144,-22,Terlambat,0.2733,0.7267
MHS025459,2020,,2.57,2.92,146,55,144,2,Terlambat,0.0006,0.9994
MHS025594,2020,,2.67,3.02,147,61,144,3,Terlambat,0.005,0.995
MHS025732,2021,,2.55,2.61,146,56,144,2,Terlambat,0.0,1.0
MHS025826,2022,,2.56,3.45,145,68,144,1,Terlambat,0.0563,0.9437
MHS025900,2021,,2.51,2.7,146,57,144,2,Terlambat,0.0001,0.9999
MHS026137,2021,,2.93,2.55,159,65,144,15,Terlambat,0.0246,0.9754
MHS026165,2022,,2.56,2.56,147,63,144,3,Terlambat,0.0,1.0
MHS026250,2021,,2.43,2.87,144,56,144,0,Terlambat,0.0001,0.9999
MHS026257,2022,,2.52,2.95,145,57,144,1,Terlambat,0.0005,0.9995
MHS026977,2024,,3.37,1.08,36,14,95,-59,Tepat Waktu,1.0,0.0
MHS027319,2022,,2.3,3.19,144,55,144,0,Terlambat,0.0001,0.9999
MHS027548,2022,,1.76,3.08,147,61,144,3,Terlambat,0.0,1.0
MHS024611,2021,,2.79,2.8,145,56,144,1,Terlambat,0.0024,0.9976
MHS024617,2023,,3.57,2.5,101,40,135,-34,Tepat Waktu,1.0,0.0
MHS024712,2021,,2.5,2.5,145,55,144,1,Terlambat,0.0,1.0
MHS024901,2021,,2.44,2.45,145,53,144,1,Terlambat,0.0,1.0
MHS025122,2020,,2.36,2.36,144,60,144,0,Terlambat,0.0,1.0
MHS025425,2022,,3.5,3.5,143,58,144,-1,Tepat Waktu,0.7251,0.2749
MHS025485,2022,,3.54,3.12,133,52,144,-11,Tepat Waktu,0.9594,0.0406
MHS025620,2020,,2.5,3.2,144,60,144,0,Terlambat,0.0028,0.9972
MHS025797,2024,,3.55,2.37,57,22,95,-38,Tepat Waktu,1.0,0.0
MHS025856,2022,,2.56,2.78,145,58,144,1,Terlambat,0.0001,0.9999
MHS025910,2023,,3.6,2.61,102,44,135,-33,Tepat Waktu,1.0,0.0
MHS025925,2022,,2.55,3.26,145,55,144,1,Terlambat,0.0046,0.9954
MHS025944,2023,,3.67,2.37,101,42,135,-34,Tepat Waktu,1.0,0.0
MHS026026,2022,,3.48,2.48,134,56,144,-10,Terlambat,0.0346,0.9654
MHS026036,2021,,2.47,2.76,144,61,144,0,Terlambat,0.0001,0.9999
MHS026203,2020,,2.87,2.19,154,60,144,10,Terlambat,0.0,1.0
MHS026328,2023,,3.61,2.93,104,40,135,-31,Tepat Waktu,1.0,0.0
MHS026480,2024,,3.67,1.81,58,22,95,-37,Tepat Waktu,1.0,0.0
MHS026524,2023,,3.56,2.97,108,51,135,-27,Tepat Waktu,1.0,0.0
MHS026795,2022,,2.35,2.91,146,55,144,2,Terlambat,0.0001,0.9999
MHS026877,2022,,2.35,3.7,144,55,144,0,Terlambat,0.0009,0.9991
MHS026948,2022,,3.68,2.41,137,57,144,-7,Terlambat,0.0033,0.9967
MHS027955,2024,,3.84,2.18,59,26,95,-36,Tepat Waktu,1.0,0.0
MHS025294,2021,,2.59,2.76,146,55,144,2,Terlambat,0.0003,0.9997
MHS025360,2021,,2.67,2.93,147,58,144,3,Terlambat,0.0017,0.9983
MHS025535,2023,,3.63,2.97,106,44,135,-29,Tepat Waktu,1.0,0.0
MHS025630,2020,,2.85,2.77,150,58,144,6,Terlambat,0.0037,0.9963
MHS025670,2021,,2.66,2.83,147,56,144,3,Terlambat,0.001,0.999
MHS025776,2024,,3.52,1.8,55,21,95,-40,Tepat Waktu,1.0,0.0
MHS025886,2021,,2.52,3.22,146,58,144,2,Terlambat,0.0026,0.9974
MHS026021,2021,,2.6,2.75,147,59,144,3,Terlambat,0.0002,0.9998
MHS026228,2022,,3.4,1.71,119,43,144,-25,Terlambat,0.107,0.893
MHS026895,2024,,3.65,1.72,56,21,95,-39,Tepat Waktu,1.0,0.0
MHS027035,2022,,2.33,2.91,144,55,144,0,Terlambat,0.0,1.0
MHS027184,2022,,2.33,3.17,147,60,144,3,Terlambat,0.0003,0.9997
MHS027430,2022,,3.67,3.26,150,62,144,6,Tepat Waktu,0.6869,0.3131
MHS027622,2023,,3.8,2.06,94,41,135,-41,Tepat Waktu,1.0,0.0
MHS027687,2024,,3.8,1.78,58,23,95,-37,Tepat Waktu,1.0,0.0
MHS027739,2022,,1.64,3.09,146,51,144,2,Terlambat,0.0,1.0
MHS027745,2022,,1.73,3.03,144,55,144,0,Terlambat,0.0,1.0
MHS027999,2022,,1.36,3.33,148,60,144,4,Terlambat,0.0,1.0
MHS024646,2021,,2.76,2.72,150,62,144,6,Terlambat,0.0011,0.9989
MHS024895,2023,,3.55,2.63,104,45,135,-31,Tepat Waktu,1.0,0.0
MHS024928,2021,,2.83,2.63,154,61,144,10,Terlambat,0.0014,0.9986
MHS025086,2020,,2.6,2.65,144,56,144,0,Terlambat,0.0001,0.9999
MHS025429,2019,,2.53,2.53,147,60,144,3,Terlambat,0.0,1.0
MHS025746,2022,,2.71,3.46,148,61,144,4,Terlambat,0.0357,0.9643
MHS025844,2021,,1.56,1.57,146,59,144,2,Terlambat,0.0,1.0
MHS025929,2024,,3.55,2.28,57,22,95,-38,Tepat Waktu,1.0,0.0
MHS026285,2022,,3.71,2.02,126,51,144,-18,Terlambat,0.0106,0.9894
MHS026305,2022,,2.43,3.0,146,60,144,2,Terlambat,0.0003,0.9997
MHS026336,2024,,3.59,2.45,57,22,95,-38,Tepat Waktu,1.0,0.0
MHS026344,2022,,3.56,3.61,142,54,144,-2,Tepat Waktu,0.8611,0.1389
MHS026694,2023,,3.72,2.76,110,41,135,-25,Tepat Waktu,1.0,0.0
MHS027134,2022,,2.33,2.8,144,54,144,0,Terlambat,0.0,1.0
MHS027213,2023,,3.83,2.83,107,45,135,-28,Tepat Waktu,1.0,0.0
MHS024579,2021,,3.05,2.83,153,61,144,9,Terlambat,0.0516,0.9484
MHS024694,2022,,2.68,3.19,144,58,144,0,Terlambat,0.0128,0.9872
MHS025244,2021,,2.37,2.37,144,57,144,0,Terlambat,0.0,1.0
MHS025509,2021,,3.07,2.94,149,56,144,5,Terlambat,0.0364,0.9636
MHS025653,2021,,2.5,2.75,144,59,144,0,Terlambat,0.0001,0.9999
MHS025657,2022,,3.42,2.25,142,54,144,-2,Terlambat,0.0001,0.9999
MHS025760,2021,,2.54,2.54,146,60,144,2,Terlambat,0.0,1.0
MHS025966,2021,,2.48,2.87,144,60,144,0,Terlambat,0.0002,0.9998
MHS026066,2022,,3.11,3.42,149,70,144,5,Tepat Waktu,0.9314,0.0686
MHS026111,2022,,2.64,3.37,148,57,144,4,Terlambat,0.0158,0.9842
MHS026311,2024,,3.6,2.31,60,25,95,-35,Tepat Waktu,1.0,0.0
MHS026360,2022,,3.2,3.42,150,57,144,6,Terlambat,0.4176,0.5824
MHS026450,2021,,3.14,3.12,157,65,144,13,Tepat Waktu,0.8662,0.1338
MHS026533,2024,,3.68,2.29,58,22,95,-37,Tepat Waktu,1.0,0.0
MHS026539,2022,,3.82,3.48,149,56,144,5,Tepat Waktu,0.6968,0.3032
MHS026558,2022,,2.39,3.11,146,55,144,2,Terlambat,0.0003,0.9997
MHS026662,2022,,2.43,3.15,145,59,144,1,Terlambat,0.0008,0.9992
MHS026791,2022,,2.44,2.96,147,56,144,3,Terlambat,0.0002,0.9998
MHS026817,2022,,2.43,3.04,147,57,144,3,Terlambat,0.0003,0.9997
MHS026893,2022,,3.17,3.29,150,63,144,6,Terlambat,0.4541,0.5459
MHS027079,2024,,3.69,2.64,59,23,95,-36,Tepat Waktu,1.0,0.0
MHS027095,2023,,3.76,3.05,103,43,135,-32,Tepat Waktu,1.0,0.0
MHS027264,2022,,2.3,2.31,144,56,144,0,Terlambat,0.0,1.0
MHS027837,2022,,1.39,3.05,146,60,144,2,Terlambat,0.0,1.0
MHS028132,2022,,0.63,2.98,144,55,144,0,Terlambat,0.0,1.0
MHS024595,2024,,3.56,2.27,58,24,95,-37,Tepat Waktu,1.0,0.0
MHS024961,2021,,2.68,2.68,147,57,144,3,Terlambat,0.0002,0.9998
MHS025080,2024,,3.47,2.02,56,21,95,-39,Tepat Waktu,1.0,0.0
MHS025149,2022,,2.72,3.05,145,67,144,1,Terlambat,0.0437,0.9563
MHS025196,2021,,2.78,2.81,149,58,144,5,Terlambat,0.0026,0.9974
MHS025492,2020,,2.35,2.35,144,56,144,0,Terlambat,0.0,1.0
MHS025518,2022,,2.67,3.22,145,68,144,1,Terlambat,0.069,0.931
MHS025520,2023,,3.53,2.38,102,44,135,-33,Tepat Waktu,1.0,0.0
MHS025824,2024,,3.53,2.14,55,21,95,-40,Tepat Waktu,1.0,0.0
MHS026183,2022,,2.77,3.23,149,70,144,5,Terlambat,0.3963,0.6037
MHS026270,2023,,3.67,2.82,105,44,135,-30,Tepat Waktu,1.0,0.0
MHS026429,2021,,2.4,2.83,144,60,144,0,Terlambat,0.0001,0.9999
MHS026793,2022,,2.39,3.31,145,59,144,1,Terlambat,0.0011,0.9989
MHS026884,2022,,2.42,3.14,147,58,144,3,Terlambat,0.0006,0.9994
MHS026970,2023,,3.68,2.46,99,39,135,-36,Tepat Waktu,1.0,0.0
MHS027052,2022,,2.37,3.04,145,60,144,1,Terlambat,0.0002,0.9998
MHS027101,2023,,3.69,2.24,99,39,135,-36,Tepat Waktu,1.0,0.0
MHS027331,2023,,3.7,2.88,104,45,135,-31,Tepat Waktu,1.0,0.0
MHS028026,2022,,1.11,3.2,144,50,144,0,Terlambat,0.0,1.0
MHS024684,2021,,2.82,2.81,149,62,144,5,Terlambat,0.0039,0.9961
MHS024695,2022,,2.67,3.31,146,59,144,2,Terlambat,0.0187,0.9813
MHS024818,2022,,2.62,2.63,146,61,144,2,Terlambat,0.0001,0.9999
MHS025889,2024,,3.63,2.44,58,26,95,-37,Tepat Waktu,1.0,0.0
MHS025939,2023,,3.6,2.91,105,44,135,-30,Tepat Waktu,1.0,0.0
MHS026025,2021,,2.5,2.92,146,57,144,2,Terlambat,0.0004,0.9996
MHS026039,2024,,3.55,2.04,56,21,95,-39,Tepat Waktu,1.0,0.0
MHS026288,2022,,2.44,3.01,146,60,144,2,Terlambat,0.0004,0.9996
MHS026822,2022,,2.39,3.19,145,59,144,1,Terlambat,0.0006,0.9994
MHS026885,2022,,2.35,2.88,144,54,144,0,Terlambat,0.0,1.0
MHS027005,2023,,3.75,1.95,96,32,135,-39,Tepat Waktu,1.0,0.0
MHS027416,2022,,2.26,3.3,146,59,144,2,Terlambat,0.0002,0.9998
MHS027641,2023,,3.76,2.75,104,49,135,-31,Tepat Waktu,1.0,0.0
MHS028153,2022,,0.11,3.23,146,55,144,2,Terlambat,0.0,1.0
MHS025069,2021,,2.78,2.88,149,56,144,5,Terlambat,0.0047,0.9953
MHS025318,2020,,2.39,2.25,154,65,144,10,Terlambat,0.0,1.0
MHS025367,2020,,1.59,1.59,144,59,144,0,Terlambat,0.0,1.0
MHS025930,2022,,2.77,2.77,149,60,144,5,Terlambat,0.0014,0.9986
MHS026272,2019,,2.22,2.2,144,60,144,0,Terlambat,0.0,1.0
MHS026376,2022,,2.5,2.76,145,57,144,1,Terlambat,0.0001,0.9999
MHS026414,2022,,2.54,3.39,147,69,144,3,Terlambat,0.0801,0.9199
MHS026702,2024,,3.63,2.11,56,21,95,-39,Tepat Waktu,1.0,0.0
MHS026838,2022,,2.49,2.88,148,62,144,4,Terlambat,0.0002,0.9998
MHS027067,2022,,2.37,3.44,145,66,144,1,Terlambat,0.0055,0.9945
MHS027465,2022,,1.88,2.66,147,58,144,3,Terlambat,0.0,1.0
MHS025426,2024,,3.47,2.03,55,21,95,-40,Tepat Waktu,1.0,0.0
MHS025550,2024,,3.61,2.48,58,26,95,-37,Tepat Waktu,1.0,0.0
MHS026140,2024,,3.56,1.33,55,21,95,-40,Tepat Waktu,1.0,0.0
MHS026301,2024,,3.58,2.15,56,21,95,-39,Tepat Waktu,1.0,0.0
MHS027102,2022,,2.41,3.6,148,60,144,4,Terlambat,0.0029,0.9971
MHS027381,2022,,2.32,2.4,145,54,144,1,Terlambat,0.0,1.0
MHS027466,2024,,3.75,2.59,59,23,95,-36,Tepat Waktu,1.0,0.0
MHS027474,2022,,2.17,3.31,146,59,144,2,Terlambat,0.0001,0.9999
MHS027565,2023,,3.78,2.91,99,38,135,-36,Tepat Waktu,1.0,0.0
MHS027582,2022,,1.68,3.61,147,59,144,3,Terlambat,0.0,1.0
MHS027628,2022,,2.25,3.09,144,55,144,0,Terlambat,0.0001,0.9999
MHS027780,2022,,3.89,3.42,151,60,144,7,Tepat Waktu,0.8161,0.1839
MHS027905,2022,,1.45,3.33,145,59,144,1,Terlambat,0.0,1.0
MHS027961,2022,,1.02,3.1,149,52,144,5,Terlambat,0.0,1.0
MHS028062,2022,,0.78,3.48,145,68,144,1,Terlambat,0.0,1.0
MHS024816,2021,,2.36,2.36,147,56,144,3,Terlambat,0.0,1.0
MHS024829,2022,,3.58,2.09,128,49,144,-16,Terlambat,0.0108,0.9892
MHS024927,2023,,3.55,2.54,104,45,135,-31,Tepat Waktu,1.0,0.0
MHS025174,2024,,3.48,1.97,56,21,95,-39,Tepat Waktu,1.0,0.0
MHS025418,2020,,2.28,2.28,147,58,144,3,Terlambat,0.0,1.0
MHS025560,2021,,2.52,2.57,144,57,144,0,Terlambat,0.0,1.0
MHS025570,2022,,2.65,3.15,145,68,144,1,Terlambat,0.0409,0.9591
MHS025679,2022,,2.61,3.29,145,55,144,1,Terlambat,0.0094,0.9906
MHS025752,2021,,2.55,2.85,146,55,144,2,Terlambat,0.0003,0.9997
MHS026019,2021,,2.47,2.85,144,57,144,0,Terlambat,0.0002,0.9998
MHS026130,2022,,2.54,3.02,145,57,144,1,Terlambat,0.001,0.999
MHS026738,2023,,3.63,2.25,99,40,135,-36,Tepat Waktu,1.0,0.0
MHS026743,2022,,2.38,2.97,144,57,144,0,Terlambat,0.0001,0.9999
MHS026769,2022,,2.35,3.0,146,55,144,2,Terlambat,0.0001,0.9999
MHS026840,2024,,3.66,2.23,59,23,95,-36,Tepat Waktu,1.0,0.0
MHS026918,2023,,3.62,3.08,108,51,135,-27,Tepat Waktu,1.0,0.0
MHS026973,2022,,2.32,2.96,146,59,144,2,Terlambat,0.0,1.0
MHS027010,2022,,2.33,3.69,144,54,144,0,Terlambat,0.0008,0.9992
MHS027153,2022,,2.3,3.01,146,56,144,2,Terlambat,0.0,1.0
MHS027436,2022,,1.93,2.77,147,58,144,3,Terlambat,0.0,1.0
MHS027596,2022,,2.26,2.91,144,54,144,0,Terlambat,0.0,1.0
MHS027795,2024,,3.65,2.73,62,23,95,-33,Tepat Waktu,1.0,0.0
MHS024597,2021,,2.54,2.56,148,56,144,4,Terlambat,0.0,1.0
MHS024736,2024,,3.49,2.2,59,24,95,-36,Tepat Waktu,1.0,0.0
MHS024744,2021,,2.79,2.88,145,55,144,1,Terlambat,0.0051,0.9949
MHS024831,2024,,3.6,2.44,61,24,95,-34,Tepat Waktu,1.0,0.0
MHS025025,2022,,2.62,2.95,146,55,144,2,Terlambat,0.0013,0.9987
MHS025169,2021,,2.61,2.86,146,57,144,2,Terlambat,0.0005,0.9995
MHS025295,2021,,3.06,2.92,153,62,144,9,Terlambat,0.0888,0.9112
MHS025745,2021,,1.96,2.02,146,60,144,2,Terlambat,0.0,1.0
MHS026016,2023,,3.63,3.12,106,44,135,-29,Tepat Waktu,1.0,0.0
MHS026488,2022,,2.54,3.03,147,58,144,3,Terlambat,0.0007,0.9993
MHS026827,2024,,3.63,2.47,60,25,95,-35,Tepat Waktu,1.0,0.0
MHS026843,2022,,2.36,3.11,144,55,144,0,Terlambat,0.0002,0.9998
MHS027370,2022,,2.3,3.57,148,61,144,4,Terlambat,0.0006,0.9994
MHS027388,2022,,2.26,3.24,146,59,144,2,Terlambat,0.0002,0.9998
MHS027476,2022,,3.62,3.62,141,54,144,-3,Tepat Waktu,0.8913,0.1087
MHS027778,2022,,1.59,3.04,146,51,144,2,Terlambat,0.0,1.0
MHS027788,2022,,1.75,3.01,148,61,144,4,Terlambat,0.0,1.0
MHS027911,2024,,3.8,2.25,60,23,95,-35,Tepat Waktu,1.0,0.0
MHS024740,2021,,2.79,3.14,145,60,144,1,Terlambat,0.0391,0.9609
MHS025031,2022,,2.62,3.01,146,58,144,2,Terlambat,0.0014,0.9986
MHS025061,2021,,2.6,2.92,144,57,144,0,Terlambat,0.0009,0.9991
MHS025471,2022,,2.67,3.53,145,66,144,1,Terlambat,0.0915,0.9085
MHS025796,2023,,3.48,2.79,100,43,135,-35,Tepat Waktu,1.0,0.0
MHS026059,2021,,2.46,3.38,144,54,144,0,Terlambat,0.0031,0.9969
MHS026121,2021,,3.11,2.49,153,65,144,9,Terlambat,0.003,0.997
MHS026304,2022,,2.51,3.35,145,57,144,1,Terlambat,0.0028,0.9972
MHS026668,2022,,2.5,3.44,148,60,144,4,Terlambat,0.004,0.996
MHS026759,2022,,2.35,3.43,146,58,144,2,Terlambat,0.0009,0.9991
MHS026760,2024,,3.62,2.43,60,25,95,-35,Tepat Waktu,1.0,0.0
MHS026858,2022,,2.42,2.93,147,58,144,3,Terlambat,0.0001,0.9999
MHS026927,2023,,3.67,3.05,104,40,135,-31,Tepat Waktu,1.0,0.0
MHS024789,2021,,2.58,2.58,147,56,144,3,Terlambat,0.0,1.0
MHS024993,2023,,3.53,2.9,105,44,135,-30,Tepat Waktu,1.0,0.0
MHS025083,2022,,3.57,2.98,130,54,144,-14,Tepat Waktu,0.9785,0.0215
MHS025108,2023,,3.47,2.43,97,37,135,-38,Tepat Waktu,1.0,0.0
MHS025300,2021,,2.58,2.77,144,60,144,0,Terlambat,0.0004,0.9996
MHS025579,2022,,2.65,2.96,145,57,144,1,Terlambat,0.0019,0.9981
MHS026022,2024,,3.55,2.37,59,23,95,-36,Tepat Waktu,1.0,0.0
MHS026410,2024,,3.67,2.52,58,22,95,-37,Tepat Waktu,1.0,0.0
MHS026555,2022,,3.39,2.89,141,57,144,-3,Terlambat,0.1556,0.8444
MHS026604,2022,,3.67,2.8,139,56,144,-5,Terlambat,0.1259,0.8741
MHS026629,2022,,2.39,3.03,144,55,144,0,Terlambat,0.0002,0.9998
MHS026669,2023,,3.8,2.28,101,41,135,-34,Tepat Waktu,1.0,0.0
MHS026815,2023,,3.66,2.48,96,37,135,-39,Tepat Waktu,1.0,0.0
MHS026865,2022,,2.39,2.95,145,59,144,1,Terlambat,0.0001,0.9999
MHS027301,2022,,2.99,3.51,152,62,144,8,Terlambat,0.498,0.502
MHS027478,2022,,2.17,3.45,146,59,144,2,Terlambat,0.0001,0.9999
MHS027852,2022,,1.42,3.65,144,55,144,0,Terlambat,0.0,1.0
MHS028114,2023,,3.93,2.7,104,49,135,-31,Tepat Waktu,1.0,0.0
MHS024788,2021,,3.14,3.26,149,56,144,5,Terlambat,0.3766,0.6234
MHS024859,2023,,3.46,2.16,97,41,135,-38,Tepat Waktu,1.0,0.0
MHS025040,2020,,2.76,2.95,148,60,144,4,Terlambat,0.0089,0.9911
MHS025258,2024,,3.49,1.46,56,21,95,-39,Tepat Waktu,1.0,0.0
MHS025324,2021,,2.83,2.84,151,54,144,7,Terlambat,0.0067,0.9933
MHS025475,2023,,3.15,1.2,82,34,135,-53,Tepat Waktu,1.0,0.0
MHS025480,2023,,3.61,2.84,103,43,135,-32,Tepat Waktu,1.0,0.0
MHS025783,2022,,2.59,3.38,145,55,144,1,Terlambat,0.0071,0.9929
MHS026354,2022,,2.51,2.94,148,55,144,4,Terlambat,0.0004,0.9996
MHS026373,2021,,2.43,2.69,144,56,144,0,Terlambat,0.0,1.0
MHS026379,2023,,3.69,2.39,101,41,135,-34,Tepat Waktu,1.0,0.0
MHS026432,2023,,3.6,2.36,98,38,135,-37,Tepat Waktu,1.0,0.0
MHS026641,2023,,3.62,2.18,99,40,135,-36,Tepat Waktu,1.0,0.0
MHS026849,2022,,2.36,3.29,144,57,144,0,Terlambat,0.0007,0.9993
MHS027004,2022,,2.33,3.37,144,54,144,0,Terlambat,0.0005,0.9995
MHS027084,2021,,3.78,2.28,161,60,144,17,Terlambat,0.0094,0.9906
MHS027321,2023,,3.8,2.95,103,43,135,-32,Tepat Waktu,1.0,0.0
MHS027422,2022,,1.94,2.89,147,61,144,3,Terlambat,0.0,1.0
MHS027973,2022,,3.97,2.97,142,58,144,-2,Terlambat,0.2645,0.7355
MHS024671,2022,,2.67,3.54,146,63,144,2,Terlambat,0.062,0.938
MHS024743,2022,,2.67,3.11,146,55,144,2,Terlambat,0.0063,0.9937
MHS024913,2024,,3.47,2.41,60,23,95,-35,Tepat Waktu,1.0,0.0
MHS025127,2021,,2.65,2.64,158,60,144,14,Terlambat,0.0011,0.9989
MHS025201,2024,,3.47,2.37,60,23,95,-35,Tepat Waktu,1.0,0.0
MHS025214,2021,,2.61,3.01,146,58,144,2,Terlambat,0.0018,0.9982
MHS025253,2022,,2.69,2.9,145,59,144,1,Terlambat,0.0013,0.9987
MHS025271,2023,,3.5,1.8,98,42,135,-37,Tepat Waktu,1.0,0.0
MHS025382,2021,,2.57,2.9,146,58,144,2,Terlambat,0.0005,0.9995
MHS025537,2020,,2.16,2.16,146,50,144,2,Terlambat,0.0,1.0
MHS025962,2021,,2.48,2.5,144,56,144,0,Terlambat,0.0,1.0
MHS026435,2023,,3.59,2.32,99,40,135,-36,Tepat Waktu,1.0,0.0
MHS026750,2024,,3.63,2.52,59,23,95,-36,Tepat Waktu,1.0,0.0
MHS026778,2022,,2.39,2.77,145,58,144,1,Terlambat,0.0,1.0
MHS026995,2024,,3.7,2.27,58,22,95,-37,Tepat Waktu,1.0,0.0
MHS027009,2022,,2.43,3.3,148,60,144,4,Terlambat,0.0018,0.9982
MHS027094,2022,,3.75,2.98,143,57,144,-1,Terlambat,0.2924,0.7076
MHS027295,2022,,2.3,3.17,144,55,144,0,Terlambat,0.0001,0.9999
MHS027857,2023,,3.25,3.03,111,41,135,-24,Tepat Waktu,1.0,0.0
MHS027883,2022,,3.94,2.27,137,54,144,-7,Terlambat,0.0004,0.9996
MHS027918,2022,,1.39,2.96,144,59,144,0,Terlambat,0.0,1.0
MHS028061,2022,,1.64,3.2,151,62,144,7,Terlambat,0.0,1.0
MHS028175,2022,,0.33,3.19,144,55,144,0,Terlambat,0.0,1.0
MHS025691,2020,,2.56,2.65,150,60,144,6,Terlambat,0.0001,0.9999
MHS025858,2019,,2.32,2.32,144,57,144,0,Terlambat,0.0,1.0
MHS025937,2022,,2.54,2.72,145,55,144,1,Terlambat,0.0001,0.9999
MHS026744,2022,,2.4,2.81,145,59,144,1,Terlambat,0.0,1.0
MHS026859,2022,,2.42,3.08,147,64,144,3,Terlambat,0.001,0.999
MHS027355,2022,,2.29,2.57,144,57,144,0,Terlambat,0.0,1.0
MHS028052,2024,,3.9,2.25,58,26,95,-37,Tepat Waktu,1.0,0.0
MHS028078,2024,,3.9,2.43,58,23,95,-37,Tepat Waktu,1.0,0.0
MHS028229,2022,,0.0,3.33,147,60,144,3,Terlambat,0.0,1.0
MHS024615,2022,,2.68,3.46,146,56,144,2,Terlambat,0.0286,0.9714
MHS024715,2022,,2.67,3.36,146,51,144,2,Terlambat,0.0201,0.9799
MHS024759,2020,,2.51,2.51,148,60,144,4,Terlambat,0.0,1.0
MHS024779,2021,,2.63,2.62,148,61,144,4,Terlambat,0.0001,0.9999
MHS025312,2022,,2.68,2.76,145,57,144,1,Terlambat,0.0003,0.9997
MHS025353,2022,,2.74,3.35,148,64,144,4,Terlambat,0.0603,0.9397
MHS025435,2019,,2.56,2.55,144,60,144,0,Terlambat,0.0,1.0
MHS026527,2022,,2.39,3.29,144,62,144,0,Terlambat,0.0011,0.9989
MHS026577,2022,,2.44,3.15,145,57,144,1,Terlambat,0.0008,0.9992
MHS026582,2023,,3.62,2.69,98,38,135,-37,Tepat Waktu,1.0,0.0
MHS026589,2024,,3.68,2.13,58,22,95,-37,Tepat Waktu,1.0,0.0
MHS026716,2022,,2.47,3.16,147,55,144,3,Terlambat,0.0007,0.9993
MHS027056,2023,,3.75,2.59,102,44,135,-33,Tepat Waktu,1.0,0.0
MHS027151,2022,,2.3,3.44,146,56,144,2,Terlambat,0.0005,0.9995
MHS027347,2022,,2.29,2.86,147,58,144,3,Terlambat,0.0,1.0
MHS027491,2022,,2.14,3.18,146,59,144,2,Terlambat,0.0,1.0
MHS027575,2019,,3.11,2.91,155,58,144,11,Terlambat,0.1359,0.8641
MHS027581,2022,,1.97,3.15,148,61,144,4,Terlambat,0.0,1.0
MHS027674,2022,,2.28,2.9,145,59,144,1,Terlambat,0.0,1.0
MHS027684,2024,,3.78,2.32,57,24,95,-38,Tepat Waktu,1.0,0.0
MHS027691,2024,,3.82,2.03,56,21,95,-39,Tepat Waktu,1.0,0.0
MHS027952,2022,,1.37,3.65,144,55,144,0,Terlambat,0.0,1.0
MHS028021,2023,,3.88,3.16,112,52,135,-23,Tepat Waktu,1.0,0.0
MHS028141,2023,,3.92,2.77,106,50,135,-29,Tepat Waktu,1.0,0.0
MHS024845,2022,,2.63,3.54,144,54,144,0,Terlambat,0.0174,0.9826
MHS025001,2020,,2.97,2.95,151,62,144,7,Terlambat,0.0728,0.9272
MHS025050,2022,,2.62,3.24,146,60,144,2,Terlambat,0.0064,0.9936
MHS025054,2020,,2.94,2.91,152,60,144,8,Terlambat,0.0261,0.9739
MHS025385,2022,,2.74,3.43,148,60,144,4,Terlambat,0.0557,0.9443
MHS025405,2022,,3.38,3.05,143,50,144,-1,Terlambat,0.4318,0.5682
MHS025723,2024,,3.51,1.92,56,21,95,-39,Tepat Waktu,1.0,0.0
MHS025743,2023,,3.59,3.04,105,44,135,-30,Tepat Waktu,1.0,0.0
MHS026258,2024,,3.58,2.16,60,25,95,-35,Tepat Waktu,1.0,0.0
MHS026444,2023,,3.6,2.36,99,40,135,-36,Tepat Waktu,1.0,0.0
MHS026851,2022,,2.43,2.85,147,55,144,3,Terlambat,0.0001,0.9999
MHS027310,2022,,2.29,3.21,147,57,144,3,Terlambat,0.0002,0.9998
MHS027311,2022,,2.3,3.05,144,55,144,0,Terlambat,0.0001,0.9999
MHS027414,2022,,2.26,3.27,146,59,144,2,Terlambat,0.0002,0.9998
MHS027901,2022,,1.5,3.23,145,51,144,1,Terlambat,0.0,1.0
MHS027910,2022,,3.75,2.27,126,48,144,-18,Terlambat,0.4478,0.5522
MHS025020,2023,,3.4,2.34,100,38,135,-35,Tepat Waktu,1.0,0.0
MHS025077,2020,,2.44,2.44,146,55,144,2,Terlambat,0.0,1.0
MHS025341,2021,,2.5,2.51,144,57,144,0,Terlambat,0.0,1.0
MHS025384,2023,,3.61,2.07,93,35,135,-42,Tepat Waktu,1.0,0.0
MHS025798,2021,,2.55,3.31,146,55,144,2,Terlambat,0.0078,0.9922
MHS027653,2023,,3.78,2.51,97,37,135,-38,Tepat Waktu,1.0,0.0
MHS027772,2022,,1.56,2.7,147,61,144,3,Terlambat,0.0,1.0
MHS027796,2022,,1.61,3.09,144,58,144,0,Terlambat,0.0,1.0
MHS027938,2022,,1.08,3.22,147,58,144,3,Terlambat,0.0,1.0
MHS028099,2022,,0.78,3.18,144,50,144,0,Terlambat,0.0,1.0
MHS028199,2022,,0.0,3.01,145,59,144,1,Terlambat,0.0,1.0
MHS028230,2022,,3.89,2.8,141,53,144,-3,Terlambat,0.1193,0.8807
MHS025290,2021,,3.05,2.96,153,63,144,9,Terlambat,0.1904,0.8096
MHS025527,2022,,2.67,2.87,145,57,144,1,Terlambat,0.0007,0.9993
MHS025599,2020,,2.52,3.0,144,50,144,0,Terlambat,0.0015,0.9985
MHS025713,2023,,3.59,2.53,102,44,135,-33,Tepat Waktu,1.0,0.0
MHS025980,2023,,3.54,2.1,98,40,135,-37,Tepat Waktu,1.0,0.0
MHS025982,2023,,3.57,2.36,99,40,135,-36,Tepat Waktu,1.0,0.0
MHS027263,2022,,2.31,3.39,147,60,144,3,Terlambat,0.0004,0.9996
MHS027524,2022,,3.55,2.93,142,56,144,-2,Terlambat,0.2259,0.7741
MHS027931,2022,,3.75,2.12,134,54,144,-10,Terlambat,0.0002,0.9998
MHS027960,2022,,1.27,2.89,144,50,144,0,Terlambat,0.0,1.0
MHS028217,2024,,3.92,2.45,60,23,95,-35,Tepat Waktu,1.0,0.0
MHS024619,2021,,2.53,2.53,147,54,144,3,Terlambat,0.0,1.0
MHS024731,2021,,2.7,2.83,147,55,144,3,Terlambat,0.0009,0.9991
MHS025235,2021,,3.05,2.49,153,59,144,9,Terlambat,0.001,0.999
MHS025528,2021,,2.67,2.83,147,58,144,3,Terlambat,0.0011,0.9989
MHS025820,2021,,3.14,2.8,157,62,144,13,Terlambat,0.1524,0.8476
MHS025863,2019,,1.73,1.74,144,55,144,0,Terlambat,0.0,1.0
MHS026212,2021,,2.44,2.95,144,56,144,0,Terlambat,0.0003,0.9997
MHS026315,2022,,2.43,2.86,146,68,144,2,Terlambat,0.0008,0.9992
MHS026400,2023,,3.41,1.99,92,37,135,-43,Tepat Waktu,1.0,0.0
MHS026665,2022,,2.38,2.97,144,57,144,0,Terlambat,0.0001,0.9999
MHS026676,2022,,2.48,2.91,147,58,144,3,Terlambat,0.0002,0.9998
MHS026691,2022,,2.43,2.5,145,59,144,1,Terlambat,0.0,1.0
MHS026848,2024,,3.66,2.58,59,23,95,-36,Tepat Waktu,1.0,0.0
MHS026971,2022,,2.41,2.54,147,58,144,3,Terlambat,0.0,1.0
MHS027037,2022,,2.39,3.23,147,58,144,3,Terlambat,0.0004,0.9996
MHS027282,2022,,2.3,2.85,144,56,144,0,Terlambat,0.0,1.0
MHS027487,2022,,2.3,3.18,145,56,144,1,Terlambat,0.0001,0.9999
MHS027495,2022,,2.3,2.99,145,55,144,1,Terlambat,0.0,1.0
MHS027688,2024,,3.81,2.01,56,21,95,-39,Tepat Waktu,1.0,0.0
MHS028081,2022,,0.33,3.09,146,54,144,2,Terlambat,0.0,1.0
MHS028128,2023,,3.9,2.69,106,50,135,-29,Tepat Waktu,1.0,0.0
MHS024713,2021,,1.89,1.95,145,58,144,1,Terlambat,0.0,1.0
MHS025047,2020,,1.96,1.96,147,56,144,3,Terlambat,0.0,1.0
MHS025098,2022,,2.72,3.36,145,67,144,1,Terlambat,0.1797,0.8203
MHS025126,2021,,2.75,2.97,148,61,144,4,Terlambat,0.0067,0.9933
MHS025313,2021,,2.85,2.75,150,57,144,6,Terlambat,0.0018,0.9982
MHS025751,2023,,3.57,1.88,95,31,135,-40,Tepat Waktu,1.0,0.0
MHS025871,2023,,3.54,2.23,96,43,135,-39,Tepat Waktu,1.0,0.0
MHS025940,2024,,3.55,2.19,59,23,95,-36,Tepat Waktu,1.0,0.0
MHS026004,2021,,2.61,2.95,147,58,144,3,Terlambat,0.0012,0.9988
MHS026324,2023,,3.69,2.12,101,41,135,-34,Tepat Waktu,1.0,0.0
MHS026441,2024,,3.6,2.55,59,23,95,-36,Tepat Waktu,1.0,0.0
MHS026481,2022,,2.49,3.44,145,59,144,1,Terlambat,0.0051,0.9949
MHS026507,2022,,2.52,3.22,147,68,144,3,Terlambat,0.0156,0.9844
MHS026643,2022,,2.38,2.92,146,55,144,2,Terlambat,0.0001,0.9999
MHS026680,2022,,2.89,2.79,150,59,144,6,Terlambat,0.0027,0.9973
MHS026713,2021,,3.15,2.48,157,61,144,13,Terlambat,0.0045,0.9955
MHS027050,2022,,3.83,2.2,139,56,144,-5,Terlambat,0.0001,0.9999
MHS027314,2023,,3.73,2.63,106,50,135,-29,Tepat Waktu,1.0,0.0
MHS027607,2022,,3.86,3.3,150,62,144,6,Tepat Waktu,0.7854,0.2146
MHS027925,2022,,1.17,3.33,149,61,144,5,Terlambat,0.0,1.0
MHS024828,2022,,2.66,3.31,146,59,144,2,Terlambat,0.0171,0.9829
MHS025097,2021,,2.6,3.22,144,60,144,0,Terlambat,0.0081,0.9919
MHS025140,2023,,3.49,2.23,102,44,135,-33,Tepat Waktu,1.0,0.0
MHS025153,2023,,3.56,2.34,104,40,135,-31,Tepat Waktu,1.0,0.0
MHS025361,2024,,3.52,2.48,59,23,95,-36,Tepat Waktu,1.0,0.0
MHS025574,2021,,2.52,2.82,144,58,144,0,Terlambat,0.0002,0.9998
MHS025659,2023,,3.66,3.06,110,51,135,-25,Tepat Waktu,1.0,0.0
MHS025671,2023,,3.57,2.86,102,39,135,-33,Tepat Waktu,1.0,0.0
MHS026090,2021,,2.48,3.39,146,60,144,2,Terlambat,0.004,0.996
MHS026205,2022,,2.52,3.15,148,58,144,4,Terlambat,0.0012,0.9988
MHS026337,2022,,2.51,3.08,145,57,144,1,Terlambat,0.0007,0.9993
MHS026417,2022,,3.17,3.14,150,58,144,6,Terlambat,0.2312,0.7688
MHS026434,2022,,3.49,1.84,121,49,144,-23,Terlambat,0.0242,0.9758
MHS026442,2022,,2.51,3.23,148,57,144,4,Terlambat,0.0025,0.9975
MHS026832,2022,,2.39,2.96,145,59,144,1,Terlambat,0.0001,0.9999
MHS027073,2022,,2.3,2.96,146,61,144,2,Terlambat,0.0001,0.9999
MHS024741,2022,,2.68,3.27,144,57,144,0,Terlambat,0.0118,0.9882
MHS025555,2022,,2.66,2.66,145,57,144,1,Terlambat,0.0001,0.9999
MHS025709,2019,,2.39,2.39,144,55,144,0,Terlambat,0.0,1.0
MHS026033,2022,,3.05,3.05,152,64,144,8,Terlambat,0.171,0.829
MHS026248,2021,,2.43,2.83,144,60,144,0,Terlambat,0.0001,0.9999
MHS026594,2022,,2.44,2.48,145,55,144,1,Terlambat,0.0,1.0
MHS026685,2024,,3.61,2.43,60,25,95,-35,Tepat Waktu,1.0,0.0
MHS026905,2022,,2.39,2.88,145,59,144,1,Terlambat,0.0,1.0
MHS026909,2022,,2.34,3.12,144,54,144,0,Terlambat,0.0002,0.9998
MHS027026,2024,,3.71,2.2,57,22,95,-38,Tepat Waktu,1.0,0.0
MHS027308,2022,,2.29,2.99,147,60,144,3,Terlambat,0.0001,0.9999
MHS027658,2022,,1.74,3.32,146,60,144,2,Terlambat,0.0,1.0
MHS027798,2022,,1.58,3.3,144,58,144,0,Terlambat,0.0,1.0
MHS027812,2022,,1.45,2.92,146,60,144,2,Terlambat,0.0,1.0
MHS027875,2022,,1.38,2.89,149,61,144,5,Terlambat,0.0,1.0
MHS027991,2022,,1.18,3.59,144,58,144,0,Terlambat,0.0,1.0
MHS028091,2024,,3.9,2.42,59,23,95,-36,Tepat Waktu,1.0,0.0
MHS024673,2021,,3.09,3.09,153,61,144,9,Terlambat,0.2483,0.7517
MHS024674,2023,,3.57,2.54,101,40,135,-34,Tepat Waktu,1.0,0.0
MHS024872,2022,,2.62,2.75,144,58,144,0,Terlambat,0.0002,0.9998
MHS024946,2024,,3.47,2.31,60,23,95,-35,Tepat Waktu,1.0,0.0
MHS025055,2024,,3.47,1.9,56,21,95,-39,Tepat Waktu,1.0,0.0
MHS025085,2022,,2.73,3.41,145,67,144,1,Terlambat,0.2184,0.7816
MHS025157,2019,,1.82,2.17,150,58,144,6,Terlambat,0.0,1.0
MHS025289,2021,,2.67,3.07,147,59,144,3,Terlambat,0.0078,0.9922
MHS025512,2024,,3.53,2.35,59,23,95,-36,Tepat Waktu,1.0,0.0
MHS025615,2024,,3.48,2.25,60,23,95,-35,Tepat Waktu,1.0,0.0
MHS025821,2021,,2.64,3.0,147,58,144,3,Terlambat,0.0034,0.9966
MHS025839,2024,,3.62,2.18,58,22,95,-37,Tepat Waktu,1.0,0.0
MHS025935,2021,,2.5,2.85,146,55,144,2,Terlambat,0.0002,0.9998
MHS026146,2024,,3.72,2.32,54,19,95,-41,Tepat Waktu,1.0,0.0
MHS026327,2022,,2.51,3.37,148,59,144,4,Terlambat,0.0049,0.9951
MHS026511,2022,,2.4,2.84,144,57,144,0,Terlambat,0.0001,0.9999
MHS026619,2022,,2.39,2.85,144,55,144,0,Terlambat,0.0001,0.9999
MHS026934,2022,,3.63,2.57,136,55,144,-8,Terlambat,0.0527,0.9473
MHS026962,2022,,2.41,3.26,147,57,144,3,Terlambat,0.0006,0.9994
MHS027307,2022,,2.3,2.92,148,60,144,4,Terlambat,0.0,1.0
MHS027330,2022,,2.29,3.11,144,58,144,0,Terlambat,0.0001,0.9999
MHS027377,2024,,3.68,1.75,55,21,95,-40,Tepat Waktu,1.0,0.0
MHS027552,2023,,3.8,2.25,94,36,135,-41,Tepat Waktu,1.0,0.0
MHS027602,2022,,1.94,3.02,146,59,144,2,Terlambat,0.0,1.0
MHS024786,2020,,2.7,2.71,147,58,144,3,Terlambat,0.0005,0.9995
MHS025316,2020,,2.46,2.45,146,56,144,2,Terlambat,0.0,1.0
MHS025354,2022,,2.67,2.92,145,57,144,1,Terlambat,0.0017,0.9983
MHS025747,2024,,3.54,2.26,57,22,95,-38,Tepat Waktu,1.0,0.0
MHS025763,2019,,2.41,2.41,147,55,144,3,Terlambat,0.0,1.0
MHS025793,2023,,3.5,2.69,108,51,135,-27,Tepat Waktu,1.0,0.0
MHS025958,2022,,3.6,1.83,124,45,144,-20,Terlambat,0.0073,0.9927
MHS026009,2021,,2.61,3.13,147,52,144,3,Terlambat,0.0075,0.9925
MHS026478,2024,,3.6,2.13,57,22,95,-38,Tepat Waktu,1.0,0.0
MHS027289,2022,,2.33,3.33,145,58,144,1,Terlambat,0.0005,0.9995
MHS027458,2020,,2.72,2.34,156,63,144,12,Terlambat,0.0001,0.9999
MHS027839,2023,,3.9,2.58,102,48,135,-33,Tepat Waktu,1.0,0.0
MHS027848,2022,,1.73,3.09,145,51,144,1,Terlambat,0.0,1.0
MHS028034,2022,,0.47,2.75,146,56,144,2,Terlambat,0.0,1.0
MHS028039,2022,,0.44,2.87,146,59,144,2,Terlambat,0.0,1.0
MHS024706,2022,,2.68,3.37,144,58,144,0,Terlambat,0.0271,0.9729
MHS024820,2021,,2.89,2.89,150,60,144,6,Terlambat,0.0108,0.9892
MHS024947,2022,,2.61,2.81,144,58,144,0,Terlambat,0.0004,0.9996
MHS024951,2024,,3.45,1.88,56,23,95,-39,Tepat Waktu,1.0,0.0
MHS025199,2023,,3.59,2.8,106,44,135,-29,Tepat Waktu,1.0,0.0
MHS025242,2023,,3.51,2.43,99,38,135,-36,Tepat Waktu,1.0,0.0
MHS025963,2022,,2.66,3.59,148,64,144,4,Terlambat,0.0509,0.9491
MHS026341,2021,,2.95,2.95,154,63,144,10,Terlambat,0.0893,0.9107
MHS026674,2022,,2.43,3.31,145,59,144,1,Terlambat,0.0017,0.9983
MHS026731,2023,,3.57,2.08,100,43,135,-35,Tepat Waktu,1.0,0.0
MHS026940,2022,,2.25,2.18,145,57,144,1,Terlambat,0.0,1.0
MHS027148,2023,,3.8,3.02,107,45,135,-28,Tepat Waktu,1.0,0.0
MHS027363,2022,,2.27,3.18,146,59,144,2,Terlambat,0.0001,0.9999
MHS027531,2022,,1.77,2.82,147,58,144,3,Terlambat,0.0,1.0
MHS027706,2022,,1.45,2.79,150,61,144,6,Terlambat,0.0,1.0
MHS028187,2022,,0.31,3.23,144,58,144,0,Terlambat,0.0,1.0
MHS028242,2023,,3.67,1.64,87,32,135,-48,Tepat Waktu,1.0,0.0
MHS024758,2023,,3.58,3.08,101,34,135,-34,Tepat Waktu,1.0,0.0
MHS024767,2022,,2.66,3.31,146,60,144,2,Terlambat,0.019,0.981
MHS024774,2020,,2.78,3.23,145,61,144,1,Terlambat,0.0463,0.9537
MHS024840,2022,,3.65,3.66,141,54,144,-3,Tepat Waktu,0.8484,0.1516
MHS024890,2022,,3.33,3.34,143,58,144,-1,Tepat Waktu,0.5196,0.4804
MHS024900,2024,,3.69,2.56,54,19,95,-41,Tepat Waktu,1.0,0.0
MHS024936,2023,,3.55,2.48,104,45,135,-31,Tepat Waktu,1.0,0.0
MHS024968,2023,,3.5,2.54,99,42,135,-36,Tepat Waktu,1.0,0.0
MHS025431,2023,,3.53,1.95,97,39,135,-38,Tepat Waktu,1.0,0.0
MHS025623,2023,,3.5,2.67,108,51,135,-27,Tepat Waktu,1.0,0.0
MHS025715,2024,,3.54,2.36,59,23,95,-36,Tepat Waktu,1.0,0.0
MHS026303,2023,,3.55,2.1,98,42,135,-37,Tepat Waktu,1.0,0.0
MHS026423,2021,,2.41,2.89,144,60,144,0,Terlambat,0.0002,0.9998
MHS026502,2022,,2.4,3.33,144,67,144,0,Terlambat,0.0084,0.9916
MHS026560,2022,,2.51,3.77,147,69,144,3,Terlambat,0.0864,0.9136
MHS027117,2023,,3.78,2.91,103,43,135,-32,Tepat Waktu,1.0,0.0
MHS027228,2022,,2.32,3.56,147,56,144,3,Terlambat,0.0007,0.9993
MHS027371,2023,,3.52,2.75,109,42,135,-26,Tepat Waktu,1.0,0.0
MHS027398,2022,,2.31,3.17,145,56,144,1,Terlambat,0.0001,0.9999
MHS027527,2022,,3.85,3.57,143,58,144,-1,Tepat Waktu,0.7699,0.2301
MHS027750,2022,,1.71,3.14,144,58,144,0,Terlambat,0.0,1.0
MHS027819,2022,,1.44,2.88,146,59,144,2,Terlambat,0.0,1.0
MHS028133,2022,,0.33,2.83,145,57,144,1,Terlambat,0.0,1.0
MHS025002,2022,,2.61,3.1,144,50,144,0,Terlambat,0.007,0.993
MHS025264,2019,,2.14,2.12,144,60,144,0,Terlambat,0.0,1.0
MHS025369,2023,,3.55,2.94,105,44,135,-30,Tepat Waktu,1.0,0.0
MHS025464,2022,,2.67,3.0,145,57,144,1,Terlambat,0.0021,0.9979
MHS025478,2020,,1.39,1.38,146,60,144,2,Terlambat,0.0,1.0
MHS025755,2022,,2.61,2.87,145,50,144,1,Terlambat,0.0008,0.9992
MHS026265,2023,,3.53,2.87,108,51,135,-27,Tepat Waktu,1.0,0.0
MHS026398,2022,,3.2,3.24,150,65,144,6,Tepat Waktu,0.5593,0.4407
MHS026405,2021,,2.42,2.69,144,56,144,0,Terlambat,0.0,1.0
MHS026572,2023,,3.7,2.64,103,43,135,-32,Tepat Waktu,1.0,0.0
MHS026600,2022,,2.38,3.22,146,55,144,2,Terlambat,0.0006,0.9994
MHS026609,2022,,3.67,2.66,139,56,144,-5,Terlambat,0.0337,0.9663
MHS026896,2022,,2.47,3.63,148,60,144,4,Terlambat,0.0058,0.9942
MHS026913,2022,,2.42,2.98,147,58,144,3,Terlambat,0.0001,0.9999
MHS027030,2022,,2.98,2.9,150,56,144,6,Terlambat,0.0178,0.9822
MHS027880,2023,,3.83,2.65,106,50,135,-29,Tepat Waktu,1.0,0.0
MHS027920,2022,,1.36,2.79,145,57,144,1,Terlambat,0.0,1.0
MHS025375,2022,,2.67,3.53,145,66,144,1,Terlambat,0.1329,0.8671
MHS025581,2024,,3.47,2.46,60,23,95,-35,Tepat Waktu,1.0,0.0
MHS025665,2024,,3.53,2.34,59,23,95,-36,Tepat Waktu,1.0,0.0
MHS026375,2022,,2.41,3.2,146,55,144,2,Terlambat,0.0005,0.9995
MHS027129,2022,,2.3,3.25,146,58,144,2,Terlambat,0.0002,0.9998
MHS027251,2023,,3.78,1.83,95,38,135,-40,Tepat Waktu,1.0,0.0
MHS027332,2024,,3.75,2.26,57,22,95,-38,Tepat Waktu,1.0,0.0
MHS027512,2022,,2.27,2.93,144,55,144,0,Terlambat,0.0,1.0
MHS027563,2022,,2.26,3.3,144,55,144,0,Terlambat,0.0001,0.9999
MHS028011,2022,,0.83,2.88,147,58,144,3,Terlambat,0.0,1.0
MHS024655,2021,,2.5,2.5,145,57,144,1,Terlambat,0.0,1.0
MHS024718,2019,,2.72,2.72,147,60,144,3,Terlambat,0.0004,0.9996
MHS024994,2021,,2.68,3.05,147,58,144,3,Terlambat,0.0046,0.9954
MHS025111,2021,,2.75,3.07,148,61,144,4,Terlambat,0.0135,0.9865
MHS025269,2022,,2.69,2.73,145,57,144,1,Terlambat,0.0002,0.9998
MHS025389,2024,,3.5,2.04,57,22,95,-38,Tepat Waktu,1.0,0.0
MHS025736,2021,,2.55,2.85,146,57,144,2,Terlambat,0.0004,0.9996
MHS025757,2021,,2.44,2.44,144,57,144,0,Terlambat,0.0,1.0
MHS026170,2019,,2.37,2.37,144,60,144,0,Terlambat,0.0,1.0
MHS026193,2021,,2.44,3.12,146,57,144,2,Terlambat,0.0009,0.9991
MHS026239,2022,,2.53,3.46,145,62,144,1,Terlambat,0.0123,0.9877
MHS026421,2023,,3.59,2.45,98,38,135,-37,Tepat Waktu,1.0,0.0
MHS026667,2022,,2.43,2.94,145,59,144,1,Terlambat,0.0002,0.9998
MHS026719,2022,,2.89,2.74,150,56,144,6,Terlambat,0.0022,0.9978
MHS026770,2022,,2.35,3.53,146,63,144,2,Terlambat,0.0022,0.9978
MHS026798,2022,,2.34,3.27,146,55,144,2,Terlambat,0.0003,0.9997
MHS027077,2022,,2.37,3.48,145,58,144,1,Terlambat,0.0013,0.9987
MHS027362,2022,,2.32,3.43,149,57,144,5,Terlambat,0.0006,0.9994
MHS027444,2022,,2.28,3.25,144,58,144,0,Terlambat,0.0002,0.9998
MHS027469,2024,,3.69,1.82,55,21,95,-40,Tepat Waktu,1.0,0.0
MHS027479,2022,,2.17,3.02,146,59,144,2,Terlambat,0.0,1.0
MHS028124,2022,,0.72,3.27,144,58,144,0,Terlambat,0.0,1.0
MHS024700,2022,,3.28,3.2,143,50,144,-1,Tepat Waktu,0.5678,0.4322
MHS024802,2021,,2.7,3.03,147,54,144,3,Terlambat,0.0075,0.9925
MHS024862,2023,,3.53,2.04,96,36,135,-39,Tepat Waktu,1.0,0.0
MHS024912,2023,,3.51,2.84,105,44,135,-30,Tepat Waktu,1.0,0.0
MHS025190,2022,,2.72,3.24,145,57,144,1,Terlambat,0.0134,0.9866
MHS025240,2020,,2.78,2.72,151,55,144,7,Terlambat,0.0014,0.9986
MHS025381,2022,,3.14,3.33,152,59,144,8,Terlambat,0.484,0.516
MHS025543,2023,,3.57,2.84,104,45,135,-31,Tepat Waktu,1.0,0.0
MHS026000,2023,,3.54,2.06,94,35,135,-41,Tepat Waktu,1.0,0.0
MHS026017,2021,,2.6,2.73,147,61,144,3,Terlambat,0.0002,0.9998
MHS026047,2021,,2.46,2.86,144,57,144,0,Terlambat,0.0001,0.9999
MHS026404,2023,,3.62,2.98,104,40,135,-31,Tepat Waktu,1.0,0.0
MHS026476,2022,,2.4,3.18,146,55,144,2,Terlambat,0.0006,0.9994
MHS026846,2023,,3.7,2.9,106,41,135,-29,Tepat Waktu,1.0,0.0
MHS027013,2024,,3.67,2.59,59,23,95,-36,Tepat Waktu,1.0,0.0
MHS027500,2022,,2.28,3.21,144,55,144,0,Terlambat,0.0002,0.9998
MHS027737,2024,,3.78,2.65,59,23,95,-36,Tepat Waktu,1.0,0.0
MHS027811,2022,,1.47,3.54,147,55,144,3,Terlambat,0.0,1.0
MHS027977,2024,,3.83,2.13,55,23,95,-40,Tepat Waktu,1.0,0.0
MHS028154,2022,,0.44,2.82,144,49,144,0,Terlambat,0.0,1.0
MHS024841,2024,,3.47,2.27,57,22,95,-38,Tepat Waktu,1.0,0.0
MHS025590,2021,,2.52,3.06,144,54,144,0,Terlambat,0.0012,0.9988
MHS026236,2023,,3.64,2.92,105,44,135,-30,Tepat Waktu,1.0,0.0
MHS026296,2022,,2.56,2.85,147,58,144,3,Terlambat,0.0002,0.9998
MHS026720,2022,,2.5,3.23,148,60,144,4,Terlambat,0.0028,0.9972
MHS026916,2022,,3.74,1.97,129,54,144,-15,Terlambat,0.0002,0.9998
MHS027046,2022,,2.38,3.26,147,60,144,3,Terlambat,0.0008,0.9992
MHS027087,2023,,3.64,2.22,92,35,135,-43,Tepat Waktu,1.0,0.0
MHS027165,2022,,2.36,3.22,148,60,144,4,Terlambat,0.0006,0.9994
MHS027194,2022,,2.97,3.04,154,65,144,10,Terlambat,0.1961,0.8039
MHS027269,2022,,2.33,3.31,148,61,144,4,Terlambat,0.0004,0.9996
MHS027720,2022,,1.89,3.18,148,60,144,4,Terlambat,0.0,1.0
MHS027781,2022,,1.8,3.11,151,62,144,7,Terlambat,0.0,1.0
MHS028231,2022,,3.84,2.47,138,56,144,-6,Terlambat,0.0071,0.9929
MHS024771,2020,,2.53,2.53,147,61,144,3,Terlambat,0.0,1.0
MHS024806,2024,,3.49,2.39,59,23,95,-36,Tepat Waktu,1.0,0.0
MHS024980,2024,,3.4,2.58,62,29,95,-33,Tepat Waktu,1.0,0.0
MHS025336,2021,,2.89,2.91,150,56,144,6,Terlambat,0.0153,0.9847
MHS025971,2022,,3.11,3.34,149,70,144,5,Tepat Waktu,0.9133,0.0867
MHS026065,2021,,2.46,3.31,144,56,144,0,Terlambat,0.0022,0.9978
MHS026132,2020,,2.44,2.45,144,49,144,0,Terlambat,0.0,1.0
MHS026178,2021,,2.44,3.07,144,55,144,0,Terlambat,0.0005,0.9995
MHS026204,2022,,3.71,2.07,129,53,144,-15,Terlambat,0.0014,0.9986
MHS026329,2024,,3.59,1.88,56,21,95,-39,Tepat Waktu,1.0,0.0
MHS026862,2022,,2.33,2.88,146,56,144,2,Terlambat,0.0,1.0
MHS026975,2022,,2.31,3.37,146,56,144,2,Terlambat,0.0003,0.9997
MHS027625,2022,,2.26,3.15,144,58,144,0,Terlambat,0.0001,0.9999
MHS028120,2022,,0.47,3.67,145,65,144,1,Terlambat,0.0,1.0
MHS024953,2020,,2.64,2.64,148,60,144,4,Terlambat,0.0001,0.9999
MHS025070,2024,,3.5,2.37,59,23,95,-36,Tepat Waktu,1.0,0.0
MHS025229,2021,,2.61,3.23,146,61,144,2,Terlambat,0.0141,0.9859
MHS025230,2024,,3.44,2.66,62,29,95,-33,Tepat Waktu,1.0,0.0
MHS025323,2019,,2.56,2.56,147,60,144,3,Terlambat,0.0,1.0
MHS025397,2023,,3.58,2.85,105,44,135,-30,Tepat Waktu,1.0,0.0
MHS025561,2022,,2.66,2.98,145,57,144,1,Terlambat,0.0025,0.9975
MHS025622,2021,,2.66,3.03,147,56,144,3,Terlambat,0.0032,0.9968
MHS025658,2020,,2.35,2.35,144,56,144,0,Terlambat,0.0,1.0
MHS025668,2021,,2.86,2.7,151,58,144,7,Terlambat,0.0021,0.9979
MHS026048,2024,,3.55,1.94,59,23,95,-36,Tepat Waktu,1.0,0.0
MHS026060,2024,,3.56,2.22,56,21,95,-39,Tepat Waktu,1.0,0.0
MHS026103,2021,,2.47,2.92,146,61,144,2,Terlambat,0.0003,0.9997
MHS026409,2021,,2.42,3.27,144,57,144,0,Terlambat,0.0012,0.9988
MHS026536,2024,,3.6,1.85,55,21,95,-40,Tepat Waktu,1.0,0.0
MHS026873,2022,,2.35,2.7,144,57,144,0,Terlambat,0.0,1.0
MHS026901,2024,,3.67,1.76,56,21,95,-39,Tepat Waktu,1.0,0.0
MHS026935,2024,,3.67,1.99,57,24,95,-38,Tepat Waktu,1.0,0.0
MHS027525,2022,,3.74,2.82,142,58,144,-2,Terlambat,0.1189,0.8811
MHS027758,2022,,1.56,2.86,147,57,144,3,Terlambat,0.0,1.0
MHS028028,2022,,0.88,3.04,149,60,144,5,Terlambat,0.0,1.0
MHS028129,2022,,0.28,3.55,147,69,144,3,Terlambat,0.0,1.0
MHS024940,2024,,3.5,2.3,59,23,95,-36,Tepat Waktu,1.0,0.0
MHS025090,2022,,3.3,3.23,143,58,144,-1,Terlambat,0.4827,0.5173
MHS025245,2020,,2.81,2.45,151,55,144,7,Terlambat,0.0001,0.9999
MHS025390,2021,,2.57,2.87,146,57,144,2,Terlambat,0.0004,0.9996
MHS025403,2022,,3.58,3.23,139,53,144,-5,Tepat Waktu,0.7688,0.2312
MHS026190,2021,,2.44,2.59,146,57,144,2,Terlambat,0.0,1.0
MHS026503,2023,,3.71,2.71,102,45,135,-33,Tepat Waktu,1.0,0.0
MHS026557,2022,,2.39,3.03,146,55,144,2,Terlambat,0.0001,0.9999
MHS026610,2024,,3.61,2.37,59,23,95,-36,Tepat Waktu,1.0,0.0
MHS026837,2022,,2.5,2.97,148,56,144,4,Terlambat,0.0004,0.9996
MHS027023,2022,,2.39,3.26,147,60,144,3,Terlambat,0.0006,0.9994
MHS027222,2022,,2.35,3.33,148,60,144,4,Terlambat,0.0008,0.9992
MHS027572,2021,,3.12,2.84,162,64,144,18,Tepat Waktu,0.8582,0.1418
MHS027866,2022,,1.22,3.14,147,60,144,3,Terlambat,0.0,1.0
MHS028263,2023,,0.0,2.54,103,39,135,-32,Terlambat,0.0,1.0
MHS024745,2023,,3.47,2.83,99,42,135,-36,Tepat Waktu,1.0,0.0
MHS024819,2024,,3.47,2.41,57,22,95,-38,Tepat Waktu,1.0,0.0
MHS025355,2023,,3.5,1.84,98,37,135,-37,Tepat Waktu,1.0,0.0
MHS025843,2022,,3.6,3.03,137,53,144,-7,Tepat Waktu,0.6747,0.3253
MHS025885,2022,,3.89,2.36,128,53,144,-16,Terlambat,0.1894,0.8106
MHS025946,2021,,2.35,2.35,146,56,144,2,Terlambat,0.0,1.0
MHS026175,2022,,2.53,3.12,145,59,144,1,Terlambat,0.0013,0.9987
MHS026545,2022,,2.39,3.45,146,55,144,2,Terlambat,0.001,0.999
MHS026561,2022,,3.08,3.6,154,57,144,10,Tepat Waktu,0.5393,0.4607
MHS026714,2022,,2.43,3.2,145,59,144,1,Terlambat,0.0011,0.9989
MHS026823,2022,,2.98,2.97,150,63,144,6,Terlambat,0.0625,0.9375
MHS027526,2022,,1.78,2.85,147,58,144,3,Terlambat,0.0,1.0
MHS027916,2022,,1.25,3.08,149,61,144,5,Terlambat,0.0,1.0
MHS027943,2022,,0.88,2.97,150,61,144,6,Terlambat,0.0,1.0
MHS028054,2023,,3.86,2.2,100,40,135,-35,Tepat Waktu,1.0,0.0
MHS024777,2022,,2.67,3.0,144,62,144,0,Terlambat,0.0059,0.9941
MHS025007,2019,,2.28,2.42,152,63,144,8,Terlambat,0.0,1.0
MHS025068,2022,,2.77,3.14,145,67,144,1,Terlambat,0.1091,0.8909
MHS025135,2021,,2.61,3.13,146,55,144,2,Terlambat,0.0059,0.9941
MHS025286,2023,,3.51,2.7,99,38,135,-36,Tepat Waktu,1.0,0.0
MHS025479,2022,,2.67,3.66,145,68,144,1,Terlambat,0.2566,0.7434
MHS025682,2022,,3.33,2.56,141,58,144,-3,Terlambat,0.0036,0.9964
MHS025690,2024,,3.54,2.37,59,23,95,-36,Tepat Waktu,1.0,0.0
MHS025722,2022,,3.58,3.58,138,54,144,-6,Tepat Waktu,0.9209,0.0791
MHS026058,2023,,3.39,1.92,92,39,135,-43,Tepat Waktu,1.0,0.0
MHS026107,2024,,3.55,2.32,59,23,95,-36,Tepat Waktu,1.0,0.0
MHS026495,2022,,2.39,3.34,146,54,144,2,Terlambat,0.0007,0.9993
MHS026602,2022,,2.38,3.1,146,58,144,2,Terlambat,0.0003,0.9997
MHS026745,2022,,2.46,3.44,147,59,144,3,Terlambat,0.0023,0.9977
MHS027044,2022,,2.38,3.3,147,60,144,3,Terlambat,0.0006,0.9994
MHS027114,2022,,3.64,3.55,150,61,144,6,Tepat Waktu,0.8657,0.1343
MHS027167,2024,,3.63,2.56,18,7,95,-77,Tepat Waktu,1.0,0.0
MHS027278,2023,,3.64,1.83,98,33,135,-37,Tepat Waktu,1.0,0.0
MHS027291,2022,,2.3,2.53,144,59,144,0,Terlambat,0.0,1.0
MHS027368,2022,,2.27,2.95,146,59,144,2,Terlambat,0.0,1.0
MHS027409,2022,,2.28,2.9,144,59,144,0,Terlambat,0.0,1.0
MHS027832,2024,,3.81,2.01,58,22,95,-37,Tepat Waktu,1.0,0.0
MHS027840,2022,,1.45,3.03,144,59,144,0,Terlambat,0.0,1.0
MHS027974,2022,,1.22,3.16,144,58,144,0,Terlambat,0.0,1.0
MHS028071,2022,,0.94,3.67,144,54,144,0,Terlambat,0.0,1.0
MHS028200,2022,,0.17,3.36,144,58,144,0,Terlambat,0.0,1.0
MHS028241,2022,,2.88,3.46,154,57,144,10,Terlambat,0.2052,0.7948
MHS024627,2022,,2.69,2.87,144,58,144,0,Terlambat,0.0015,0.9985
MHS024709,2023,,3.46,2.49,102,44,135,-33,Tepat Waktu,1.0,0.0
MHS024844,2022,,3.58,3.52,141,54,144,-3,Tepat Waktu,0.8752,0.1248
MHS025022,2022,,2.62,3.19,146,59,144,2,Terlambat,0.0045,0.9955
MHS025131,2020,,2.19,2.19,144,60,144,0,Terlambat,0.0,1.0
MHS025379,2022,,2.67,3.34,145,68,144,1,Terlambat,0.1582,0.8418
MHS025453,2021,,2.52,2.44,150,56,144,6,Terlambat,0.0,1.0
MHS025831,2023,,3.57,2.15,97,39,135,-38,Tepat Waktu,1.0,0.0
MHS026171,2019,,2.22,2.03,144,60,144,0,Terlambat,0.0,1.0
MHS026460,2019,,2.4,2.47,144,60,144,0,Terlambat,0.0,1.0
MHS026874,2022,,2.33,2.77,146,56,144,2,Terlambat,0.0,1.0
MHS027076,2022,,2.41,3.41,148,60,144,4,Terlambat,0.0021,0.9979
MHS027175,2023,,3.76,2.58,102,48,135,-33,Tepat Waktu,1.0,0.0
MHS027238,2022,,2.32,2.79,147,60,144,3,Terlambat,0.0,1.0
MHS027732,2022,,1.61,3.08,147,56,144,3,Terlambat,0.0,1.0
MHS027939,2022,,1.33,3.01,145,58,144,1,Terlambat,0.0,1.0
MHS028107,2024,,3.9,2.29,60,26,95,-35,Tepat Waktu,1.0,0.0
MHS024637,2020,,2.78,2.91,148,60,144,4,Terlambat,0.0076,0.9924
MHS024705,2022,,2.68,3.37,144,59,144,0,Terlambat,0.0291,0.9709
MHS024975,2020,,2.63,2.63,147,56,144,3,Terlambat,0.0001,0.9999
MHS025037,2019,,2.61,2.62,150,61,144,6,Terlambat,0.0001,0.9999
MHS025115,2021,,2.37,2.41,149,61,144,5,Terlambat,0.0,1.0
MHS025470,2021,,2.57,2.63,146,52,144,2,Terlambat,0.0001,0.9999
MHS025914,2020,,3.06,2.74,155,62,144,11,Terlambat,0.0504,0.9496
MHS026660,2023,,3.59,2.72,108,51,135,-27,Tepat Waktu,1.0,0.0
MHS026755,2022,,3.58,2.47,134,49,144,-10,Terlambat,0.0531,0.9469
MHS026812,2022,,2.56,3.02,149,59,144,5,Terlambat,0.0009,0.9991
MHS027119,2022,,2.39,3.35,148,60,144,4,Terlambat,0.0014,0.9986
MHS027181,2024,,3.69,2.13,59,23,95,-36,Tepat Waktu,1.0,0.0
MHS027305,2021,,3.09,2.98,155,59,144,11,Terlambat,0.1722,0.8278
MHS027385,2024,,3.72,2.1,59,23,95,-36,Tepat Waktu,1.0,0.0
MHS027642,2022,,1.97,2.9,148,60,144,4,Terlambat,0.0,1.0
MHS028041,2022,,3.82,3.39,153,59,144,9,Tepat Waktu,0.8541,0.1459
MHS025117,2020,,2.61,3.14,146,55,144,2,Terlambat,0.0044,0.9956
MHS025333,2020,,2.58,3.04,144,57,144,0,Terlambat,0.002,0.998
MHS025613,2021,,2.48,2.48,147,55,144,3,Terlambat,0.0,1.0
MHS025881,2021,,2.49,3.12,144,57,144,0,Terlambat,0.0019,0.9981
MHS025891,2021,,2.87,2.44,154,59,144,10,Terlambat,0.0002,0.9998
MHS026496,2022,,2.4,2.86,144,57,144,0,Terlambat,0.0001,0.9999
MHS026647,2022,,2.5,2.89,147,56,144,3,Terlambat,0.0002,0.9998
MHS026701,2022,,2.48,3.26,147,55,144,3,Terlambat,0.0021,0.9979
MHS026732,2022,,2.4,2.89,145,59,144,1,Terlambat,0.0001,0.9999
MHS026824,2022,,2.55,3.18,149,61,144,5,Terlambat,0.0045,0.9955
MHS027007,2022,,3.4,2.76,141,56,144,-3,Terlambat,0.0542,0.9458
MHS027401,2022,,2.31,3.29,145,56,144,1,Terlambat,0.0002,0.9998
MHS024959,2023,,3.47,2.45,102,44,135,-33,Tepat Waktu,1.0,0.0
MHS024991,2022,,2.62,3.3,146,51,144,2,Terlambat,0.0154,0.9846
MHS025030,2022,,2.6,3.14,144,56,144,0,Terlambat,0.0044,0.9956
MHS025158,2021,,2.61,2.91,146,61,144,2,Terlambat,0.0018,0.9982
MHS025265,2022,,3.57,2.44,137,54,144,-7,Terlambat,0.0048,0.9952
MHS025274,2021,,2.76,2.76,149,58,144,5,Terlambat,0.0009,0.9991
MHS025331,2020,,2.39,2.39,146,55,144,2,Terlambat,0.0,1.0
MHS025395,2021,,2.57,2.73,146,57,144,2,Terlambat,0.0002,0.9998
MHS025444,2024,,3.61,2.19,58,24,95,-37,Tepat Waktu,1.0,0.0
MHS026008,2022,,3.66,2.14,124,52,144,-20,Terlambat,0.1976,0.8024
MHS026091,2022,,2.64,3.36,148,57,144,4,Terlambat,0.0153,0.9847
MHS026166,2022,,3.35,2.71,141,48,144,-3,Terlambat,0.0546,0.9454
MHS026267,2024,,3.59,2.39,60,25,95,-35,Tepat Waktu,1.0,0.0
MHS026408,2022,,3.01,3.08,152,64,144,8,Terlambat,0.1648,0.8352
MHS026479,2022,,2.54,3.32,147,69,144,3,Terlambat,0.064,0.936
MHS026573,2022,,2.44,3.43,145,59,144,1,Terlambat,0.0019,0.9981
MHS026597,2019,,2.88,2.7,151,57,144,7,Terlambat,0.0013,0.9987
MHS026599,2022,,2.38,3.19,146,58,144,2,Terlambat,0.0005,0.9995
MHS026789,2022,,2.39,3.15,145,59,144,1,Terlambat,0.0005,0.9995
MHS026930,2022,,2.34,2.64,144,55,144,0,Terlambat,0.0,1.0
MHS027089,2022,,2.37,3.25,145,58,144,1,Terlambat,0.0006,0.9994
MHS027202,2022,,2.31,2.71,144,57,144,0,Terlambat,0.0,1.0
MHS027360,2022,,2.27,2.91,146,59,144,2,Terlambat,0.0,1.0
MHS027391,2022,,2.28,2.78,144,57,144,0,Terlambat,0.0,1.0
MHS027550,2022,,1.75,2.44,147,58,144,3,Terlambat,0.0,1.0
MHS027663,2022,,2.28,2.73,145,57,144,1,Terlambat,0.0,1.0
MHS027664,2022,,1.63,3.27,147,59,144,3,Terlambat,0.0,1.0
MHS027813,2024,,3.8,2.24,57,24,95,-38,Tepat Waktu,1.0,0.0
MHS024586,2019,,2.63,2.62,150,55,144,6,Terlambat,0.0001,0.9999
MHS024645,2024,,3.47,1.79,55,21,95,-40,Tepat Waktu,1.0,0.0
MHS024660,2024,,3.45,2.22,60,23,95,-35,Tepat Waktu,1.0,0.0
MHS024752,2019,,2.72,2.72,148,60,144,4,Terlambat,0.0004,0.9996
MHS024811,2022,,2.64,2.89,144,55,144,0,Terlambat,0.0007,0.9993
MHS024826,2022,,2.66,3.39,146,59,144,2,Terlambat,0.0225,0.9775
MHS025168,2021,,2.59,3.34,144,58,144,0,Terlambat,0.0155,0.9845
MHS025317,2024,,3.49,2.38,57,22,95,-38,Tepat Waktu,1.0,0.0
MHS025456,2022,,2.72,3.3,148,60,144,4,Terlambat,0.0311,0.9689
MHS025588,2023,,2.44,2.84,109,44,135,-26,Tepat Waktu,1.0,0.0
MHS025772,2022,,3.44,2.22,142,58,144,-2,Terlambat,0.0,1.0
MHS025870,2024,,3.27,0.47,17,7,95,-78,Tepat Waktu,1.0,0.0
MHS025903,2022,,2.55,3.26,145,55,144,1,Terlambat,0.0046,0.9954
MHS026393,2021,,2.42,2.52,144,60,144,0,Terlambat,0.0,1.0
MHS026875,2024,,3.64,2.39,56,25,95,-39,Tepat Waktu,1.0,0.0
MHS027509,2024,,3.72,1.97,56,21,95,-39,Tepat Waktu,1.0,0.0
MHS027752,2022,,1.81,3.61,145,56,144,1,Terlambat,0.0,1.0
MHS028097,2023,,0.29,2.81,103,49,135,-32,Terlambat,0.0,1.0
MHS024596,2021,,2.79,2.95,148,55,144,4,Terlambat,0.0057,0.9943
MHS024776,2021,,3.21,3.34,153,63,144,9,Tepat Waktu,0.8205,0.1795
MHS024794,2021,,2.68,2.68,145,57,144,1,Terlambat,0.0002,0.9998
MHS024990,2024,,3.47,2.39,57,21,95,-38,Tepat Waktu,1.0,0.0
MHS025091,2021,,2.61,2.61,148,59,144,4,Terlambat,0.0,1.0
MHS025468,2021,,2.39,2.21,154,58,144,10,Terlambat,0.0,1.0
MHS025651,2020,,2.46,2.46,144,59,144,0,Terlambat,0.0,1.0
MHS025816,2024,,3.54,2.46,59,23,95,-36,Tepat Waktu,1.0,0.0
MHS026034,2022,,3.1,3.22,152,64,144,8,Terlambat,0.4229,0.5771
MHS026110,2022,,2.58,3.19,147,69,144,3,Terlambat,0.0539,0.9461
MHS026141,2022,,2.63,2.98,148,57,144,4,Terlambat,0.0012,0.9988
MHS026562,2023,,3.58,2.98,108,51,135,-27,Tepat Waktu,1.0,0.0
MHS026583,2023,,3.74,2.42,102,44,135,-33,Tepat Waktu,1.0,0.0
MHS026788,2022,,2.44,3.24,147,59,144,3,Terlambat,0.0009,0.9991
MHS026991,2024,,3.67,2.41,59,23,95,-36,Tepat Waktu,1.0,0.0
MHS027631,2022,,3.63,3.1,153,62,144,9,Tepat Waktu,0.7013,0.2987
MHS027735,2022,,2.22,3.1,144,54,144,0,Terlambat,0.0,1.0
MHS027830,2024,,3.39,1.83,36,14,95,-59,Tepat Waktu,1.0,0.0
MHS027980,2022,,1.2,2.73,144,59,144,0,Terlambat,0.0,1.0
MHS024648,2024,,3.49,2.5,59,25,95,-36,Tepat Waktu,1.0,0.0
MHS024688,2021,,2.78,3.34,148,61,144,4,Terlambat,0.0644,0.9356
MHS025144,2023,,3.56,2.96,103,43,135,-32,Tepat Waktu,1.0,0.0
MHS025241,2021,,2.59,2.78,144,56,144,0,Terlambat,0.0002,0.9998
MHS025298,2020,,3.07,2.5,153,57,144,9,Terlambat,0.0013,0.9987
MHS025642,2024,,3.61,2.3,58,22,95,-37,Tepat Waktu,1.0,0.0
MHS025786,2023,,3.64,3.04,101,39,135,-34,Tepat Waktu,1.0,0.0
MHS025791,2024,,3.55,2.31,57,22,95,-38,Tepat Waktu,1.0,0.0
MHS026490,2022,,2.54,3.11,147,58,144,3,Terlambat,0.0018,0.9982
MHS026942,2023,,3.67,2.94,104,40,135,-31,Tepat Waktu,1.0,0.0
MHS027024,2022,,3.66,2.11,134,57,144,-10,Terlambat,0.0001,0.9999
MHS027118,2022,,2.33,2.7,144,54,144,0,Terlambat,0.0,1.0
MHS027292,2024,,3.75,2.02,58,22,95,-37,Tepat Waktu,1.0,0.0
MHS027348,2023,,3.69,2.59,100,39,135,-35,Tepat Waktu,1.0,0.0
MHS027790,2024,,3.79,2.21,60,23,95,-35,Tepat Waktu,1.0,0.0
MHS027877,2022,,2.2,3.04,152,62,144,8,Terlambat,0.0001,0.9999
MHS027989,2022,,3.81,3.37,153,57,144,9,Tepat Waktu,0.7642,0.2358
MHS024679,2023,,3.55,3.13,106,41,135,-29,Tepat Waktu,1.0,0.0
MHS025195,2019,,2.33,2.34,148,52,144,4,Terlambat,0.0,1.0
MHS025268,2022,,2.69,3.01,145,59,144,1,Terlambat,0.003,0.997
MHS025432,2022,,2.76,3.76,41,15,144,-103,Tepat Waktu,1.0,0.0
MHS025474,2019,,2.43,2.43,144,50,144,0,Terlambat,0.0,1.0
MHS025974,2021,,3.12,3.24,151,63,144,7,Tepat Waktu,0.5703,0.4297
MHS026136,2022,,2.54,3.01,145,57,144,1,Terlambat,0.001,0.999
MHS026215,2022,,2.53,2.9,145,58,144,1,Terlambat,0.0004,0.9996
MHS026291,2020,,2.43,2.69,144,57,144,0,Terlambat,0.0,1.0
MHS026293,2022,,2.44,3.02,146,52,144,2,Terlambat,0.0004,0.9996
MHS026612,2023,,3.8,2.11,93,34,135,-42,Tepat Waktu,1.0,0.0
MHS026801,2023,,3.76,2.67,110,41,135,-25,Tepat Waktu,1.0,0.0
MHS026808,2022,,2.36,2.84,144,58,144,0,Terlambat,0.0,1.0
MHS026954,2024,,3.7,1.83,57,22,95,-38,Tepat Waktu,1.0,0.0
MHS027014,2022,,2.37,3.01,145,60,144,1,Terlambat,0.0002,0.9998
MHS027053,2024,,3.68,2.45,59,23,95,-36,Tepat Waktu,1.0,0.0
MHS027231,2024,,3.7,2.66,59,23,95,-36,Tepat Waktu,1.0,0.0
MHS027245,2022,,2.98,3.15,151,57,144,7,Terlambat,0.1073,0.8927
MHS027279,2022,,2.3,2.86,144,57,144,0,Terlambat,0.0,1.0
MHS027537,2022,,2.26,3.16,148,60,144,4,Terlambat,0.0001,0.9999
MHS025063,2020,,2.56,2.56,147,58,144,3,Terlambat,0.0,1.0
MHS025186,2022,,3.58,3.36,140,54,144,-4,Tepat Waktu,0.7966,0.2034
MHS025191,2022,,2.72,3.17,145,68,144,1,Terlambat,0.12,0.88
MHS025213,2022,,2.7,3.16,145,63,144,1,Terlambat,0.0156,0.9844
MHS025762,2022,,2.7,3.32,148,56,144,4,Terlambat,0.0149,0.9851
MHS025784,2023,,3.5,2.98,108,51,135,-27,Tepat Waktu,1.0,0.0
MHS025923,2021,,2.63,2.84,147,56,144,3,Terlambat,0.0005,0.9995
MHS026530,2024,,3.62,2.49,61,24,95,-34,Tepat Waktu,1.0,0.0
MHS026775,2022,,2.44,2.91,147,55,144,3,Terlambat,0.0001,0.9999
MHS027333,2024,,3.75,2.09,57,22,95,-38,Tepat Waktu,1.0,0.0
MHS027403,2024,,3.58,2.42,62,23,95,-33,Tepat Waktu,1.0,0.0
MHS027703,2023,,3.77,2.61,104,49,135,-31,Tepat Waktu,1.0,0.0
MHS028185,2022,,3.62,2.25,127,50,144,-17,Terlambat,0.2025,0.7975
MHS024849,2023,,3.48,2.64,99,42,135,-36,Tepat Waktu,1.0,0.0
MHS025032,2020,,2.67,2.67,149,59,144,5,Terlambat,0.0003,0.9997
MHS025041,2022,,2.6,2.79,144,55,144,0,Terlambat,0.0002,0.9998
MHS025160,2022,,3.57,1.61,116,46,144,-28,Terlambat,0.1061,0.8939
MHS025446,2021,,2.84,2.7,154,59,144,10,Terlambat,0.0037,0.9963
MHS025514,2021,,2.81,2.77,151,59,144,7,Terlambat,0.0031,0.9969
MHS025701,2021,,2.64,3.19,147,58,144,3,Terlambat,0.0073,0.9927
MHS025718,2019,,3.17,3.14,150,61,144,6,Terlambat,0.3355,0.6645
MHS026457,2022,,2.54,2.92,147,58,144,3,Terlambat,0.0005,0.9995
MHS026758,2022,,2.35,2.83,146,62,144,2,Terlambat,0.0,1.0
MHS026878,2024,,3.67,1.53,57,22,95,-38,Tepat Waktu,1.0,0.0
MHS026933,2022,,3.25,1.93,115,47,144,-29,Tepat Waktu,0.9881,0.0119
MHS027047,2022,,3.69,2.52,135,55,144,-9,Terlambat,0.0308,0.9692
MHS027284,2024,,3.75,2.21,58,22,95,-37,Tepat Waktu,1.0,0.0
MHS027404,2024,,3.72,2.48,59,23,95,-36,Tepat Waktu,1.0,0.0
MHS027630,2022,,2.28,3.39,145,58,144,1,Terlambat,0.0004,0.9996
MHS027656,2022,,1.74,3.16,146,60,144,2,Terlambat,0.0,1.0
MHS024825,2023,,3.47,2.6,99,42,135,-36,Tepat Waktu,1.0,0.0
MHS025218,2022,,3.57,2.11,139,53,144,-5,Terlambat,0.0,1.0
MHS025299,2020,,3.07,3.08,149,62,144,5,Terlambat,0.1588,0.8412
MHS025521,2024,,3.47,2.71,60,23,95,-35,Tepat Waktu,1.0,0.0
MHS025532,2024,,3.53,2.24,57,22,95,-38,Tepat Waktu,1.0,0.0
MHS025735,2021,,2.55,2.86,146,58,144,2,Terlambat,0.0005,0.9995
MHS025893,2023,,3.52,2.64,98,38,135,-37,Tepat Waktu,1.0,0.0
MHS026108,2023,,3.61,2.77,104,45,135,-31,Tepat Waktu,1.0,0.0
MHS026606,2022,,2.44,2.97,145,59,144,1,Terlambat,0.0003,0.9997
MHS026728,2024,,3.63,2.54,59,23,95,-36,Tepat Waktu,1.0,0.0
MHS027173,2022,,2.33,3.33,145,55,144,1,Terlambat,0.0005,0.9995
MHS027248,2022,,3.7,2.24,122,45,144,-22,Tepat Waktu,0.9772,0.0228
MHS027415,2022,,2.28,3.26,149,59,144,5,Terlambat,0.0002,0.9998
MHS027421,2024,,3.71,2.29,56,21,95,-39,Tepat Waktu,1.0,0.0
MHS027502,2022,,2.3,2.88,145,56,144,1,Terlambat,0.0,1.0
MHS027660,2022,,2.28,3.08,145,59,144,1,Terlambat,0.0001,0.9999
MHS027708,2022,,2.26,3.09,152,62,144,8,Terlambat,0.0002,0.9998
MHS027712,2022,,1.89,3.53,148,60,144,4,Terlambat,0.0,1.0
MHS027970,2024,,3.83,1.96,60,24,95,-35,Tepat Waktu,1.0,0.0
MHS028024,2022,,0.81,3.36,147,55,144,3,Terlambat,0.0,1.0
MHS028192,2022,,0.28,3.12,144,58,144,0,Terlambat,0.0,1.0
MHS024853,2021,,2.53,2.53,147,57,144,3,Terlambat,0.0,1.0
MHS024880,2023,,3.5,2.29,99,42,135,-36,Tepat Waktu,1.0,0.0
MHS025112,2020,,2.34,2.34,144,60,144,0,Terlambat,0.0,1.0
MHS025163,2023,,3.56,2.99,103,43,135,-32,Tepat Waktu,1.0,0.0
MHS025221,2021,,2.61,2.76,146,58,144,2,Terlambat,0.0002,0.9998
MHS025352,2024,,3.49,2.33,57,22,95,-38,Tepat Waktu,1.0,0.0
MHS025584,2024,,3.53,2.49,59,23,95,-36,Tepat Waktu,1.0,0.0
MHS025873,2022,,3.11,3.11,149,61,144,5,Terlambat,0.1324,0.8676
MHS025997,2021,,2.61,2.69,147,58,144,3,Terlambat,0.0002,0.9998
MHS026152,2022,,2.63,3.25,148,57,144,4,Terlambat,0.009,0.991
MHS026894,2023,,3.64,2.36,99,40,135,-36,Tepat Waktu,1.0,0.0
MHS027252,2023,,3.8,2.79,103,43,135,-32,Tepat Waktu,1.0,0.0
MHS027426,2024,,3.71,1.9,56,21,95,-39,Tepat Waktu,1.0,0.0
MHS028166,2022,,3.9,2.47,139,51,144,-5,Terlambat,0.0074,0.9926
MHS028268,2022,,0.0,3.27,146,59,144,2,Terlambat,0.0,1.0
MHS024693,2022,,2.68,3.32,144,58,144,0,Terlambat,0.0151,0.9849
MHS024732,2022,,2.67,3.28,146,60,144,2,Terlambat,0.0122,0.9878
MHS024827,2022,,2.66,2.97,146,59,144,2,Terlambat,0.0016,0.9984
MHS024858,2022,,2.62,3.24,144,58,144,0,Terlambat,0.0094,0.9906
MHS025103,2024,,3.48,1.79,56,21,95,-39,Tepat Waktu,1.0,0.0
MHS025304,2021,,2.58,3.01,146,56,144,2,Terlambat,0.0013,0.9987
MHS025321,2024,,3.47,2.13,60,23,95,-35,Tepat Waktu,1.0,0.0
MHS025649,2022,,3.07,2.03,115,47,144,-29,Tepat Waktu,0.9953,0.0047
MHS025676,2020,,2.56,2.94,146,55,144,2,Terlambat,0.0007,0.9993
MHS025802,2023,,3.6,2.58,104,45,135,-31,Tepat Waktu,1.0,0.0
MHS025874,2022,,3.51,2.85,143,54,144,-1,Terlambat,0.0771,0.9229
MHS026007,2021,,2.47,3.2,144,50,144,0,Terlambat,0.0043,0.9957
MHS026097,2021,,2.45,2.84,144,56,144,0,Terlambat,0.0001,0.9999
MHS026355,2022,,2.42,2.97,146,56,144,2,Terlambat,0.0002,0.9998
MHS026549,2023,,3.56,2.95,108,51,135,-27,Tepat Waktu,1.0,0.0
MHS026704,2022,,2.48,3.17,147,56,144,3,Terlambat,0.0008,0.9992
MHS026766,2022,,2.44,2.76,147,58,144,3,Terlambat,0.0,1.0
MHS026961,2022,,2.32,2.93,146,56,144,2,Terlambat,0.0,1.0
MHS027146,2022,,2.34,3.01,145,58,144,1,Terlambat,0.0001,0.9999
MHS027299,2022,,2.3,3.07,144,58,144,0,Terlambat,0.0001,0.9999
MHS027627,2022,,3.92,2.0,130,50,144,-14,Terlambat,0.0003,0.9997
MHS028087,2022,,0.39,3.74,147,60,144,3,Terlambat,0.0,1.0
MHS024678,2024,,3.45,2.49,60,23,95,-35,Tepat Waktu,1.0,0.0
MHS025455,2021,,2.57,2.72,144,59,144,0,Terlambat,0.0001,0.9999
MHS026135,2023,,3.64,2.93,102,39,135,-33,Tepat Waktu,1.0,0.0
MHS026280,2022,,2.51,3.17,148,60,144,4,Terlambat,0.0023,0.9977
MHS026362,2022,,2.42,2.89,146,55,144,2,Terlambat,0.0001,0.9999
MHS026420,2021,,2.42,2.48,144,54,144,0,Terlambat,0.0,1.0
MHS026866,2022,,2.35,3.07,144,54,144,0,Terlambat,0.0001,0.9999
MHS027054,2022,,2.42,3.21,148,60,144,4,Terlambat,0.0011,0.9989
MHS027257,2022,,2.31,3.69,147,60,144,3,Terlambat,0.0009,0.9991
MHS027566,2022,,2.29,3.25,145,59,144,1,Terlambat,0.0002,0.9998
MHS027803,2022,,1.55,2.66,147,55,144,3,Terlambat,0.0,1.0
MHS027884,2022,,1.25,2.93,146,51,144,2,Terlambat,0.0,1.0
MHS024609,2022,,2.69,3.0,144,54,144,0,Terlambat,0.0044,0.9956
MHS025088,2021,,2.61,2.94,146,59,144,2,Terlambat,0.0018,0.9982
MHS025093,2021,,2.42,2.42,148,56,144,4,Terlambat,0.0,1.0
MHS025254,2019,,2.33,2.33,144,59,144,0,Terlambat,0.0,1.0
MHS025334,2024,,3.69,2.43,54,19,95,-41,Tepat Waktu,1.0,0.0
MHS025458,2024,,3.61,2.33,58,24,95,-37,Tepat Waktu,1.0,0.0
MHS025578,2020,,2.6,2.6,147,61,144,3,Terlambat,0.0001,0.9999
MHS025656,2024,,3.5,1.7,56,21,95,-39,Tepat Waktu,1.0,0.0
MHS025833,2021,,2.49,2.52,144,56,144,0,Terlambat,0.0,1.0
MHS025993,2022,,2.66,2.86,148,57,144,4,Terlambat,0.0009,0.9991
MHS026551,2022,,2.51,3.52,147,69,144,3,Terlambat,0.0798,0.9202
MHS026784,2022,,2.35,2.63,146,55,144,2,Terlambat,0.0,1.0
MHS026906,2023,,3.4,2.38,81,32,135,-54,Tepat Waktu,1.0,0.0
MHS027051,2022,,2.33,2.99,144,55,144,0,Terlambat,0.0001,0.9999
MHS027217,2023,,3.69,2.64,104,45,135,-31,Tepat Waktu,1.0,0.0
MHS027233,2022,,2.33,2.85,148,61,144,4,Terlambat,0.0,1.0
MHS027450,2023,,3.73,2.61,99,38,135,-36,Tepat Waktu,1.0,0.0
MHS027529,2023,,3.73,2.7,106,50,135,-29,Tepat Waktu,1.0,0.0
MHS027697,2022,,3.82,2.83,151,58,144,7,Terlambat,0.0748,0.9252
MHS027797,2022,,1.56,3.08,146,60,144,2,Terlambat,0.0,1.0
MHS027800,2022,,1.78,3.52,145,59,144,1,Terlambat,0.0,1.0
MHS027829,2022,,1.47,2.78,144,59,144,0,Terlambat,0.0,1.0
MHS027862,2022,,1.17,3.06,150,61,144,6,Terlambat,0.0,1.0
MHS028037,2022,,0.44,3.33,146,51,144,2,Terlambat,0.0,1.0
MHS028056,2022,,0.94,3.14,144,58,144,0,Terlambat,0.0,1.0
MHS028131,2022,,0.39,2.53,145,59,144,1,Terlambat,0.0,1.0
MHS024931,2021,,2.78,2.8,149,58,144,5,Terlambat,0.0024,0.9976
MHS025074,2024,,3.47,1.13,56,21,95,-39,Tepat Waktu,1.0,0.0
MHS025272,2024,,3.52,1.96,59,23,95,-36,Tepat Waktu,1.0,0.0
MHS025911,2024,,3.51,2.1,60,23,95,-35,Tepat Waktu,1.0,0.0
MHS026546,2022,,2.51,3.36,148,59,144,4,Terlambat,0.0047,0.9953
MHS026811,2022,,2.36,3.0,144,57,144,0,Terlambat,0.0001,0.9999
MHS027074,2022,,2.3,2.66,146,60,144,2,Terlambat,0.0,1.0
MHS027424,2022,,2.3,3.34,148,61,144,4,Terlambat,0.0005,0.9995
MHS027590,2022,,2.29,3.01,145,59,144,1,Terlambat,0.0,1.0
MHS027843,2023,,3.83,3.06,105,44,135,-30,Tepat Waktu,1.0,0.0
MHS027941,2022,,1.55,3.3,148,61,144,4,Terlambat,0.0,1.0
MHS027958,2022,,1.16,3.19,145,54,144,1,Terlambat,0.0,1.0
MHS028080,2022,,1.08,3.02,148,61,144,4,Terlambat,0.0,1.0
MHS024599,2022,,2.71,3.19,144,55,144,0,Terlambat,0.0162,0.9838
MHS024914,2022,,2.61,2.69,144,54,144,0,Terlambat,0.0001,0.9999
MHS025146,2024,,3.5,2.11,59,25,95,-36,Tepat Waktu,1.0,0.0
MHS025504,2022,,2.67,3.23,145,57,144,1,Terlambat,0.0082,0.9918
MHS025523,2021,,2.56,3.2,146,55,144,2,Terlambat,0.0035,0.9965
MHS025988,2024,,3.54,2.39,60,23,95,-35,Tepat Waktu,1.0,0.0
MHS026261,2022,,3.44,2.92,142,54,144,-2,Terlambat,0.1901,0.8099
MHS026273,2023,,3.58,1.55,94,35,135,-41,Tepat Waktu,1.0,0.0
MHS026987,2023,,3.58,2.76,100,39,135,-35,Tepat Waktu,1.0,0.0
MHS027261,2022,,2.29,2.89,146,61,144,2,Terlambat,0.0,1.0
MHS027344,2023,,3.81,2.85,103,43,135,-32,Tepat Waktu,1.0,0.0
MHS027506,2022,,2.12,3.52,146,59,144,2,Terlambat,0.0001,0.9999
MHS027558,2022,,2.26,3.17,144,58,144,0,Terlambat,0.0001,0.9999
MHS027665,2024,,3.79,2.26,56,21,95,-39,Tepat Waktu,1.0,0.0
MHS027835,2022,,3.83,2.51,136,55,144,-8,Terlambat,0.017,0.983
MHS027873,2022,,1.64,3.32,148,60,144,4,Terlambat,0.0,1.0
MHS024633,2020,,2.54,2.57,148,63,144,4,Terlambat,0.0,1.0
MHS024638,2021,,2.37,2.38,145,61,144,1,Terlambat,0.0,1.0
MHS024728,2021,,2.72,3.26,147,61,144,3,Terlambat,0.0427,0.9573
MHS024875,2020,,2.32,2.32,147,56,144,3,Terlambat,0.0,1.0
MHS024891,2021,,2.78,2.88,145,57,144,1,Terlambat,0.0047,0.9953
MHS024906,2021,,3.14,3.3,149,52,144,5,Terlambat,0.4872,0.5128
MHS025018,2024,,3.47,2.1,57,22,95,-38,Tepat Waktu,1.0,0.0
MHS025141,2019,,2.33,2.33,144,59,144,0,Terlambat,0.0,1.0
MHS025161,2022,,3.44,2.12,129,51,144,-15,Terlambat,0.0047,0.9953
MHS025167,2022,,2.72,2.87,145,59,144,1,Terlambat,0.0013,0.9987
MHS025243,2020,,2.78,2.71,151,60,144,7,Terlambat,0.0016,0.9984
MHS025285,2021,,2.59,2.64,146,57,144,2,Terlambat,0.0,1.0
MHS025372,2021,,3.08,3.44,154,64,144,10,Tepat Waktu,0.8406,0.1594
MHS025420,2019,,2.58,3.03,144,60,144,0,Terlambat,0.0028,0.9972
MHS025557,2023,,3.56,1.32,67,26,135,-68,Tepat Waktu,1.0,0.0
MHS025628,2021,,2.5,3.29,144,56,144,0,Terlambat,0.0032,0.9968
MHS025692,2022,,2.61,2.86,145,57,144,1,Terlambat,0.0004,0.9996
MHS025754,2023,,3.63,2.93,103,43,135,-32,Tepat Waktu,1.0,0.0
MHS025817,2022,,3.58,1.83,129,48,144,-15,Terlambat,0.0,1.0
MHS025926,2024,,3.55,1.93,56,21,95,-39,Tepat Waktu,1.0,0.0
MHS026659,2023,,3.65,2.95,104,40,135,-31,Tepat Waktu,1.0,0.0
MHS026698,2022,,2.36,2.93,146,55,144,2,Terlambat,0.0,1.0
MHS026947,2021,,3.25,3.25,157,63,144,13,Tepat Waktu,0.8941,0.1059
MHS027441,2022,,2.28,3.3,144,58,144,0,Terlambat,0.0002,0.9998
MHS027473,2024,,3.72,2.49,55,23,95,-40,Tepat Waktu,1.0,0.0
MHS027924,2022,,2.17,3.27,152,61,144,8,Terlambat,0.0001,0.9999
MHS028136,2024,,0.35,2.34,61,25,95,-34,Tepat Waktu,1.0,0.0
MHS028138,2022,,0.26,3.05,145,68,144,1,Terlambat,0.0,1.0
MHS024650,2022,,2.67,3.15,146,59,144,2,Terlambat,0.0088,0.9912
MHS025545,2023,,3.58,2.58,104,45,135,-31,Tepat Waktu,1.0,0.0
MHS026109,2021,,2.46,2.67,146,57,144,2,Terlambat,0.0,1.0
MHS026210,2024,,3.58,2.13,60,25,95,-35,Tepat Waktu,1.0,0.0
MHS026347,2022,,2.5,2.9,145,57,144,1,Terlambat,0.0003,0.9997
MHS026624,2022,,3.68,2.54,139,53,144,-5,Terlambat,0.0102,0.9898
MHS026816,2023,,3.81,2.3,101,41,135,-34,Tepat Waktu,1.0,0.0
MHS026863,2022,,2.36,3.07,144,54,144,0,Terlambat,0.0002,0.9998
MHS026920,2022,,2.44,3.22,148,60,144,4,Terlambat,0.0014,0.9986
MHS027145,2022,,2.34,3.33,147,56,144,3,Terlambat,0.0004,0.9996
MHS027452,2022,,2.19,3.17,146,59,144,2,Terlambat,0.0,1.0
MHS027573,2022,,2.26,3.11,144,58,144,0,Terlambat,0.0001,0.9999
MHS027762,2022,,1.67,2.88,144,54,144,0,Terlambat,0.0,1.0
MHS024661,2019,,2.72,2.85,147,61,144,3,Terlambat,0.0016,0.9984
MHS025178,2020,,2.5,2.5,146,58,144,2,Terlambat,0.0,1.0
MHS025193,2020,,2.61,3.35,146,51,144,2,Terlambat,0.0173,0.9827
MHS025702,2021,,2.5,2.49,147,56,144,3,Terlambat,0.0,1.0
MHS025741,2024,,3.5,2.38,60,23,95,-35,Tepat Waktu,1.0,0.0
MHS025799,2021,,2.42,2.42,144,60,144,0,Terlambat,0.0,1.0
MHS026018,2024,,3.55,1.82,60,23,95,-35,Tepat Waktu,1.0,0.0
MHS026053,2021,,2.49,2.8,146,60,144,2,Terlambat,0.0001,0.9999
MHS026093,2024,,3.57,2.2,57,22,95,-38,Tepat Waktu,1.0,0.0
MHS026177,2024,,3.56,2.59,59,23,95,-36,Tepat Waktu,1.0,0.0
MHS026187,2021,,2.44,2.72,144,57,144,0,Terlambat,0.0,1.0
MHS026231,2023,,3.68,2.57,101,42,135,-34,Tepat Waktu,1.0,0.0
MHS027020,2023,,3.62,2.15,95,35,135,-40,Tepat Waktu,1.0,0.0
MHS027061,2022,,2.31,2.7,146,58,144,2,Terlambat,0.0,1.0
MHS027127,2022,,3.17,3.11,153,57,144,9,Terlambat,0.2113,0.7887
MHS027616,2022,,2.26,3.32,144,58,144,0,Terlambat,0.0002,0.9998
MHS027785,2022,,1.45,3.4,150,61,144,6,Terlambat,0.0,1.0
MHS024644,2022,,2.69,3.12,144,55,144,0,Terlambat,0.0092,0.9908
MHS024757,2021,,2.76,2.76,145,59,144,1,Terlambat,0.001,0.999
MHS025641,2022,,2.64,3.3,145,55,144,1,Terlambat,0.0086,0.9914
MHS025724,2023,,3.5,2.14,98,38,135,-37,Tepat Waktu,1.0,0.0
MHS026055,2023,,3.62,2.71,102,39,135,-33,Tepat Waktu,1.0,0.0
MHS026179,2021,,2.44,2.67,146,60,144,2,Terlambat,0.0,1.0
MHS026980,2022,,2.41,3.12,147,58,144,3,Terlambat,0.0003,0.9997
MHS027070,2024,,3.67,2.09,56,21,95,-39,Tepat Waktu,1.0,0.0
MHS027177,2023,,2.43,2.9,109,43,135,-26,Tepat Waktu,1.0,0.0
MHS027445,2022,,2.31,3.04,145,53,144,1,Terlambat,0.0001,0.9999
MHS027555,2023,,0.11,2.36,101,41,135,-34,Terlambat,0.0,1.0
MHS027683,2024,,3.78,2.4,59,23,95,-36,Tepat Waktu,1.0,0.0
MHS027935,2023,,1.07,2.92,107,41,135,-28,Terlambat,0.0041,0.9959
MHS024606,2024,,3.56,2.63,58,24,95,-37,Tepat Waktu,1.0,0.0
MHS024625,2024,,3.45,2.25,57,22,95,-38,Tepat Waktu,1.0,0.0
MHS025049,2024,,3.5,2.48,59,23,95,-36,Tepat Waktu,1.0,0.0
MHS025075,2022,,2.77,3.09,145,67,144,1,Terlambat,0.0831,0.9169
MHS025208,2020,,1.6,1.88,153,56,144,9,Terlambat,0.0,1.0
MHS025335,2021,,2.58,3.43,146,58,144,2,Terlambat,0.0106,0.9894
MHS025345,2022,,2.75,3.13,148,59,144,4,Terlambat,0.0159,0.9841
MHS025410,2021,,2.57,3.06,146,56,144,2,Terlambat,0.0017,0.9983
MHS025556,2024,,3.53,2.09,57,22,95,-38,Tepat Waktu,1.0,0.0
MHS026338,2024,,3.6,1.82,56,22,95,-39,Tepat Waktu,1.0,0.0
MHS026592,2021,,3.16,2.24,153,63,144,9,Terlambat,0.0001,0.9999
MHS026622,2022,,2.44,2.86,145,59,144,1,Terlambat,0.0001,0.9999
MHS026735,2022,,2.36,3.17,146,55,144,2,Terlambat,0.0003,0.9997
MHS026965,2022,,2.34,3.38,144,53,144,0,Terlambat,0.0006,0.9994
MHS027115,2022,,2.33,3.46,144,55,144,0,Terlambat,0.0008,0.9992
MHS027183,2024,,3.74,2.1,58,22,95,-37,Tepat Waktu,1.0,0.0
MHS027329,2024,,3.75,2.04,57,23,95,-38,Tepat Waktu,1.0,0.0
MHS027611,2022,,2.26,3.16,144,52,144,0,Terlambat,0.0001,0.9999
MHS027623,2022,,1.83,3.06,146,60,144,2,Terlambat,0.0,1.0
MHS027736,2022,,1.58,3.12,147,55,144,3,Terlambat,0.0,1.0
MHS027810,2022,,1.47,2.96,146,59,144,2,Terlambat,0.0,1.0
MHS028007,2022,,0.94,3.18,149,60,144,5,Terlambat,0.0,1.0
MHS028193,2022,,0.32,3.31,148,60,144,4,Terlambat,0.0,1.0
MHS028235,2022,,0.0,3.37,149,56,144,5,Terlambat,0.0,1.0
MHS024589,2024,,3.44,1.63,56,23,95,-39,Tepat Waktu,1.0,0.0
MHS024668,2022,,3.5,3.03,130,54,144,-14,Tepat Waktu,0.9831,0.0169
MHS024711,2024,,3.46,2.28,60,23,95,-35,Tepat Waktu,1.0,0.0
MHS024926,2021,,2.39,2.61,154,59,144,10,Terlambat,0.0,1.0
MHS024983,2022,,2.78,3.49,145,67,144,1,Terlambat,0.3408,0.6592
MHS025249,2021,,2.67,2.92,147,55,144,3,Terlambat,0.0016,0.9984
MHS025730,2024,,3.51,1.95,56,25,95,-39,Tepat Waktu,1.0,0.0
MHS025777,2019,,1.81,1.89,144,57,144,0,Terlambat,0.0,1.0
MHS025788,2020,,2.5,2.93,144,60,144,0,Terlambat,0.0007,0.9993
MHS025847,2021,,3.04,2.76,155,52,144,11,Terlambat,0.0266,0.9734
MHS026067,2021,,2.48,3.27,146,57,144,2,Terlambat,0.0031,0.9969
MHS027057,2024,,3.66,2.19,60,23,95,-35,Tepat Waktu,1.0,0.0
MHS027136,2021,,2.83,3.43,156,59,144,12,Terlambat,0.4324,0.5676
MHS027185,2023,,3.7,2.29,99,39,135,-36,Tepat Waktu,1.0,0.0
MHS027472,2024,,3.92,2.49,61,25,95,-34,Tepat Waktu,1.0,0.0
MHS024889,2022,,3.3,2.67,143,57,144,-1,Terlambat,0.0075,0.9925
MHS025005,2024,,3.5,2.37,59,23,95,-36,Tepat Waktu,1.0,0.0
MHS025132,2020,,2.6,2.71,144,56,144,0,Terlambat,0.0001,0.9999
MHS025257,2023,,3.57,2.67,103,43,135,-32,Tepat Waktu,1.0,0.0
MHS025339,2020,,2.67,2.69,147,52,144,3,Terlambat,0.0004,0.9996
MHS025376,2019,,2.67,3.01,147,60,144,3,Terlambat,0.0048,0.9952
MHS025804,2023,,1.37,2.34,106,39,135,-29,Terlambat,0.0688,0.9312
MHS025913,2022,,2.55,3.08,145,55,144,1,Terlambat,0.0017,0.9983
MHS025970,2021,,2.5,2.83,146,55,144,2,Terlambat,0.0001,0.9999
MHS025995,2024,,3.55,2.6,59,24,95,-36,Tepat Waktu,1.0,0.0
MHS026308,2022,,2.56,3.19,147,57,144,3,Terlambat,0.0033,0.9967
MHS026514,2022,,2.52,3.25,147,58,144,3,Terlambat,0.002,0.998
MHS027210,2022,,2.29,3.19,146,56,144,2,Terlambat,0.0002,0.9998
MHS027267,2021,,3.27,2.8,157,62,144,13,Terlambat,0.329,0.671
MHS027374,2022,,2.03,2.86,147,60,144,3,Terlambat,0.0,1.0
MHS027553,2023,,3.86,2.86,103,43,135,-32,Tepat Waktu,1.0,0.0
MHS027651,2022,,1.75,3.24,146,59,144,2,Terlambat,0.0,1.0
MHS028088,2022,,1.53,3.62,151,60,144,7,Terlambat,0.0,1.0
MHS024623,2022,,2.69,2.98,144,59,144,0,Terlambat,0.004,0.996
MHS024727,2022,,2.67,3.5,146,59,144,2,Terlambat,0.0214,0.9786
MHS024835,2021,,2.78,3.1,148,61,144,4,Terlambat,0.0208,0.9792
MHS024932,2021,,2.11,2.14,147,58,144,3,Terlambat,0.0,1.0
MHS024944,2021,,3.05,2.7,153,61,144,9,Terlambat,0.0151,0.9849
MHS025380,2021,,2.58,2.97,144,57,144,0,Terlambat,0.0017,0.9983
MHS025621,2022,,2.64,2.98,145,55,144,1,Terlambat,0.0014,0.9986
MHS025807,2023,,3.58,1.93,95,43,135,-40,Tepat Waktu,1.0,0.0
MHS025857,2021,,2.49,2.66,144,59,144,0,Terlambat,0.0,1.0
MHS025943,2023,,3.78,2.0,90,33,135,-45,Tepat Waktu,1.0,0.0
MHS025981,2022,,2.61,2.57,148,58,144,4,Terlambat,0.0,1.0
MHS026125,2022,,2.57,3.22,147,69,144,3,Terlambat,0.0566,0.9434
MHS026209,2024,,3.58,2.12,57,22,95,-38,Tepat Waktu,1.0,0.0
MHS026282,2023,,3.65,2.46,102,46,135,-33,Tepat Waktu,1.0,0.0
MHS026333,2019,,2.43,2.61,144,59,144,0,Terlambat,0.0,1.0
MHS026350,2022,,2.42,3.05,146,55,144,2,Terlambat,0.0003,0.9997
MHS026430,2022,,3.6,3.36,143,55,144,-1,Tepat Waktu,0.7569,0.2431
MHS026547,2023,,3.6,2.3,97,39,135,-38,Tepat Waktu,1.0,0.0
MHS026800,2022,,2.36,3.06,144,57,144,0,Terlambat,0.0001,0.9999
MHS026871,2024,,3.67,2.26,59,23,95,-36,Tepat Waktu,1.0,0.0
MHS027093,2023,,3.59,2.84,100,39,135,-35,Tepat Waktu,1.0,0.0
MHS027328,2022,,3.36,2.81,131,51,144,-13,Tepat Waktu,0.8405,0.1595
MHS027588,2022,,2.97,3.33,151,53,144,7,Terlambat,0.1671,0.8329
MHS027882,2024,,3.86,2.2,56,21,95,-39,Tepat Waktu,1.0,0.0
MHS028017,2022,,0.95,3.43,145,58,144,1,Terlambat,0.0,1.0
MHS028098,2023,,3.86,2.38,96,37,135,-39,Tepat Waktu,1.0,0.0
MHS028130,2022,,0.42,2.41,145,55,144,1,Terlambat,0.0,1.0
MHS024915,2022,,2.61,3.64,144,58,144,0,Terlambat,0.0232,0.9768
MHS024949,2022,,2.64,3.05,146,59,144,2,Terlambat,0.0024,0.9976
MHS025009,2022,,3.28,1.51,131,53,144,-13,Terlambat,0.0,1.0
MHS025064,2023,,3.56,2.62,104,45,135,-31,Tepat Waktu,1.0,0.0
MHS025301,2021,,3.07,3.06,149,59,144,5,Terlambat,0.0928,0.9072
MHS025533,2022,,2.67,3.05,145,57,144,1,Terlambat,0.0045,0.9955
MHS025601,2021,,2.5,2.69,144,56,144,0,Terlambat,0.0,1.0
MHS025635,2021,,2.66,3.02,147,58,144,3,Terlambat,0.0031,0.9969
MHS025774,2022,,3.12,3.35,149,70,144,5,Tepat Waktu,0.92,0.08
MHS025805,2022,,2.56,2.98,145,55,144,1,Terlambat,0.0006,0.9994
MHS026523,2024,,3.53,2.58,62,29,95,-33,Tepat Waktu,1.0,0.0
MHS026899,2022,,2.35,3.4,144,55,144,0,Terlambat,0.0006,0.9994
MHS026990,2023,,3.59,1.83,94,38,135,-41,Tepat Waktu,1.0,0.0
MHS027617,2020,,3.32,2.83,155,58,144,11,Terlambat,0.1434,0.8566
MHS027975,2022,,0.93,3.08,146,51,144,2,Terlambat,0.0,1.0
MHS024742,2021,,3.13,3.13,153,57,144,9,Terlambat,0.2662,0.7338
MHS024958,2024,,3.46,1.88,56,22,95,-39,Tepat Waktu,1.0,0.0
MHS025010,2021,,2.52,2.53,148,60,144,4,Terlambat,0.0,1.0
MHS025078,2024,,3.6,2.14,58,24,95,-37,Tepat Waktu,1.0,0.0
MHS025184,2021,,2.75,3.08,148,61,144,4,Terlambat,0.0144,0.9856
MHS025194,2019,,2.54,2.56,148,56,144,4,Terlambat,0.0,1.0
MHS025197,2024,,3.48,2.25,57,22,95,-38,Tepat Waktu,1.0,0.0
MHS025627,2022,,2.71,3.22,148,60,144,4,Terlambat,0.0202,0.9798
MHS025634,2021,,2.56,2.71,146,61,144,2,Terlambat,0.0002,0.9998
MHS026151,2021,,2.46,2.94,146,51,144,2,Terlambat,0.0003,0.9997
MHS026331,2022,,2.42,3.05,146,55,144,2,Terlambat,0.0003,0.9997
MHS026462,2022,,2.49,2.68,145,59,144,1,Terlambat,0.0,1.0
MHS026692,2022,,2.38,2.94,144,57,144,0,Terlambat,0.0001,0.9999
MHS027412,2019,,3.28,2.17,157,61,144,13,Terlambat,0.0001,0.9999
MHS027704,2022,,2.27,3.53,152,62,144,8,Terlambat,0.0011,0.9989
MHS027740,2023,,3.81,2.46,104,49,135,-31,Tepat Waktu,1.0,0.0
MHS027765,2024,,3.8,2.48,59,23,95,-36,Tepat Waktu,1.0,0.0
MHS027856,2022,,1.2,3.44,150,61,144,6,Terlambat,0.0,1.0
MHS027987,2024,,3.86,2.42,60,23,95,-35,Tepat Waktu,1.0,0.0
MHS024592,2021,,2.72,3.03,147,58,144,3,Terlambat,0.0057,0.9943
MHS024672,2021,,2.83,2.83,151,58,144,7,Terlambat,0.0039,0.9961
MHS025073,2021,,2.61,3.01,146,52,144,2,Terlambat,0.0035,0.9965
MHS025419,2021,,2.67,3.07,147,61,144,3,Terlambat,0.01,0.99
MHS025684,2024,,3.5,1.68,56,21,95,-39,Tepat Waktu,1.0,0.0
MHS026186,2024,,3.58,2.02,56,21,95,-39,Tepat Waktu,1.0,0.0
MHS026271,2021,,2.43,3.0,144,59,144,0,Terlambat,0.0005,0.9995
MHS026314,2019,,1.81,1.92,144,59,144,0,Terlambat,0.0,1.0
MHS026431,2022,,2.49,3.0,145,59,144,1,Terlambat,0.0004,0.9996
MHS026466,2022,,2.54,2.91,147,58,144,3,Terlambat,0.0004,0.9996
MHS026576,2023,,3.72,2.46,102,44,135,-33,Tepat Waktu,1.0,0.0
MHS026650,2022,,2.51,3.27,148,57,144,4,Terlambat,0.003,0.997
MHS026727,2022,,2.4,2.88,145,59,144,1,Terlambat,0.0001,0.9999
MHS026908,2022,,2.55,3.26,149,61,144,5,Terlambat,0.0066,0.9934
MHS027008,2022,,2.33,3.35,144,55,144,0,Terlambat,0.0004,0.9996
MHS027172,2022,,2.32,2.78,144,61,144,0,Terlambat,0.0,1.0
MHS027464,2024,,3.74,2.41,59,23,95,-36,Tepat Waktu,1.0,0.0
MHS027885,2022,,1.22,3.31,146,59,144,2,Terlambat,0.0,1.0
MHS027949,2022,,0.47,3.25,150,71,144,6,Terlambat,0.0,1.0
MHS024976,2021,,2.42,2.43,149,58,144,5,Terlambat,0.0,1.0
MHS025552,2022,,2.67,2.82,145,57,144,1,Terlambat,0.0005,0.9995
MHS025565,2022,,3.56,2.17,136,51,144,-8,Terlambat,0.0002,0.9998
MHS025638,2023,,3.76,2.24,93,34,135,-42,Tepat Waktu,1.0,0.0
MHS025845,2024,,3.54,2.08,56,21,95,-39,Tepat Waktu,1.0,0.0
MHS025907,2022,,2.68,3.09,148,56,144,4,Terlambat,0.006,0.994
MHS026249,2024,,3.57,2.23,59,23,95,-36,Tepat Waktu,1.0,0.0
MHS026403,2022,,2.64,3.13,149,59,144,5,Terlambat,0.0042,0.9958
MHS026587,2022,,3.19,3.41,150,57,144,6,Tepat Waktu,0.5033,0.4967
MHS026828,2022,,2.43,3.27,147,58,144,3,Terlambat,0.0013,0.9987
MHS026979,2023,,3.65,2.94,108,51,135,-27,Tepat Waktu,1.0,0.0
MHS027039,2023,,3.7,2.82,106,50,135,-29,Tepat Waktu,1.0,0.0
MHS024601,2020,,2.79,2.84,148,61,144,4,Terlambat,0.0052,0.9948
MHS024685,2021,,2.82,2.83,149,57,144,5,Terlambat,0.0028,0.9972
MHS025204,2021,,2.78,2.7,150,57,144,6,Terlambat,0.0009,0.9991
MHS025337,2021,,2.67,3.12,147,58,144,3,Terlambat,0.0099,0.9901
MHS025462,2021,,2.57,2.74,144,56,144,0,Terlambat,0.0001,0.9999
MHS025473,2023,,3.5,2.15,98,37,135,-37,Tepat Waktu,1.0,0.0
MHS026505,2022,,2.61,3.07,149,57,144,5,Terlambat,0.0019,0.9981
MHS026552,2022,,2.39,3.08,146,55,144,2,Terlambat,0.0003,0.9997
MHS026845,2022,,2.43,3.05,147,56,144,3,Terlambat,0.0004,0.9996
MHS027036,2022,,2.39,2.99,147,60,144,3,Terlambat,0.0001,0.9999
MHS027108,2022,,2.37,3.22,147,58,144,3,Terlambat,0.0003,0.9997
MHS027334,2022,,3.61,2.7,141,56,144,-3,Terlambat,0.0294,0.9706
MHS027497,2022,,2.26,3.09,149,56,144,5,Terlambat,0.0001,0.9999
MHS027505,2022,,1.78,3.12,147,61,144,3,Terlambat,0.0,1.0
MHS027545,2022,,2.29,2.94,145,52,144,1,Terlambat,0.0,1.0
MHS027934,2022,,1.32,2.94,152,62,144,8,Terlambat,0.0,1.0
MHS027967,2023,,3.91,1.64,92,34,135,-43,Tepat Waktu,1.0,0.0
MHS028048,2022,,0.39,2.94,146,55,144,2,Terlambat,0.0,1.0
MHS028170,2022,,0.22,2.96,145,57,144,1,Terlambat,0.0,1.0
MHS024670,2022,,2.69,3.32,144,58,144,0,Terlambat,0.0249,0.9751
MHS024995,2021,,3.06,3.07,152,63,144,8,Terlambat,0.2241,0.7759
MHS025259,2021,,2.58,2.96,144,57,144,0,Terlambat,0.001,0.999
MHS025322,2023,,3.58,2.86,103,43,135,-32,Tepat Waktu,1.0,0.0
MHS025399,2021,,2.57,3.03,146,60,144,2,Terlambat,0.0026,0.9974
MHS025695,2020,,2.47,2.47,144,55,144,0,Terlambat,0.0,1.0
MHS026359,2022,,2.5,3.73,145,57,144,1,Terlambat,0.0067,0.9933
MHS026904,2023,,3.65,2.43,99,39,135,-36,Tepat Waktu,1.0,0.0
MHS027290,2022,,2.33,3.13,145,55,144,1,Terlambat,0.0002,0.9998
MHS027400,2023,,3.71,2.2,99,38,135,-36,Tepat Waktu,1.0,0.0
MHS027413,2022,,2.28,2.49,144,57,144,0,Terlambat,0.0,1.0
MHS027610,2022,,2.28,3.11,145,59,144,1,Terlambat,0.0001,0.9999
MHS027657,2024,,3.75,2.12,57,24,95,-38,Tepat Waktu,1.0,0.0
MHS027676,2022,,2.28,2.93,145,59,144,1,Terlambat,0.0,1.0
MHS027685,2022,,2.23,3.05,144,58,144,0,Terlambat,0.0,1.0
MHS027806,2022,,1.51,2.87,147,56,144,3,Terlambat,0.0,1.0
MHS028044,2023,,0.28,2.54,102,38,135,-33,Terlambat,0.0,1.0
MHS024873,2023,,3.56,3.17,106,41,135,-29,Tepat Waktu,1.0,0.0
MHS025046,2022,,2.77,3.11,145,67,144,1,Terlambat,0.0931,0.9069
MHS025058,2021,,2.78,2.83,149,58,144,5,Terlambat,0.0032,0.9968
MHS025101,2021,,2.67,2.79,147,58,144,3,Terlambat,0.0008,0.9992
MHS025320,2023,,3.48,2.03,97,41,135,-38,Tepat Waktu,1.0,0.0
MHS025402,2021,,3.01,3.02,154,59,144,10,Terlambat,0.1657,0.8343
MHS025482,2022,,2.67,2.92,145,57,144,1,Terlambat,0.0011,0.9989
MHS025721,2021,,2.5,2.95,144,57,144,0,Terlambat,0.0006,0.9994
MHS025867,2019,,2.52,2.6,146,57,144,2,Terlambat,0.0,1.0
MHS026070,2021,,2.48,2.8,146,57,144,2,Terlambat,0.0001,0.9999
MHS026342,2021,,2.88,2.08,154,63,144,10,Terlambat,0.0,1.0
MHS026563,2022,,2.51,2.97,147,58,144,3,Terlambat,0.0005,0.9995
MHS026810,2022,,2.5,3.03,148,62,144,4,Terlambat,0.0012,0.9988
MHS026833,2024,,3.65,2.67,59,23,95,-36,Tepat Waktu,1.0,0.0
MHS026928,2020,,0.39,1.88,159,60,144,15,Terlambat,0.0,1.0
MHS027038,2024,,3.71,1.9,57,22,95,-38,Tepat Waktu,1.0,0.0
MHS027215,2024,,3.64,1.68,55,23,95,-40,Tepat Waktu,1.0,0.0
MHS027612,2022,,3.78,3.11,151,57,144,7,Terlambat,0.3993,0.6007
MHS027757,2022,,1.69,3.33,144,58,144,0,Terlambat,0.0,1.0
MHS027944,2020,,2.74,2.89,156,60,144,12,Terlambat,0.0214,0.9786
MHS027997,2022,,0.88,3.17,146,59,144,2,Terlambat,0.0,1.0
MHS028033,2022,,1.06,3.55,144,58,144,0,Terlambat,0.0,1.0
MHS028083,2022,,0.93,3.46,148,57,144,4,Terlambat,0.0,1.0
MHS028137,2022,,0.0,3.29,149,61,144,5,Terlambat,0.0,1.0
MHS024982,2021,,3.13,3.26,149,57,144,5,Terlambat,0.2759,0.7241
MHS025596,2022,,2.65,3.31,145,68,144,1,Terlambat,0.1224,0.8776
MHS025646,2022,,2.63,2.94,145,58,144,1,Terlambat,0.0009,0.9991
MHS025664,2022,,3.44,3.43,142,50,144,-2,Tepat Waktu,0.8044,0.1956
MHS025710,2020,,2.21,2.2,144,56,144,0,Terlambat,0.0,1.0
MHS025918,2024,,3.51,2.39,60,23,95,-35,Tepat Waktu,1.0,0.0
MHS026052,2024,,3.57,2.22,57,22,95,-38,Tepat Waktu,1.0,0.0
MHS026438,2023,,3.54,2.16,100,43,135,-35,Tepat Waktu,1.0,0.0
MHS026917,2022,,2.44,3.54,148,60,144,4,Terlambat,0.0038,0.9962
MHS027011,2022,,2.31,3.29,146,56,144,2,Terlambat,0.0003,0.9997
MHS027276,2023,,3.64,2.1,94,38,135,-41,Tepat Waktu,1.0,0.0
MHS027533,2022,,2.29,2.82,145,54,144,1,Terlambat,0.0,1.0
MHS027535,2022,,2.29,2.98,145,55,144,1,Terlambat,0.0,1.0
MHS027569,2022,,1.72,3.24,147,58,144,3,Terlambat,0.0,1.0
MHS027643,2022,,2.25,3.25,144,55,144,0,Terlambat,0.0002,0.9998
MHS024871,2021,,2.68,2.95,147,55,144,3,Terlambat,0.0022,0.9978
MHS025139,2022,,3.52,2.85,135,52,144,-9,Tepat Waktu,0.5367,0.4633
MHS025483,2024,,3.53,2.29,57,22,95,-38,Tepat Waktu,1.0,0.0
MHS025563,2021,,2.56,2.64,146,56,144,2,Terlambat,0.0,1.0
MHS025764,2021,,2.55,3.05,146,57,144,2,Terlambat,0.0013,0.9987
MHS025812,2021,,2.55,2.6,146,62,144,2,Terlambat,0.0001,0.9999
MHS026154,2023,,3.52,2.79,108,51,135,-27,Tepat Waktu,1.0,0.0
MHS026255,2023,,3.64,3.02,102,39,135,-33,Tepat Waktu,1.0,0.0
MHS026356,2022,,3.75,2.35,133,50,144,-11,Terlambat,0.0238,0.9762
MHS026567,2023,,3.61,2.52,98,38,135,-37,Tepat Waktu,1.0,0.0
MHS026717,2022,,2.36,3.19,146,55,144,2,Terlambat,0.0004,0.9996
MHS026985,2022,,2.41,3.3,147,58,144,3,Terlambat,0.0008,0.9992
MHS027149,2022,,2.88,3.39,158,64,144,14,Tepat Waktu,0.7741,0.2259
MHS027170,2024,,3.72,2.63,58,22,95,-37,Tepat Waktu,1.0,0.0
MHS027196,2022,,2.31,3.06,144,57,144,0,Terlambat,0.0001,0.9999
MHS027626,2024,,3.78,2.48,59,23,95,-36,Tepat Waktu,1.0,0.0
MHS027635,2022,,1.67,3.04,147,59,144,3,Terlambat,0.0,1.0
MHS027951,2022,,1.07,2.78,147,51,144,3,Terlambat,0.0,1.0
MHS024797,2024,,3.47,2.28,57,22,95,-38,Tepat Waktu,1.0,0.0
MHS024823,2021,,3.58,3.39,149,58,144,5,Tepat Waktu,0.8046,0.1954
MHS024864,2021,,2.78,3.18,148,61,144,4,Terlambat,0.0326,0.9674
MHS025647,2024,,3.5,1.8,56,22,95,-39,Tepat Waktu,1.0,0.0
MHS026071,2023,,3.64,2.89,105,44,135,-30,Tepat Waktu,1.0,0.0
MHS026188,2022,,2.53,3.47,145,59,144,1,Terlambat,0.0083,0.9917
MHS026289,2022,,2.51,2.7,145,57,144,1,Terlambat,0.0,1.0
MHS026718,2022,,2.36,3.2,146,55,144,2,Terlambat,0.0004,0.9996
MHS026898,2022,,2.33,2.79,146,56,144,2,Terlambat,0.0,1.0
MHS026966,2022,,2.33,3.17,144,55,144,0,Terlambat,0.0003,0.9997
MHS027244,2022,,2.99,3.06,152,62,144,8,Terlambat,0.1304,0.8696
MHS027254,2024,,3.54,2.69,62,25,95,-33,Tepat Waktu,1.0,0.0
MHS027494,2022,,2.28,3.16,148,60,144,4,Terlambat,0.0001,0.9999
MHS027809,2022,,1.49,2.91,146,60,144,2,Terlambat,0.0,1.0
MHS027867,2023,,3.81,2.97,108,51,135,-27,Tepat Waktu,1.0,0.0
MHS027937,2022,,1.06,3.2,146,50,144,2,Terlambat,0.0,1.0
MHS027976,2022,,2.89,3.27,154,58,144,10,Terlambat,0.1331,0.8669
MHS024583,2023,,3.54,2.91,104,45,135,-31,Tepat Waktu,1.0,0.0
MHS024730,2024,,3.57,2.29,58,24,95,-37,Tepat Waktu,1.0,0.0
MHS024773,2022,,2.66,3.05,146,63,144,2,Terlambat,0.0053,0.9947
MHS025033,2023,,3.6,2.73,101,39,135,-34,Tepat Waktu,1.0,0.0
MHS025187,2020,,1.82,1.89,144,55,144,0,Terlambat,0.0,1.0
MHS025644,2022,,2.71,3.32,148,60,144,4,Terlambat,0.0309,0.9691
MHS025841,2021,,2.49,2.72,144,56,144,0,Terlambat,0.0001,0.9999
MHS026598,2022,,2.39,3.32,144,59,144,0,Terlambat,0.0012,0.9988
MHS026628,2024,,3.61,2.21,59,23,95,-36,Tepat Waktu,1.0,0.0
MHS026742,2023,,3.75,2.69,103,43,135,-32,Tepat Waktu,1.0,0.0
MHS027060,2024,,3.68,2.37,59,24,95,-36,Tepat Waktu,1.0,0.0
MHS027178,2022,,2.54,2.64,149,56,144,5,Terlambat,0.0,1.0
MHS027236,2022,,2.32,3.18,147,60,144,3,Terlambat,0.0002,0.9998
MHS027520,2022,,3.67,3.4,150,61,144,6,Tepat Waktu,0.8256,0.1744
MHS027655,2022,,1.93,3.1,148,60,144,4,Terlambat,0.0,1.0
MHS027661,2022,,2.25,3.35,144,55,144,0,Terlambat,0.0002,0.9998
MHS024621,2023,,3.55,3.02,110,51,135,-25,Tepat Waktu,1.0,0.0
MHS024848,2022,,2.66,2.88,146,58,144,2,Terlambat,0.0007,0.9993
MHS024888,2020,,2.84,2.86,156,65,144,12,Terlambat,0.0646,0.9354
MHS025028,2023,,3.6,2.96,112,52,135,-23,Tepat Waktu,1.0,0.0
MHS025472,2022,,3.41,3.48,141,54,144,-3,Tepat Waktu,0.8235,0.1765
MHS025524,2023,,3.46,2.39,100,44,135,-35,Tepat Waktu,1.0,0.0
MHS025554,2023,,3.48,2.35,100,43,135,-35,Tepat Waktu,1.0,0.0
MHS025705,2022,,3.06,3.07,152,58,144,8,Terlambat,0.1302,0.8698
MHS025909,2022,,2.55,3.24,145,58,144,1,Terlambat,0.0043,0.9957
MHS025947,2023,,3.62,2.74,105,44,135,-30,Tepat Waktu,1.0,0.0
MHS025965,2021,,2.48,2.86,144,57,144,0,Terlambat,0.0002,0.9998
MHS026010,2022,,3.11,3.31,149,69,144,5,Tepat Waktu,0.8596,0.1404
MHS026351,2023,,3.66,2.86,106,44,135,-29,Tepat Waktu,1.0,0.0
MHS026363,2022,,2.5,3.4,145,57,144,1,Terlambat,0.0045,0.9955
MHS026910,2022,,2.34,3.24,144,54,144,0,Terlambat,0.0003,0.9997
MHS026993,2022,,2.4,2.83,147,60,144,3,Terlambat,0.0,1.0
MHS027227,2022,,2.35,3.29,148,60,144,4,Terlambat,0.0004,0.9996
MHS027335,2022,,2.27,2.6,146,61,144,2,Terlambat,0.0,1.0
MHS027586,2022,,2.11,2.95,146,60,144,2,Terlambat,0.0,1.0
MHS027751,2022,,3.72,3.03,153,57,144,9,Terlambat,0.3718,0.6282
MHS024808,2020,,2.34,2.34,147,56,144,3,Terlambat,0.0,1.0
MHS024925,2022,,3.45,3.45,143,58,144,-1,Tepat Waktu,0.764,0.236
MHS025226,2021,,2.66,2.66,149,59,144,5,Terlambat,0.0001,0.9999
MHS025252,2021,,2.67,3.44,147,61,144,3,Terlambat,0.034,0.966
MHS025577,2020,,2.63,2.62,149,59,144,5,Terlambat,0.0001,0.9999
MHS025708,2022,,2.61,3.27,145,68,144,1,Terlambat,0.0748,0.9252
MHS025733,2024,,3.51,2.26,56,21,95,-39,Tepat Waktu,1.0,0.0
MHS026031,2022,,3.66,1.27,126,48,144,-18,Terlambat,0.0,1.0
MHS026556,2022,,2.39,2.83,146,55,144,2,Terlambat,0.0,1.0
MHS027081,2024,,3.72,2.43,58,22,95,-37,Tepat Waktu,1.0,0.0
MHS027728,2022,,1.88,2.85,145,50,144,1,Terlambat,0.0,1.0
MHS027755,2022,,3.89,3.07,151,64,144,7,Tepat Waktu,0.5498,0.4502
MHS027891,2022,,1.57,2.87,145,51,144,1,Terlambat,0.0,1.0
MHS028025,2022,,1.11,3.75,144,58,144,0,Terlambat,0.0,1.0
MHS025151,2020,,2.28,2.22,147,61,144,3,Terlambat,0.0,1.0
MHS026030,2021,,2.5,2.85,146,61,144,2,Terlambat,0.0004,0.9996
MHS026073,2022,,2.59,3.01,147,69,144,3,Terlambat,0.0203,0.9797
MHS026689,2022,,2.36,3.2,146,55,144,2,Terlambat,0.0004,0.9996
MHS027156,2022,,2.3,3.1,146,56,144,2,Terlambat,0.0001,0.9999
MHS027188,2022,,2.36,3.02,148,57,144,4,Terlambat,0.0001,0.9999
MHS027256,2024,,3.74,2.31,57,24,95,-38,Tepat Waktu,1.0,0.0
MHS027336,2023,,3.75,2.86,105,44,135,-30,Tepat Waktu,1.0,0.0
MHS027397,2022,,2.26,3.21,146,56,144,2,Terlambat,0.0001,0.9999
MHS027511,2024,,3.8,2.01,58,22,95,-37,Tepat Waktu,1.0,0.0
MHS027556,2022,,2.26,3.14,148,60,144,4,Terlambat,0.0001,0.9999
MHS027774,2023,,3.81,2.84,106,50,135,-29,Tepat Waktu,1.0,0.0
MHS028093,2022,,0.91,3.6,144,58,144,0,Terlambat,0.0,1.0
MHS028125,2024,,3.92,2.2,58,25,95,-37,Tepat Waktu,1.0,0.0
MHS028161,2022,,3.88,2.7,153,57,144,9,Terlambat,0.0291,0.9709
MHS028243,2022,,3.47,2.09,113,47,144,-31,Tepat Waktu,1.0,0.0
MHS025014,2021,,2.1,2.15,147,55,144,3,Terlambat,0.0,1.0
MHS025109,2020,,3.05,2.77,153,60,144,9,Terlambat,0.028,0.972
MHS025137,2019,,2.6,2.81,144,57,144,0,Terlambat,0.0005,0.9995
MHS025270,2022,,3.36,2.89,142,57,144,-2,Terlambat,0.1206,0.8794
MHS025878,2019,,2.18,2.04,144,58,144,0,Terlambat,0.0,1.0
MHS026220,2019,,2.39,2.39,144,60,144,0,Terlambat,0.0,1.0
MHS026443,2022,,2.54,3.24,147,69,144,3,Terlambat,0.0464,0.9536
MHS027456,2022,,1.92,2.86,147,58,144,3,Terlambat,0.0,1.0
MHS028018,2022,,0.72,3.0,146,56,144,2,Terlambat,0.0,1.0
MHS028221,2022,,0.11,2.92,155,59,144,11,Terlambat,0.0,1.0
